-BAVFwWaKkc,103.849,1663.640125
-DwTfNcuMjg,12.049,3708.25
-GzKWe9Kls8,56.902,3629.139625
-bGu3BcT3F0,55.198,2221.2905
-eOEBFpcyXw,44.196,2955.90025
-i3qsfSnuCk,27.253,2679.722125
-j6m1rufHeo,29.869,2839.498625
-vIOA7Rhds8,8.792,1644.3675625
-vT-NpZtANQ,8.691,1646.2948125
-zgZP8m9A3E,17.364,907.2965625
03aniyx2okgfyz153ukz3kyh5hks,23.051,1375.164125
04VGJRqeOFQ,88.847,2348.768125
06a3hYjgaKo,9.804,2975.1031875
0AJQqmGGn5c,18.799,1740.9625625
0Is8iscse1k,66.319,3808.026125
0LvX_FgA6Pk,6.328,1187.4453125
0VREXFzVv7A,163.333,4808.875875
0bpumdhi5rqexcistvzekx1w5cez,55.873,4456.4375625
0mt88oi7nmswonaqqouesxtfopv8,22.967,1508.049
0u2BIS6U2xs,11.374,2514.349625
12f90iBAbSY,10.192,2279.1314375
13rs9sa5qtxyxez0ad9fn8vc7p6i,83.565,3127.19675
19tsvg4Yfoo,0.624,3053.86525
1GkVO47sXHA,17.702,2110.740375
1Oy7tzeXeGc,9.247,1920.986875
1PTysti9q0Y,88.492,1420.0385
1T9fWJQuEKc,72.698,4368.6255
1YE21Rm0Gnw,53.662,3634.06225
1YGQFZli_1A,897.379,1910.166375
1ZqwdmR0Vz8,18.023,2232.2735625
1iw5QPQfeU4,8.303,1662.17725
1kUNKmJ8pLE,5.147,2237.265875
1qOsx7rJ68M,37.716,2512.9331875
1sdrdV58VgA,13.011,2131.7260625
1soqF99ck4k,64.361,3927.1445
1yRXD45xT0s,73.929,3653.96175
1zGiW9ehvKk,25.549,3033.3155625
2-2o35tChCM,17.601,2186.3676875
23O89ryasdw,102.516,2224.05375
25r1c04ecjigpip0ttihwl03dsvt,12.15,997.355125
26kCYXMp7Wo,11.964,2187.90025
29emw5IkvyE,12.083,553.3083125
2DU7MCpI11A,8.117,2732.1991875
2FSG87bn_RI,205.841,3908.5685625
2RYF_g12m8c,54.388,2024.547875
2SbxogXOxqE,0,411.2021875
2TMyuC5uvTs,0,678.278125
2bc4MIwFLDk,0,1600.73725
2eDvg_8OZ-8,15.39,560.785125
2hwd0vn5h2nlxrlc64lczropsvos,205.757,4470.2825
2iyxp9UQiSE,43.436,3538.140625
2nmkpnc0ldp9ctz6elehm48b4juw,73.896,2843.7681875
2v0EMhlpARI,15.879,1966.8695
39G3BAQbmqQ,28.215,2196.329125
3AdsEnKt3Pw,19.676,1694.22075
3Bk1u2WBFi4,12.116,1059.851625
3GcKFgcjM48,30.729,1633.2633125
3R-2VHjenIc,168.362,4067.9503125
3SQ5hNHqjmI,18.411,1956.2811875
3UlA1RIiP98,5.096,2261.252125
3e825a7b-7b0d-c9b6-dbd6-ccfa2eae2c4c,83.599,2220.969375
3e9s8qzoz6nokt31hau5kmoqoitg,54.338,3223.249
3lphjqwo03rjv0y24lbni58ysj58,22.883,1326.3935
3ni3xzv3evyw5ungn0eb5whg62vx,37.513,1569.410625
3skuWWohf0M,5.198,1668.0055
3vYDSSqQmss,10.648,1757.4255
3xzHNTOgtwU,25.009,1783.73375
3yr1y7a6v0kfgjmn9rhwiyxyh1y9,44.044,1680.9535
44Qbld2v47M,96.474,2731.897375
475nM-abLkw,43.403,1603.8719375
4HmjmLgB6-s,22.376,4122.7261875
4ekdabgvLA0,68.243,4196.008375
4exyVeyesY4,154.541,1898.8815
4fzx4gYlbYc,48.026,2479.828
4mfy4boea43stvflt8pgdi27leey,100.828,2966.4653125
4pmh6h2h6j5uz01s1txumkm3893h,21.971,1919.5298125
4s42edse3zpytozv4h5atsmibg3a,19.102,1746.4425
4tnXFF75_VA,39.994,2103.774375
4uvl3KzRLVg,46.288,2585.054375
4xlev93o3yx0z76l0nhl7quavmpg,36.231,1436.52575
50RPsJEfyU8,32.4,976.399125
55rignewh6nfc5j2awz22fubypcu,87.497,3199.6865625
5BTVIIoaAzE,10.749,1768.2228125
5BcpYb3rwdA,12.926,2779.49825
5CMso6QidHA,144.349,3766.02125
5CeQTtvPCmo,58.522,3672.49125
5CoYDbJuO1g,29.497,2365.347125
5IxJJT80lLo,95.766,3762.74725
5KOHoPOHJ4E,85.084,3465.6246875
5McQ1VW5KeI,297.034,2344.7278125
5_3xIKbW4Jw,36.416,1708.5939375
5mhghrp0rpy70rqarjx4c6p94hwz,45.141,1708.016375
5owBCUS6iwA,64.834,2888.0979375
622c9c5a-48f4-54d9-e726-d67c7076722c,51.654,1992.7226875
62p19-tOtoM,9.231,1237.4610625
65WJLvbwUhU,31.657,1498.5926875
66jfp6373ttw2s479b929oke3d8v,32.299,1342.3804375
6G6U8VC4a2I,284.934,2351.2990625
6HgmVVvKkAI,67.011,2297.0108125
6Sl4OB90Yzs,76.613,2355.01425
6cZzBiDJhBk,20.993,3006.9376875
6h70zbvbpdxsgi055adp4fc55kp5,18.799,1046.2825
6iG7yW2G3Ro,22.376,1265.1625
6n2kheyar8eugdl4r3jlauf299jp,16.149,1380.049
7-NphbsAuJE,55.755,2690.171125
797EyqVof6w,0.506,1736.76625
7K_z0AZPGoM,23.034,3782.06625
7L2kjei-gac,35.505,2216.484
7LuhEMk1kFQ,104.102,2410.44025
7RJHNdicxFg,11.104,2577.97225
7RpCIXjot3A,1.738,1618.6579375
7W8-RdReKZg,9.821,1538.2988125
7aI0zhDmf4U,27.726,2587.05125
7eXOlhruLOQ,60.531,1438.1046875
7hx8a0Zoq0k,236.638,3832.0355625
7lVG5Eu6Pa4,22.309,1826.690625
7n329z_zo1c,5.451,1388.7623125
7ptjb_5CCI4,86.653,2589.0315
7q53st72TRU,10.969,1725.6555
7wFL_SS3afM,40.652,1248.1985
7wWxtkL-vc4,8.049,1771.9909375
8-bAzcmmz8A,97.116,4400.344
81f23noje2mygqpgylyyoewzvngj,20.115,1366.6481875
85bAOFBClg8,46.491,3567.003
8957gh7m9ek9u1zvq53ezeb1rl5t,45.866,1157.0416875
8Fm6euPt7T4,4.387,2612.6164375
8POVvEIzPMM,41.327,2296.5231875
8VEpn2o88tE,73.187,3749.8601875
8dFSX1HQMWs,15.761,2314.147125
8ejWNITA-qc,0,508.215125
8qpp2rpg97ay7gp3r8j89a5l7prr,24.334,3653.7730625
8qsFB3y2aCI,97.284,1666.4910625
8x53iipbzlg,75.178,4025.6668125
96j7nvfFcgU,22.359,3229.6170625
9DA58BHVpkg,22.072,1785.335875
9J6HsEtGHLw,13.567,2460.15425
9K7G64UcFzY,5.738,2340.2928125
9VcOvTUFi9I,34.627,2585.89675
9WsMjhOWeD4,209.284,7116.2891875
9Yu_uD8Xj5c,5.94,2311.4949375
9_wfIF7CXzo,31.404,2369.410625
9be-A2cfQFg,10.564,1841.6675
9fgxUZrZ1g0,81.321,3885.4879375
9h2xS7tBw9Q,22.579,3605.66425
9u494kmuj67qrxebmf3m5sft5xbg,107.376,3379.644125
A37XDqoSPF4,29.194,2002.2799375
A3tVkdQzpQE,17.364,1782.085125
ADc1z30t9oM,30.898,2523.7304375
AGw0lIZZA8c,17.398,3641.0514375
AHlbXhj5GFo,78.047,3663.737375
AO8uOSj8RBI,17.753,2551.13
ATWG1hyG7sE,2.008,1742.014
AWjn6D4UeQM,132.587,2462.569125
A_68QSdEW4k,15.069,2604.930625
AjA0I79EfJs,213.384,1739.0585625
AkKB-46QTfg,6.142,1566.2156875
AngCqq7eBlw,47.284,2079.0915625
B-Arnr-pMiY,71.482,4476.2964375
B3ltUJFCYQw,156.262,4551.4826875
BP8OGIsfAzY,88.054,1669.0039375
BRlNL3WrNV4,392.141,4482.44975
BYLp8Qc_xgE,0,1538.13625
BYcojc4JkaE,26.123,6103.4579375
Bak9lyLQLiI,6.092,1645.876875
Bfdmbu4Emt8,7.847,1744.51525
BnmEr1HOVOs,62.032,2615.7975625
C0-VicxLBXs,3.797,2303.535625
C9UN49SPbQY,11.897,2190.4776875
CV0wweYHK9k,19.322,3479.4638125
CXYk2kY_pNo,5.991,1808.0681875
CfxUJ3WO6TI,8.083,2114.5484375
CpzlLIeNcVs,11.526,2159.386125
Cvfkflsl7Fs,68.597,2194.401875
CzKzpNlRNf0,13.551,2662.6554375
D3tW8MeodAw,28.89,3485.1526875
D5pUc9PHLZE,13.568,3537.8155625
DAJtLG_jtwE,20.874,2487.4376875
DO08taKyjpM,75.296,2366.7635625
DTbnXzWlPSQ,2.363,1453.615625
DU4Q9k4Z9L8,46.254,2345.6334375
DWT1lpffK-Q,18.748,2086.4290625
Dh4S-Wq4YPc,22.967,964.53375
DwQaqtHbPOU,116.235,2242.267875
E-l3tXLaHGI,15.626,2579.5976875
E1uI6QoClUQ,5.147,3666.059375
E6RiICO8y5s,160.042,2605.41825
E8Ik5CT7j4o,31.185,1783.222875
EALv-DEa1U8,23.406,2321.317
EEzSIDiiB-E,12.403,2420.030125
EFmUlaamlYg,130.174,2609.69075
ENcRijTniP8,0.321,641.4976875
EfRWyXQvIr8,65.441,1693.8260625
EkCsBN1ut_Q,11.947,2459.5273125
Em52jVkKh_A,48.499,2567.7090625
F7IgrktK7AU,40.973,2401.8489375
FJ_ehPesBcw,31.388,2516.2136875
FLl-CyZ8fKU,72.411,2679.2345
FVH-WiVEibo,1.249,3539.4641875
FX6dhO7z1kU,272.953,3683.4046875
Fk22HhtyZbE,30.375,1771.54325
Fo05A3AQ7Qo,11.256,3611.864
Fx69dQtBQhs,149.631,1702.18525
G-dPmsTRetc,148.399,3093.7106875
G7pn8c2g4_o,145.682,1862.263625
GAz5yVL8u0k,511.346,2052.45825
GBJcN5urGg8,3.645,2323.8995625
GGpdrzz7ogc,11.391,1789.70775
GJx4SCpHv7s,37.108,2817.4396875
GNSOTd11cNk,33.919,2444.596875
GSztF3k0nio,54.523,2522.430125
GUIHVB2oHtc,27.506,1058.999
GasCn0OIHYU,28.468,1601.5731875
GbkFvbIsriQ,8.151,1736.4528125
Go1C5habCRk,3.898,1586.27125
GvFsysP4Be0,21.786,2186.3909375
H-m31_qfHzY,2.109,2347.51425
H2mhxGAlWLw,1.941,1529.6841875
H6oj3uQ7FNI,41.833,2679.2809375
HOtgAFx20TQ,61.408,3919.99275
HXyGibH99IU,10.53,1650.8291875
HtXL2a84I7s,7.627,1805.4211875
Hwhrhj3Jr-g,28.08,3705.4868125
I--555lkaY8,20.655,2529.6979375
I1MpiQiLNlo,86.181,2410.2545625
IAsmP-0_Mf4,78.131,2968.0675
IL7FWjKo964,25.616,3174.3768125
IMJdLp2-KSQ,11.138,2403.195625
IS95CUXpHEk,17.719,2194.65725
IZ-xgqC3vpc,22.545,1321.8191875
IocupJ7YhXM,3.864,611.3814375
IpLHgualsHA,29.143,1724.5228125
IvUS6TOKnVw,81.388,4194.5919375
IxzTQu97LKE,19.777,2522.848125
J-VQMik8LZE,10.648,3464.2083125
J55fwR_Xwic,18.951,2333.2636875
J7LqcOBmaYs,77.051,2001.46725
JEWbpuOcnQ4,17.246,2689.938875
JFjNzaIpqjk,54.489,2770.0709375
JP5jV6SdY2g,114.413,3700.7499375
JPpHU6itEiw,6.986,1499.3125
JVFG4-IkmaE,22.849,3663.528375
JZh1R_iHqF4,14.833,2528.9085
JiqEKwUCTQM,50.642,1416.2083125
JwHLGW8jZyk,11.003,2580.29425
K8UqiCxzLCg,169.071,2546.0680625
KLJtmsu2nfw,31.32,3666.0129375
KMLzj-cicAk,122.614,1506.9291875
KUO5TDzc4Eg,31.961,2823.73225
KYBr2coawjY,2.582,1414.9376875
KYUqOOXbfd4,5.889,1498.2973125
Kq85mau3ooM,21.836,4052.4625625
Kzjq-KxoFao,45.174,3735.579875
L9z1D9k-kGQ,243.979,3593.6363125
LG7md0RU-xo,10.159,3567.6531875
LI2Ke74xO3c,19.322,1855.320875
LK0yrG-SGTg,7.509,1710.1496875
LN7yx6k6c_U,166.286,1662.479125
LPxuSEV_wlk,141.497,2780.2876875
LQrqDdefSfg,38.441,1422.315125
LXpPLqvaaKs,170.859,4319.56175
LZz5FLgs5EI,69.339,2037.778125
L_xJ6z_Nun0,97.014,1314.319125
LmAoNYId7q8,63.062,2385.9896875
LovzvRZOBDg,36.585,2280.733625
LsXldwI6N0Y,73.086,4033.5615625
LyMqy98jFSQ,56.464,3723.412625
M1Z0z3-aonI,2.261,1918.2005
M6IQYbSnv94,3.679,2610.4105
ME9j_EZkMuM,108.118,3857.415
MIvP-nz2QXQ,20.874,3617.9011875
MMP07RR-XsU,474.981,4103.1053125
MQNhii9E5EE,57.122,1686.5814375
MSDd2pJSymY,15.339,2689.938875
M_eui3Z2mX0,3.122,1715.9728125
Mbh4NOfAS6s,1.839,1798.6176875
Me9aO38zRqI,31.776,1789.1040625
MfOzSm87mAI,17.364,3755.5490625
MjcGxdggGes,18.681,1531.4489375
MkKyrlM3pgg,20.233,2959.7779375
MpFWjczF5NI,143.421,3588.9923125
N9V5p_DNWMU,0,1127.6539375
NEDisX4TA9Q,29.126,1419.343
NGGiTjeKcOk,19.457,2177.358375
NVO8J0LgSfs,10.665,1956.65275
NgZvwwPFs54,130.309,3773.1498125
NiNmICd8WdI,0.675,885.284
NnhZYRKDU6Y,7.914,2629.6366875
NwtZ61zmMjU,11.542,983.04
OCrUEi_8uT0,32.619,1754.5759375
OEvTon7rbiw,3.561,2352.52975
OF0tnwdTu0k,3.426,1832.0776875
OPH38sHHrH8,7.459,1823.021875
OR5SccoFwGA,18.562,2338.1333125
OcmuHH0o1KU,31.168,1356.635875
OiogXYS3Sq8,17.837,3525.4160625
Oub2SnKeMkg,9.011,1759.7010625
PG6Ea0ozYoE,35.792,3832.2678125
PU1FXStBTNQ,18.546,1773.6795
PeveTgkG2lo,50.608,2663.4216875
Pll6xsWIR7w,78.283,4049.6994375
PnaSIHXZZx4,4.995,1695.892625
Pq04DLEAOuc,4.691,1670.0720625
PsMnb20z_9o,31.219,2796.611375
PwwtJv8byqo,3.426,2300.4009375
Q8rEbGGdf48,10.918,1494.2505
QD3JB4jhtYM,9.231,2620.0468125
QI5ECmk8xgo,8.539,1581.62725
QTy2RObv310,9.804,2077.5358125
QW8LpINn46E,39.234,2639.24975
Qk1zwGX-Hxk,45.714,3653.985
QkbKSwhGLXA,19.305,2351.5776875
Qmtron1lBFY,6.109,2198.4885625
Qtd0PTTbSgM,2.025,1518.910125
QwPIWw551y8,7.104,2620.023625
QyYBq7ch738,273.982,2373.3580625
QyjcdD6bHPg,113.569,1827.9676875
QyvECK01HEk,77.827,4418.385875
RM2o2V_CM-U,43.622,1341.5329375
ROeswfAZmBI,19.761,2146.174
RRxT-s2BQ5Y,10.716,2730.063
RW0wV6OeY1M,3.561,2471.7641875
R_LDJr8rkH8,4.944,1635.6600625
Rr16NStam6U,95.074,2655.852
S-ThBouJCSQ,6.041,1717.7658125
SH2pFNNLZ84,2.852,2418.237125
SIj0I6c6l44,92.593,1361.1073125
SMiPLUvuarw,18.698,1796.162875
SbMFvxjFE7s,6.379,2129.92
SdBHPcrG6M0,1.063,2255.35425
SdnzP9m8dmU,42.592,3742.7780625
Shemy3fTHdw,39.926,2681.8119375
Shn5BIdyVxM,10.125,908.387875
Sk8Lisf4Ru4,6.986,1532.8718125
Slt6I5YInQ8,8.252,2227.885
SnblI8NVVw8,25.38,2781.4255
Sxpn7sfddSY,4.067,1468.19775
T1BGi3UKJ1s,6.277,1782.5030625
TEE3t1fxKBQ,46.811,2701.734625
TFruXrimqeY,1.519,1085.8091875
TKmZ4H3ea-4,45.039,3644.30225
TL0ErCOAQX8,13.972,2606.300625
TOZw9hq-wCk,47.638,2327.98625
TTfbiiLC-Sk,41.394,1033.961375
TY2J-cVIrzQ,24.503,1789.5386875
Tc_NWyg9AfM,0.439,1760.0958125
TjjUd_Xng7Y,372.87,3237.0939375
TyvFZ_a2KVE,189.219,4852.2739375
U4Vn_pWQ1KA,181.524,4205.482125
U6Z68NxcGv4,105.249,1548.701375
UDKCpdkYCMg,25.093,3954.7298125
UQMaY7IWrGc,27.776,2370.966375
UWgT1FJP8_4,31.472,4047.8883125
UnVl78Qu5dA,515.717,4045.310875
UsohIUsbnr4,6.514,3629.0235
V3b_iuVl370,20.723,2145.129125
VGoroNkJRNU,11.846,1305.240125
VNupsXQLpoc,243.557,5647.1626875
VVadv1MzMD4,34.762,2781.146875
VsjmQPK75YE,6.446,1564.63025
VuYBjowxqMU,45.073,1134.225125
VxA127-u-HU,1.806,3648.249625
W9yHidY6xjQ,14.833,2242.1420625
WD-I2uxRI9k,40.77,2417.8939375
WDaIsjYD85A,215.359,2130.6630625
WEmUt1J-Z-I,56.953,2514.2748125
WVC2Q64Y3X0,130.629,3260.964
WVdSo6Ekx1Q,50.271,1737.3170625
WWI2vaaRcQ0,76.444,1280.111
WXZPgTjqq0k,52.481,2233.2720625
We-_pvy6YIU,42.053,3704.0471875
WhYyDr71bJw,7.273,1718.538625
Wk50micSuxk,19.372,1793.5093125
WqwaRbNf9o0,3.831,915.353875
X4p6CPC6AlY,34.476,2211.753625
XDg6iJT078s,8.573,758.642375
XFc_pWUp41k,72.832,1422.9420625
XG3SGRxbFG8,23.338,696.3665
XIcjS9MlGnQ,2.852,1786.404
XKcWvMTcCCQ,7.628,3580.818875
XL02t9HtYf4,80.882,743.294
XMfo8ZfxIPc,0.236,1662.688125
XVIZv_VBnzU,100.322,3485.1526875
XhTON07OgMM,0.388,1253.831125
XkNhA72sjHI,26.173,2410.092
XpKRpTgIG3s,26.578,2391.95725
XvM55xT4YmE,48.651,3685.05325
Y-x8yLritD0,2.801,1667.7268125
Y0LjNFxO4ek,159.874,3671.0465
Y19Tz7peHIM,195.767,1617.9665
YJ4tKBU8Cuk,68.074,1781.0401875
YKwh2pwSfjU,54.81,3571.739875
YMKbk0dU6qw,0.81,1586.9743125
Yb7oNOT1FCc,1.704,1390.736
Ylp6sUptALM,21.161,1196.059875
YvgYr4GwvXU,212.861,4027.1528125
Z5WqNaD58Lo,69.694,4212.0533125
Z8_oYuezbEM,16.723,2531.137625
ZA8ram3hrUM,126.529,2118.7744375
ZARHUFKXzT8,5.079,2633.65375
ZBEnwRqw_LQ,101.959,2367.3673125
ZGreRR_t9cw,11.07,1785.4585
ZSuI_SPMEwQ,2.784,1372.067125
Z_awsPGjzvs,14.259,3809.1175
_3yU47k32ZE,13.652,2502.530625
_CA6SHkwUYc,3.24,2454.651125
_Eo7rddOMWg,207.546,2917.2158125
_HDjwZNaIQw,14.074,1659.69275
_HSYmZu-eFk,8.117,1536.621875
_SO4y_wDomU,1.316,1805.3283125
_TlHJ2q7FHo,23.102,845.2760625
_Uc1vJ0N1Iw,4.202,278.61625
_W9674WsvYY,363.319,3360.795875
_XDK0rfCcUc,12.217,5687.4493125
_ZKy4J9SF_o,65.07,1339.345125
_aHoZdQMdtE,2.43,1737.7814375
_bmdbu9NXrQ,16.082,1754.75525
_hbqjdSn72U,9.264,2088.96
_pLx3wYchDA,46.035,2154.8350625
_zSCgMmoCGU,7.543,2255.7489375
a-yQb-LDoa4,14.867,2646.982
a1us4y0oc10,68.884,8310.375375
a5snCLJlynA,2.396,2423.3738125
aZGsdF_SzJA,46.423,2298.9380625
aao11ghn3l9ae219zd0bnsygdyjx,21.735,1032.25475
acWxcqREkxc,71.229,3598.791125
adwYr3fZzIE,0.557,2581.0605
agied63xvvl6z1o5kah1si9q936d,27.591,1417.32575
ahnoWBEOjRo,3.24,1553.9955
akUv_8nmLDw,2.312,990.875875
alom7ju8zcvw4fwpnxmqd10p2ofc,19.119,3226.958375
amxT3UT4T5U,42.677,1110.773
anL1fBilB5M,99.343,2434.6819375
asVY0HeDm58,12.876,754.1376875
atppa0zPpYo,25.177,2226.3060625
awT6LXSHvg4,16.268,5332.4161875
bA0UldpzdKA,17.634,4072.9658125
bA7pat2AiFM,69.255,3503.6125625
bF4OQ8prtV0,10.648,2463.2889375
bNDFHRBJahQ,68.664,2715.464125
bYM9BeUIzZ8,82.755,3820.0540625
bdJxO-BZ64Y,10.361,2312.9396875
beEof4a3ANE,43.639,2499.9996875
bgYu0ZF3opQ,54.709,1127.2359375
bkpm235bq6t2p3kf57odn2doh3w5,176.479,3699.0955625
bmsumsUSz9M,25.65,1776.373
bosQlZGJ-rM,11.644,839.981875
brNWKMYUVkw,91.024,1160.2411875
bx6oUWuTLm0,8.471,2582.24475
bzMSSZn6FJE,3.223,1439.9390625
c0iFIQ4Q60s,16.892,3020.82325
c91izn76d785trkjvinsjbwc0asi,45.023,1310.8245
cAJn6sL5Ynw,9.939,938.3648125
cH9VIGAhkyE,18.883,2490.967125
cITU5gypkDc,5.198,2053.6889375
cMnZNmbnyXI,7.29,2216.8555625
cMrNx8HCYb8,86.754,4117.87325
cSLt7i1UHRE,104.169,3864.079125
cY4dYteEJ4s,165.088,4541.4980625
c_-kYZDU9pY,6.126,3663.8766875
ca_gafrww5I,72.681,3757.987125
caaibikmbzk,7.763,3547.776875
ce5i5p75hkhc6ur0u549pv1kzwe3,200.779,3095.7191875
chnfzs9kgimv0fl1fegkrv9dmdiy,182.149,3272.25475
cjr1zkfhx4175690yaoiaag1u87y,34.256,1502.72
cnzWgBRXuWo,3.426,2257.9265
cxe7fc5W0K0,44.061,2439.9993125
d1hjh2jLQQI,290.672,3502.10325
d73i4FwLfgQ,40.449,3890.06225
d8HoEGq8HvM,147.639,2664.048625
d9Hi4dKlYnA,52.515,3669.704875
dHxcIDjCY14,36.956,3861.0373125
dIfjiBuMr0E,48.938,1987.0244375
dIv1toLWpC8,20.182,3755.0614375
dbjSf1yvX0E,3.173,2384.225
dqwfa75bviu69rfpku5wsxqk0gwo,25.245,1317.250625
ds6q7f14xrn5c08737nak68nkf1u,92.104,2128.3265625
e0-Auz5RBo0,204.39,3010.8154375
e37nxx4m1z9lstba9hw7dpe60let,15.103,1539.89225
eOQGB57sjzg,5.552,1557.942875
eOZExQMrfic,10.193,1779.6238125
eSs96t5vFRE,20.216,2426.5781875
eUj0nQ59jGI,27.996,3248.541375
eVW1Ldxw9Ic,389.61,3409.36275
eXAcEVh9WXo,236.216,2617.1585
eZDKBtrP9oM,44.348,1281.3468125
ea2Zefl29yQ,81.287,1461.911625
edSfmL0mLvg,22.292,1875.499
edwDi1Dsl2o,30.915,1611.29725
egeh691vwbpwz9fxd6ej4y32ykyf,28.012,1222.478375
ehsmpCwDKhY,202.804,2367.088625
ehy6013on8yzm5b73vpltdubpd3m,35.235,1249.9330625
em6ylApo9tA,49.646,3780.69625
eotJKF2oWZo,12.167,1858.183375
ev0YVYfR8yg,24.384,2980.3740625
exwzxa84q7jep9g4cpblvpmwezsb,19.406,1197.6620625
f0rtydm5pe07zlag0pkwe6u78rv8,117.129,3341.7926875
f337f15mg51eytsrgtj6mlhpktzk,8.674,829.1004375
f3e1Y4un6J8,2.953,1668.3073125
f3kv19_7FmA,17.128,1945.52525
f5jrS7Nr4ZI,28.418,2268.677375
f6FJIwH087s,22.916,2355.1535625
f73UsCPQOYM,3.037,2559.1176875
fGebmrv2IoA,2.936,1969.37725
fNQ2CXPp7Yw,37.344,3686.144625
fT2ofOJ7EDY,25.228,2720.8446875
fU0FckXpiJs,22.241,2787.509125
fZ5mSMHMY5E,101.233,3197.341375
fdl76q20dpa0ybyr32rt2hpaqaio,168.885,4266.9453125
fe68RYkHWNk,21.161,1965.5691875
fl0hR7afQVQ,0,1954.9344375
fnxg8lkarc5x1iqh2dr2mushek2m,57.746,1840.927375
fsZPbrvth1s,5.231,1594.3815
g3Zocql28zc,415.496,3599.5341875
g96ri4wmxb6f36aez8z1mt962x6w,96.711,3609.5478125
g9prwi3caoaqoks7tm8gy5llljcm,8.539,1094.739625
gHiDpINLKb8,6.362,1779.3219375
gcdha770pw2pe4w3jgxgjxwd4esl,117.113,2834.9388125
gfUTlfM_YMw,201.268,7749.497375
gipmzvqjrjylx5bmvtjsf1apn7xf,21.532,1511.4971875
gp5dNYQtCw4,0.726,1294.024875
gpNalvqRxas,8.336,2613.1273125
gqm9jbpzztdvkzd0uk9jja105hij,72.073,3857.136375
gr7cp9y7shc1loe8e568e03taomi,23.001,1110.7004375
gs76fw762v4k6g12nfqnf8mnjm5i,54.321,3626.1094375
gx40w6bc19g5ad9kw9ozwbwo6j54,36.028,1490.311875
gysFuCDQnZ8,7.948,2325.362375
gzsh1Z40YhQ,81.203,3949.2266875
h0wpFIgMtjY,47.318,1523.9024375
h4GcFgjjIyI,3.223,700.0881875
h6GNxVh-luE,33.666,1089.544875
h6T0TisWP7k,8.1,2611.1535625
hd2HbQwWXx4,31.911,1348.6846875
heLBu--QXS0,4.489,2369.991125
hi5ojvbtqcynd84k6h4wvnaty17u,32.687,1330.364125
hjaA5sHIp1s,7.492,2516.091125
hnJsJ1SZazA,60.919,4191.2483125
hodzcul9xEI,151.588,3465.16025
hq5phGmCpqY,26.376,2459.73625
hwu0icwnSAc,38.357,1714.0106875
hzfh11CZaqU,4.168,1609.2125625
i3nMtIpu6X4,4.742,2669.38925
iHxQqQfyM4Q,2.683,3496.809125
iQVwarpFdCw,91.614,3850.6115625
iUc2OJaIgT0,9.551,2356.1984375
iZU_-NermU4,6.244,2438.025625
ib072I0DCjE,28.772,1559.876625
iee_MF-2q6s,0.202,1414.8383125
if4fJ-emFkA,37.125,2523.8233125
ifp8FwuiBAc,3.037,1625.774875
in66_-bm-co,5.484,2982.8121875
isqvMUIvjlo,11.019,2108.7434375
itOtx0m_K40,4.455,2290.0745625
ivg45ilylz42cmfu4eklw3rjez3i,19.643,691.409
j3h00x50tcg4hl2i9wuwvlu99o99,32.586,1524.0620625
j4uJ3Yi9FMw,13.078,1887.66625
j5FQauI-yQI,6.514,1750.5291875
j885k6GIL_4,3.594,1755.08025
jASqNgM-0aY,0.338,1753.083375
jB_onxh8_ic,61.661,2310.106875
jREJk9GvJsE,46.811,2239.495
jTQYO0rprfw,11.762,1954.0985625
jVUyJs1-hRQ,25.987,887.907875
jaEqe37i7OY,24.114,2511.052375
jc07m42kq3toekemvjihcv73dzej,308.441,3635.226125
jfxLQho6WUE,27.776,1284.2493125
jrW1Mivt9ZA,16.554,2323.4815625
jsE5j49ugGE,3.932,1489.09575
jt1Wdqv5lpg,89.302,4034.676125
ju63KdU46gs,26.46,2476.8675
juIbWVV2RVI,25.009,1390.5038125
jxGjXNzkgrY,171.737,4605.7709375
k398gdkckdupwkczj1rozftj15gv,19.187,843.8335
kBdtRhxd_w0,21.583,1107.8240625
kG5A74BJ_ZU,12.049,3708.25
kJuselpoahc,49.714,3630.0684375
kOt1r9aTTlI,26.899,2237.6090625
kSPEsxjvyq8,12.606,2462.6220625
kT8ye6nC1lg,5.197,1246.0225
kWvDOOaIvzE,265.528,3681.129125
kZDHzghPTTI,7.661,2443.8538125
kZQIJ1K374Y,2.244,1755.5215
kcUkavomTBo,11.036,2899.499
kd4oy9WCYu0,2.835,2490.9903125
kdit_xCon8k,9.872,3631.2294375
kgyH_6pqYzU,14.108,1707.967
kibca-hr19g,9.872,3155.8473125
klUOvFwQgUA,121.027,3629.0699375
kqoLGqwLa30,44.381,2764.149875
kxkNcxsS07s,43.268,3814.829625
kzhzfj5jbqfmoo0y5cdefsshgflo,8.083,841.560875
l0kHXUeuDR4,68.428,3886.8346875
l0vZTztA-mU,14.411,1677.85075
l4o0ceoS4ag,15.137,1639.3520625
l7PKRpVK8V4,9.18,2498.6065
l8ceQP4fCa0,10.209,1755.60925
l9jHmAmDvNg,3.189,972.3189375
lRm7_ojYpPk,6.497,2840.93825
lfMM3qcJUDg,3.527,1528.1516875
libMDdal-2A,25.296,1673.5318125
lpnyunK9BbU,14.158,1783.1996875
lw47mvetjpu4tygz2amkzd2uz2t4,22.191,1472.339625
m-ldv_LpuZg,17.179,1313.5064375
m0Q0F2OSWgo,326.278,3920.0391875
m7AnD825iO8,3.594,1919.6865625
mCvSoqVUT3U,66.555,3514.0615
mDxuHgkY_Zg,26.882,926.471125
mF_ZKaN_Mpw,0.996,426.6899375
mJRmO_R5C10,63.551,2596.1999375
mM3uMD9mkq0,5.282,1772.014125
mMPTrvKdYkQ,89.859,3266.6529375
mOf5dlFeAqQ,9.045,2042.334375
mdFtTdG3f6o,130.731,4770.2610625
mfpNyhrmDOs,10.041,1633.709625
mpY3v82uIDs,4.523,3372.164375
mpsb6lmas9249znujz7sifhzm7bc,12.201,1028.9371875
n1hy14ixaiuhtcvovy8ak6i09zov,2.312,693.969
n7p5td82xh9z5wyhv6yzuhrrlpzw,24.57,1186.2204375
nCn1PqFJk0U,54.861,2645.9370625
nKFPFFViFL4,132.688,2451.2145625
nL45qPU87K0,33.716,1703.0211875
nT11BjwTM8E,39.049,2544.7445
nTW6NQoncBs,42.964,3690.0688125
nYDNGcVydpo,41.175,2637.2528125
nYMbkkRb5YA,24.907,3566.9333125
nYQOXVLpzjo,19.001,2657.6631875
n_BGjHQienY,85.978,4086.1315625
nf5ApcuJ7q4,14.85,1757.263
njfe87u4y5kp03yfbf1hrsyqmnk2,33.328,1243.010625
nosx5vm0k8dlqr000hz2r6uja0sp,82.873,3686.9225
nu_osNKYwsI,69.407,2209.4948125
nw5uzBSzifs,6.092,2278.4580625
nyQ4asuc0q0,62.539,1683.8415
o06J4ALzGNc,2.194,938.62675
o9tciwacjq1kc8kiwrv0jkc3rnup,152.229,3170.6645
oF8v_n20Yvo,27.135,1709.1744375
okX1IagLn38,0,1440.496375
omgB7S_PImE,27.338,2150.0118125
onQKC6xKXEY,37.918,1808.5159375
orVi_nlFwMc,8.303,2411.369125
ovlive_chat_voi_nguoi_noi_tieng_ca-si-trong-tan-va-con-duong-am-nhac-cua-anh,76.562,1545.336
ox98zeqf7yajrmptfshzek3k7cps,97.504,3671.1445
p4I6AW44T1g,4.151,2588.79275
p5Jt4HMiBFc,13.112,2472.1821875
p7bLEXMKCgY,38.796,2618.3053125
pAytouiWhQY,31.691,1257.59275
pGrPmTC-bY4,194.265,1780.763875
pIsHHGko9TE,39.015,2640.382375
pKY9xqOjilA,7.341,1409.2651875
pM5aVRiNldg,6.126,946.7305
pOeBkewAVdk,88.138,4121.7276875
pVyIYGoesyM,326.548,1294.4705
pYsT3GeXltY,207.647,3257.388125
phMBX0nhVnI,73.626,1664.1045
pml6exl4qfawhp3rh665kveicb2b,28.35,1587.435125
pmuc526v2lngnrn2tgphyj07dm95,96.728,1573.9036875
pnGXtepda4I,10.581,3582.2585625
py5PCq6aMv8,21.904,2171.7391875
pyzz8qo4ssp70w8jn4tsd5upjf45,18.141,961.306125
pz2PV5uLgeU,143.336,3592.5914375
q-wuBcbOVqA,17.145,2814.305
q00yYyeV3Vo,36.45,2412.2514375
q3hmnfe3x97gjbv4zfmu6zs5akq9,16.065,541.80575
q6ln071mjlev13px4o7xn8wtotp2,28.367,1398.8571875
q8qNoIQbn5Y,21.263,2903.934
qINloDHvvfE,59.046,3590.1765625
qN5wwV7onR4,58.455,1192.576875
qQFpiBwi3BI,58.269,1483.8248125
qT1Qqd8a4z8,19.086,2396.2478125
qU9pX7Z2K34,85.134,2500.2550625
qVByD-12hJk,44.162,3883.026625
qVm2xngWZp4,192.088,4056.3868125
qd6KjlKFbkE,3.966,1885.042375
qgn99iFTS_U,27.304,1651.3335625
ql9tV18A6TE,59.535,2725.0939375
qmnrt2n3nhhsv817g5ydch65kcec,165.763,4274.311875
qn4986yuq7bsdzokdiwgshgze558,29.531,1207.588625
qoTBd96QuyU,21.043,3618.690625
qxaije4cug0yhnxp00hs3emzbslz,89.437,3973.146125
qzMB8BfJ5HQ,82.451,2421.1446875
r4XmXMRXTW0,105.908,2827.911875
r8yOzzOdJuQ,0.405,1780.8609375
r94DEUC3quo,184.393,2633.932375
rAYnhicrJQI,245.987,4304.422375
rNTASUNU6Uc,8.016,2109.184625
rRc4N5jWXjg,57.594,3558.133
ri6wvIA9xLs,5.552,1411.517875
rj96mrtvtvnutx0ew3kfqwg6oy9f,8.387,1025.0710625
rpej21hihlutuh313m7bh12oqm0v,135.321,3211.3633125
rrEJGLRAkVM,49.899,2588.0098125
s31dODc3r6A,12.639,1716.094
s79Ams1Rf30,64.783,2584.8054375
sMxX-8QqGFU,286.335,3691.2994375
scz5onzu60rhswkb3ijligx1h8rg,44.297,5599.8955625
sm8ApDJlnIE,22.748,2656.2699375
ss6IHfXgKX0,21.684,3610.703
swnMx5fofJg,5.113,2536.0138125
szPlRq6nHPs,140.501,4067.6484375
tA-qjLarfgg,160.076,2278.731625
tJZquz1VfDw,45.816,2681.37075
tNVMl4HBIPU,12.217,854.1228125
tSPGy4eWoyI,73.761,1062.6148125
tTU0n1tsQCo,43.858,944.3788125
tcoa0wg9oa052dhkmzjov3owptua,53.713,1599.8171875
tnexm89wzm4ggj9bonwnfawbfmsx,21.262,1264.770625
tp54gv1ybsc8l9x4wp6373njmkhi,56.143,3588.20575
trU6iBl1Z6E,36.484,3984.056625
tv65uokdPts,58.573,2860.1411875
u4v7H1Y0cEQ,4.708,2408.6988125
u6ELAyjSx3c,18.191,2530.9983125
uTD70Q0-SOM,3.51,1903.7576875
uUAuG_Iwg7c,16.133,2410.7421875
ua2Lr43LYZQ,13.078,2660.008375
uiEQE2ud2f4,19.271,1776.6284375
ukZMiIr3eXg,23.034,1751.0233125
urV41l0RmEQ,13.146,1356.068625
urtmbrfldy5t396ah9bf95a5xxat,56.784,3557.9298125
uwdGRu9hdrU,3.763,2501.48575
uyW1z54Ranc,19.541,2232.1575
v1_02_05_16h00_chat_voi_nguoi_noi_tieng_noi_tiep_nhung_ban_tinh_ca_khong_ten,3.712,1931.928
v1_21_03_16h00_chat_voi_nguoi_noi_tieng_2020_213202018,24.789,2082.432
v3ken67usgb2btfsaeaze4sq9nzm,77.709,2040.1110625
vEouY9ZSjIw,72.816,3820.0540625
vRMGn68gmVI,8.573,2143.2483125
vWJBNFK5DAA,1.553,762.0093125
vXOmDufTflA,186.806,4060.8218125
v_FC5Y0Sb_M,3.476,2067.55125
vle_ZDsdsEE,11.121,783.69675
vovlive_ca_si_trieu_trang_nguoi_danh_tron_tinh_yeu_cho_am_nhac,18.714,2074.08
vovlive_cauchuyenthu7_75nghinsangkienvuotkhophattrienkhoinguonsangtaotrongdoanviencongdoan,1.451,1861.752
vovlive_cauchuyenthu7_baodongtinhtrajngmatantoanbancongchungcuvoitrenho,9.366,1586.856
vovlive_cauchuyenthu7_baoverungvatrongmoi1tycayxanh,25.498,2488.728
vovlive_cauchuyenthu7_boiduongtandungtrituevietnguontainguyenvotandevietnamcatcanh,17.584,2128.152
vovlive_cauchuyenthu7_cachoinhomnupbongtuthiendetrucloinganchanbangcachnao,19.71,1301.568
vovlive_cauchuyenthu7_caunghiepvanhoamovangbilangquen,5.012,2163.096
vovlive_cauchuyenthu7_conencongkhaidanhtinhnguoimuadam,54.793,2216.4
vovlive_cauchuyenthu7_danbototlaigaytroxuongvathuctrangcacdetainghiencuukhoahocsudungtienngansach,20.368,2230.056
vovlive_cauchuyenthu7_dauanhuyenthoaimaradonavacauchuyentruyencamhungbongda,57.628,2153.4
vovlive_cauchuyenthu7_daulagiaiphapdehanoithoatcanhtrongchatchattrongcaydothi(1),18.09,1460.328
vovlive_cauchuyenthu7_doinguantoanvesinhvientrongdanhnghiepanhlaai,21.364,1698.648
vovlive_cauchuyenthu7_hanhdongvimoitruongnhintukhunghoangdaidichcovid19,44.381,2029.56
vovlive_cauchuyenthu7_hiepdinhthuongmaitudovn_euchinhthuccohieuluc,16.554,2187.144
vovlive_cauchuyenthu7_kichhoathethongphongchongcovid19okhucongnghiep,12.589,1935.096
vovlive_cauchuyenthu7_kiemsoatnguoicachlylongleobaihocdatgia,9.467,1664.8098125
vovlive_cauchuyenthu7_kythixamphamdoitunguoimaccv19_hanhvidanglenan,29.194,2390.04
vovlive_cauchuyenthu7_lamgigiupcongnhanlaodongdapungduoctinhhinhmoi,11.964,2243.952
vovlive_cauchuyenthu7_laplohongquanlytronghoatdongquyengoptienunghotuthien,12.724,2271.672
vovlive_cauchuyenthu7_moi_ngay_den_truong_la_mot_ngay_vui,12.082,2036.424
vovlive_cauchuyenthu7_ngaplutdothisaumuacophaidoongtroi,27.658,2296.272
vovlive_cauchuyenthu7_ngaycuaphohoatdongdulichvanhoathuongniengopphanquangbavanhoaamthuc,15.609,1510.056
vovlive_cauchuyenthu7_nguyentbtlekhaphieuvoicongtacxaydungvachinhdondang,11.644,2021.88
vovlive_cauchuyenthu7_nhomnhansyhadongvatinhyeuhanoi,14.951,1890.048
vovlive_cauchuyenthu7_phattriengiaoducmamnonchamlochocongnhanlaodongtaicackhucongnghiep,16.858,1988.352
vovlive_cauchuyenthu7_sanxuatantoantrongdieukiendichbenh,9.585,1875.072
vovlive_cauchuyenthu7_sualuatcongdoanphailamchotochuccongdoanmanhlen,28.552,2239.488
vovlive_cauchuyenthu7_thaygituvieccdvquakhichtancongtrangfacebookcanhantrongtaibatchinhtranvietnamuae,52.869,1997.304
vovlive_cauchuyenthu7_thuchienhoagiacmoxuatngoaicuatuyenthunuhanhtrinhmoicuacaccogaivietnam,20.824,2247.864
vovlive_cauchuyenthu7_tphcmthugiadichvuthoatnuoclieuduongphocohetngap,29.194,2390.04
vovlive_cauchuyenthu7_tuoitrevasudanthan,12.049,2572.056
vovlive_cauchuyenthu7_tuonglainaochosongtolich,15.474,2130.048
vovlive_cauchuyenthu7_vanhoadocsachgapnhieuthuthachtrongkynguyensovainternet,27.422,1986.312
vovlive_cauchuyenthu7_vinhandanquenminh,31.05,2360.04
vovlive_cauchuyenthu7_visaogioitrevietquantamdenbaucumyvanhungvandenongcuatoancau,15.93,845.928
vovlive_cauchuyenthu7_vundaphanhphucthaplenngonluayeuthuongganketcacthanhvientrongmoigiadinh,0.894,1703.736
vovlive_cauchuyethu7_luatlaodongsuadoicodieuchinhcacmoiquanhelaodongtrongnhungnganhnghelinhvucmoinhugrabuber,20.284,2145.6
vovlive_chat-voi-nguoi-noi-tieng_chat-voi-wowy-va-de-choat-cung-hanh-trinh-chinh-phuc-dinh-cao-rap-viet,91.648,2142.6
vovlive_chat-voi-nguoi-noi-tieng_dien-vien-chi-bao-vua-tuyen-bo-giai-nghe-sau-25-nam-gan-bo-voi-nghiep-dien,5.282,1823.7126875
vovlive_chat-voi-nguoi-noi-tieng_diva-thanh-lam-hen-yeu,49.41,2042.904
vovlive_chat-voi-nguoi-noi-tieng_tro-chuyen-voi-thanh-lam-ve-chuong-trinh-mo-man-san-khau-am-nhac-thu-do-nam-moi,41.799,1599.456
vovlive_chat-voi-noi-tiengca-sy-le-ngoc-thuy-giong-ca-hoa-chung-ban-giao-huong-cua-thong-tin-tuyen-truyen_va_phong_chong_dich_covid19,2.869,1864.008
vovlive_chat_moi_nguoi_noi_tieng_nhac_si_nghe_si_nguyen_quang_hung_voi_khat_khao_thoi_lan_gio_moi_vao_am_nhac_dan_toc,19.373,1711.584
vovlive_chat_voi_nguoi_noi_tieng_am_nhac_chung_tay_phong_chong_covid_19(1),11.07,1714.536
vovlive_chat_voi_nguoi_noi_tieng_ban-nhac-buc-tuong-hanh-trinh-26-nam-truyen-cam-hung,25.903,1841.376
vovlive_chat_voi_nguoi_noi_tieng_ban_chuan_nghe_si_anh_tu_dam_me_tren_con_duong_khong_trai_hoa_hong,16.352,2097.312
vovlive_chat_voi_nguoi_noi_tieng_ban_nhac_buc_tuong_tro_lai_danh_dau_chang_duong_25_nam_hoat_dong,15.947,1580.0425
vovlive_chat_voi_nguoi_noi_tieng_ban_nhac_ngu_cung_giu_lua_rock_viet,9.45,1407.24
vovlive_chat_voi_nguoi_noi_tieng_bboy_cong_rua_le_manh_cong_mot_chang_trai_tre_voi_niem_dam_me_hip_hop,13.652,2092.968
vovlive_chat_voi_nguoi_noi_tieng_bo-con-sau-hat-de-lan-toa-nhung-dieu-tich-cuc,13.416,1602.0636875
vovlive_chat_voi_nguoi_noi_tieng_ca-si-ha-van-duyen-dep-voi-bolero,11.239,1511.04
vovlive_chat_voi_nguoi_noi_tieng_ca-si-khanh-linh-khong-ngai-nhac-ken-nguoi-nghe,6.075,1784.816375
vovlive_chat_voi_nguoi_noi_tieng_ca-si-quang-ha-va-hanh-trinh-chinh-phuc-nhung-thi-truong-am-nhac-kho-tinh,20.993,1518.6025
vovlive_chat_voi_nguoi_noi_tieng_ca-si-tung-duong-ky-luc-13-giai-cong-hien,17.769,1662.144
vovlive_chat_voi_nguoi_noi_tieng_ca-si_trieu_trang_giu_tron_dam_me_am_nhac_trong_trai_tim,17.128,1679.76
vovlive_chat_voi_nguoi_noi_tieng_ca-sy-dien-vien-dao-dien-nha-san-xuat-ly-hai-trai-long-ve-mot-so-kho-khan,10.631,1316.7804375
vovlive_chat_voi_nguoi_noi_tieng_ca_si_dinh_manh_ninh_theo_duoi_nghe_thuat_theo_cach_rieng,26.46,2167.68
vovlive_chat_voi_nguoi_noi_tieng_ca_si_ha_le_voi_hanh_trinh_duong_dai_nhac_trinh,19.727,1461.384
vovlive_chat_voi_nguoi_noi_tieng_ca_si_huy_cuong_voi_niem_dam_me_vo_tan_cung_bolero,17.196,1707.576
vovlive_chat_voi_nguoi_noi_tieng_ca_si_khoi_minh_va_ca_si_minh_quan_viet_chung_niem_dam_me_am_nhac,88.222,1945.056
vovlive_chat_voi_nguoi_noi_tieng_ca_si_la_hoang_quy_khang_dinh_loi_di_rieng_trong_am_nhac,26.46,2093.112
vovlive_chat_voi_nguoi_noi_tieng_ca_si_mai_tien_dung_nguoi_thoi_lan_gio_moi_cho_vpop,40.5,2106.96
vovlive_chat_voi_nguoi_noi_tieng_ca_si_minh_thu_nguoi_tinh_trong_am_nhac_cua_pho_duc_phuong,9.231,1720.704
vovlive_chat_voi_nguoi_noi_tieng_ca_si_nghe_si_uu_tu_dang_duong_mot_ngon_lua_sang_trong_dong_nhac_thinh_phong_va_nhac_cach_mang,47.469,2125.968
vovlive_chat_voi_nguoi_noi_tieng_ca_si_nguyen_doan_thao_ly_co_gai_duoc_menh_danh_la_cong_chua_opera,2.987,2200.056
vovlive_chat_voi_nguoi_noi_tieng_ca_si_nhat_phong_hat_tinh_ca_voi_nhung_cam_xuc_chan_that_nhat,22.899,2108.376
vovlive_chat_voi_nguoi_noi_tieng_ca_si_nhat_phong_tu_nguoi_hat_tinh_ca_den_chuoi_hit_chuc_trieu_view,13.77,1690.056
vovlive_chat_voi_nguoi_noi_tieng_ca_si_nhat_tinh_anh_am_nhac_luon_mang_toi_su_yen_binh,7.425,1800.528
vovlive_chat_voi_nguoi_noi_tieng_ca_si_thanh_tai_buoc_di_cham_nhung_chac_chan_va_thuyet_phuc,21.87,1882.944
vovlive_chat_voi_nguoi_noi_tieng_ca_si_tuan_hiep_lang_tu_hat_nhac_tinh,23.507,2025.456
vovlive_chat_voi_nguoi_noi_tieng_ca_si_vu_duy_khanh_chu_tac_ke_hoa_trong_am_nhac,13.179,2037.984
vovlive_chat_voi_nguoi_noi_tieng_ca_si_vu_thang_loi_kien_dinh_voi_con_duong_thinh_phong_tru_tinh,40.753,2001.696
vovlive_chat_voi_nguoi_noi_tieng_ca_si_vu_thang_loi_thap_lua_tu_hao_voi_nhung_ca_khuc_di_cung_nam_thang,15.761,1770.048
vovlive_chat_voi_nguoi_noi_tieng_ca_si_xuan_duc_va_ca_si_dinh_binh_cu_theo_duoi_dam_me_thanh_cong_se_theo_duoi_ban,18.968,1858.488
vovlive_chat_voi_nguoi_noi_tieng_ca_si_yen_ha_am_nhac_luon_la_niem_dam_me_vo_tan,7.104,1950.048
vovlive_chat_voi_nguoi_noi_tieng_ca_sy_hong_nhung_va_quang_dung_huong_ve_mien_trung_than_yeu,6.311,1873.584
vovlive_chat_voi_nguoi_noi_tieng_ca_sy_long_nhat_khong_con_la_ba_tam_showbiz,41.614,2652.552
vovlive_chat_voi_nguoi_noi_tieng_ca_sy_quang_ha_dung_len_voi_am_nhac,24.317,2076.48
vovlive_chat_voi_nguoi_noi_tieng_ca_sy_xuan_hao_va_nhung_ban_tinh_tram,34.037,2046.264
vovlive_chat_voi_nguoi_noi_tieng_cap_doi_ca_sy_tran_nguyen_thang_va_phan_quynh_anh_cung_no_luc_mang_am_nhac_tru_tinh,20.25,1690.872
vovlive_chat_voi_nguoi_noi_tieng_chang_tho_huynh_samuel_an_chang_viet_kieu_voi_tinh_yeu_am_nhac_da_diet,24.907,1670.04
vovlive_chat_voi_nguoi_noi_tieng_chat-voi_hoa_hau_ca_si_tuyet_nga_mot_hoa_hau_ao_dai_muon_dinh_vi_hinh_anh_la_mot_ca_si_chuyen_nghiep,9.585,1345.944
vovlive_chat_voi_nguoi_noi_tieng_chat_cung_ca_si_hien_anh_va_nha_tho_ngoc_le_ninh,34.003,2146.824
vovlive_chat_voi_nguoi_noi_tieng_chat_voi_ca_si_minh_vuong_m4u_tro_lai_an_tuong_voi_duong_dua_vpop,35.758,2101.056
vovlive_chat_voi_nguoi_noi_tieng_chat_voi_ca_si_thanh_cuong_hat_len_nhung_thanh_am_tuyet_voi_cua_cuoc_song,6.429,1676.448
vovlive_chat_voi_nguoi_noi_tieng_chat_voi_dao_dien_nguyen_quang_dung_va_dien_vien_hong_anh_ve_thanh_cong_cua_bo_phim_tiec_trang_mau,11.07,1280.04
vovlive_chat_voi_nguoi_noi_tieng_chat_voi_hoang_tu_nhac_buon_ca_si_vu_duy_khanh_tim_thay_yeu_thuong_trong_mua_dich_covid19,1.367,1860.048
vovlive_chat_voi_nguoi_noi_tieng_chat_voi_nhac_si_han_vu_linh_va_mua_dong_tran_noi_nho_trong_am_nhac,1.283,1710.048
vovlive_chat_voi_nguoi_noi_tieng_dang_thuat_va_le_thanh_phong_hai_nghe_si_o_hai_the_he_nhung_deu_chung_mot_cam_xuc_dong_day_bai_ca_ve_bac,20.301,1620.48
vovlive_chat_voi_nguoi_noi_tieng_dien-vien-ca-si-duy-khoa-tro-lai-man-anh-hay-de-moi-thu-la-duyen,22.427,1816.248
vovlive_chat_voi_nguoi_noi_tieng_dien-vien-lan-phuong-thim-anh-trong-phim-bo-gia-nghe-si-da-tai-tren-man-anh-va_san_khau,12.15,1567.176
vovlive_chat_voi_nguoi_noi_tieng_dien-vien-nguoi-mau-minh-tiep-nhiet-huyet-trong-tung-vai-tro,36.787,1624.346125
vovlive_chat_voi_nguoi_noi_tieng_dien_vien_thanh_huong_bien_hoa_da_dang_trong_cac_vai_dien,11.728,1447.08
vovlive_chat_voi_nguoi_noi_tieng_gap-go-ca-sy-trinh-vinh-trinh-em-gai-nhac-sy-trinh-cong-son,1.721,1657.944
vovlive_chat_voi_nguoi_noi_tieng_gap-go-quan-quan-cuoc-thi-giong-hat-hay-ha-noi-2020-bui-duong-thai-ha,12.133,1672.056
vovlive_chat_voi_nguoi_noi_tieng_gap_go_ca_si_nhac_si-bang_cuong_va_nhom_gemini,94.939,1742.904
vovlive_chat_voi_nguoi_noi_tieng_gap_go_hoa_hau_ngoc_han_va_vo_chong_dien_vien_ca_si_ly_hai_nhung_nguoi_co_nhieu_hoat_dong_thien_nguyen,22.562,1464.384
vovlive_chat_voi_nguoi_noi_tieng_gap_go_hoa_mi_cua_nui_rung_tay_bac_sen_hoang_my_lam,6.041,1845.288
vovlive_chat_voi_nguoi_noi_tieng_hanh-trinh-toa-sang-cua-nhan-sac-viet-tai-hoa-hau-hoan-vu-the-gioi,12.336,1413.336
vovlive_chat_voi_nguoi_noi_tieng_khanh-phuong-tro-lai-duong-dua-am-nhac,18.141,1759.416
vovlive_chat_voi_nguoi_noi_tieng_le_ngoc_thuy_ca_si_trieu_view_mien_son_cuoc,11.239,1720.056
vovlive_chat_voi_nguoi_noi_tieng_my-linh-thay-gi-o-tuoi-19-cua-minh-va-con-gai,24.165,1924.536
vovlive_chat_voi_nguoi_noi_tieng_nghe-si-hai-tra-my-nuoc-mat-an-sau-tieng-cuoi,13.939,1645.488
vovlive_chat_voi_nguoi_noi_tieng_nghe-si-nhan-dan-le-khanh-ba-gia-tang-dong-hay-gai-gia-lam-chieu-u60,31.523,1926.672
vovlive_chat_voi_nguoi_noi_tieng_nghe_si_nguyen_quang_long_va_hanh_trinh_dua_hat_xam_vao_doi_song,26.426,2648.976
vovlive_chat_voi_nguoi_noi_tieng_nghe_si_nguyen_quang_long_voi_hanh_trinh_dua_hat_xam_vao_doi_song,16.082,1812.12
vovlive_chat_voi_nguoi_noi_tieng_nhac_si_duong_truong_giang_va_cau_chuyen_cua_mua_dong,14.226,2083.56
vovlive_chat_voi_nguoi_noi_tieng_nhac_si_nguyen_vinh_tien_quy_hoach_cuoc_doi_bat_dau_bang_tien_duyen,19.069,1687.44
vovlive_chat_voi_nguoi_noi_tieng_nhom_1977_vlog_con_gio_la_cua_cong_dong_youtube_viet,33.159,1405.512
vovlive_chat_voi_nguoi_noi_tieng_nsut-mai-hoa-nguoi-thoi-hon-vao-nhac-cach-mang-tru-tinh,17.702,1715.52
vovlive_chat_voi_nguoi_noi_tieng_thai_dinh_chang_ca_si_luon_kien_dinh_voi_niem_dam_me_am_nhac,11.492,2149.896
vovlive_chat_voi_nguoi_noi_tieng_thanh_nu_cover_huong_ly_dan_khang_dinh_chat_rieng_trong_am_nhac,12.876,1421.304
vovlive_chat_voi_nguoi_noi_tieng_tro-chuyen-cung-ca-sy-bang-kieu-ve-chuyen-la-bang-am-nhac,17.719,1767.192
vovlive_chat_voi_nguoi_noi_tieng_tro_chuyen_cung_nghe_si_uu_tu_duc_long_va_ca_si_hien_anh,21.482,1396.128
vovlive_chat_voi_nguoi_noi_tieng_tro_chuyen_voi_ca_si_thai_thuy_linh_va_con_gai_thai_an_de_cung_nghe_nhung_ban_song_ca_giua_hai_me_con,52.144,2203.728
vovlive_chat_voi_nguoi_noi_tieng_viet_tu_chang_ca_sy_dang_ham_nong_thi_truong_nhac_online_voi_nhung_ca_khuc_gop_phan_day_lui_benh_dich,0.456,1649.136
vovlive_doi_thoai_-hai_hoa_loi_ich_giua_nguoi_dan_va_doanh_nghiep_khi_thu_hoi_dat,17.82,2670.096
vovlive_doi_thoai_bao_luc_gia_dinh_va_nhung_he_luy_voi_tre_em,111.831,2786.256
vovlive_doi_thoai_dai_hoi_dang_bo_cac_cap_nhung_van_de_dat_ra,37.564,2733.576
vovlive_doi_thoai_giai_phap_nao_han_che_rac_thai_nhua_tai_viet_nam,27.118,2641.776
vovlive_doi_thoai_lua_chon_sach_giao_khoa_moi_can_dan_chu_va_hieu_qua,24.064,2661.0
vovlive_doi_thoai_sua_doi_luat_dat_dai_2013_nhung_yeu_cau_dat_ra,32.164,2585.688
vovlive_doi_thoai_tang_cuong_vai_tro_giam_sat_cua_nguoi_dan_trong_quan_ly_su_dung_dat_dai,19.086,2563.392
vovlive_doi_thoai_tuyen_sinh_dai_hoc_2020_lua_suc_khi_cho_nganh_de_phu_hop_nhu_cau_xa_hoi_va_so_thich,15.711,2715.048
vovlive_doi_thoai_xay_dung_chien_luoc_quan_ly_dat_dai_dai_han,17.094,2660.856
vovlive_doithoai_an_sinh_xa_hoi_hieu_qua_tu_nhung_chinh_sach_sat_thuc_tien,9.551,2649.864
vovlive_doithoai_bac_si_tre_ve_vung_kho_khan_va_cau_chuyen_dao_tao_y_khoa_hien_nay,21.921,2690.088
vovlive_doithoai_bai_toan_an_ninh_nguon_nuoc_o_dong_bang_song_cuu_long(1),7.796,2640.984
vovlive_doithoai_ban_ve_cau_chuyen_tiem_phong_vacxin_covid19_o_viet_nam,11.424,2542.272
vovlive_doithoai_bao_luc_doi_voi_phu_nu_va_tre_em_trong_gia_dinh_trong_dai_dich_covid_19_im_lang_hay_len_tieng,1141.661,2676.696
vovlive_doithoai_bao_ve_va_phat_trien_nguon_loi_thuy_san_theo_luat_thuy_san_2017,35.572,2656.776
vovlive_doithoai_cai_cach_hanh_chinh_va_nhung_tin_hieu_vui_trong_nam_2021,33.632,2742.384
vovlive_doithoai_cai_cach_thu_tuc_hanh_chinh_2016_2021,28.924,2599.08
vovlive_doithoai_can_bo_dai_hoi13_cua_dang_cai_goc_cua_moi_cong_viec_theo_tu_tuong_ho_chi_minh,22.089,2613.936
vovlive_doithoai_can_hoan_thien_cac_quy_dinh_cua_phap_luat_ve_quyen_su_dung_dat,45.141,2677.128
vovlive_doithoai_can_lam_gi_de_tranh_tinh_trang_tham_nhung_truc_loi_chinh_sach_ve_dat_dai,14.766,2607.768
vovlive_doithoai_chat_thai_nhua_dung_mot_lan_can_cuoc_cach_mang_de_loai_bo,33.986,2633.616
vovlive_doithoai_chat_van_va_tra_loi_chat_van,75.735,2772.12
vovlive_doithoai_chung_tay_de_nan_nhan_da_cam_duoc_tiep_can_dich_vu_y_te_tot_hon,8.286,2764.968
vovlive_doithoai_co_che_phap_ly_nao_cho_loai_hinh_bat_dong_san_condotel,32.349,2745.552
vovlive_doithoai_co_hoi_de_rac_thai_la_tai_nguyen(1),20.334,2496.552
vovlive_doithoai_cong_nhan_vien_chuc_lao_dong_xung_kich_tren_mat_tran_phat_trien_kinh_te_xa_hoi,28.772,2684.952
vovlive_doithoai_covid19_va_giai_phap_cua_nganh_thuy_san,18.428,2748.12
vovlive_doithoai_cung_chung_tay_phong_chong_mua_ban_nguoi,8.741,2682.504
vovlive_doithoai_dai_duong_cuoc_song_va_sinh_ke,10.597,2632.44
vovlive_doithoai_dam_bao_an_toan_cho_cong_nhanh_lao_dong_quay_tro_lai_lam_viec,23.49,2577.408
vovlive_doithoai_dang_ky_bao_ho_chi_dan_dia_ly,26.207,2715.432
vovlive_doithoai_dau_an_thang_chu_tich_hoi_dong_bao_an_lien_hop_quoc,54.557,2601.984
vovlive_doithoai_day_manh_chuoi_lien_ket_san_xuat_tao_buoc_dot_pha_cho_nong_san_chat_luong_cao,27.962,2677.032
vovlive_doithoai_day_manh_thuc_hien_cap_ma_so_co_so_vung_nuoi_trong_thuy_san_chu_luc,17.398,2565.6
vovlive_doithoai_de_niem_tin_chien_thang_lan_toa,15.289,2614.032
vovlive_doithoai_doi_moi_sang_tao_de_phat_trien_kinh_te_bien_ben_vung,24.351,2608.2
vovlive_doithoai_doi_ngoai_viet_nam_2020_vuon_tam_va_toa_sang,106.11,2787.6
vovlive_doithoai_dua_bac_sy_tre_tinh_nguyen_ve_co_so,21.786,2600.04
vovlive_doithoai_gia_dat_va_dinh_gia_dat_nut_that_boi_thuong_trong_giai_phong_mat_bang,9.517,2649.12
vovlive_doithoai_gia_dat_va_nhung_van_de_dat_ra_tu_thuc_tien,8.623,2604.984
vovlive_doithoai_giai_phap_chuoi_cung_ung_thuy_san_viet_nam_duoi_tac_dong-cua_covid19,16.487,2580.984
vovlive_doithoai_giai_phap_de_dat_duoc_muc_tieu_tiet_kiem_dien,11.526,2684.832
vovlive_doithoai_giai_phap_nang_cao_chi_so_tiep_can_dat_dai(3),14.023,2701.152
vovlive_doithoai_giai_phap_nao_giup_dbscl_ung_pho_voi_han_man_xam_nhap,4.117,2665.92
vovlive_doithoai_giai_phap_thu_hut_doanh_nghiep_dau_tu_de_tai_co_cau_nganh_nong_nghiep,2.447,2670.288
vovlive_doithoai_goi_an_sinh_xa_hoi_de_khong_bi_lac_duong(1),26.089,2736.192
vovlive_doithoai_hoan_thien_the_che_kinh_te_theo_huong_kien_tao_phat_trien,12.589,2567.928
vovlive_doithoai_hop_tac-xa_nong_nghiep_vuot_kho_va_phat_trien_trong_boi_canh_dai_dich_covid19,19.305,2643.168
vovlive_doithoai_ket_noi_lien_thong_12000_tram_y_te_co_so,70.605,2632.488
vovlive_doithoai_khoi_nghiep,25.178,2672.4
vovlive_doithoai_kich_ban_nao_trong_nam_hoc_moi_trong_dieu_kien_dich_benh,18.225,2755.488
vovlive_doithoai_kich_cau_du_lich_noi_dia,22.629,2533.704
vovlive_doithoai_lam_gi_de_bau_cho_duoc_nhung_nguoi_du_tam_tai_tham_gia_cap_uy_cac_cap,6.615,2632.536
vovlive_doithoai_loai_bo_benh_ly_di_truyen_vi_mot_giong_noi_khoe_manh,38.745,2782.8
vovlive_doithoai_nang_cao_vai_tro_kiem_toan_nha_nuoc_trong_phong_chong_tham_nhung,38.441,2683.68
vovlive_doithoai_nganh_giao_duc_vao_dao_tao_mot_nam_nhin_lai,6.244,2639.256
vovlive_doithoai_nguoi_chuyen_gioi,4.641,1396.368
vovlive_doithoai_nguon_nhan_luc_ky_nang_nghe_cao,49.258,2600.04
vovlive_doithoai_nhan_dan_la_chu_the_trung_tam,12.639,2581.08
vovlive_doithoai_nhin_lai_nhung_ngay_ung_pho_voi_dich_benh_lan_thu_4,24.57,2631.672
vovlive_doithoai_nhung_van_de_dat_ra_trong_cong_tac_dan_so,41.226,2687.088
vovlive_doithoai_no_luc_bao_phu_bao_hiem_xa_hoi_trong_boi_canh_tac_dong_covid19,18.377,2538.024
vovlive_doithoai_o_nhiem_lang_nghe_thuc_trang_va_giai_phap,9.99,2674.632
vovlive_doithoai_phat_huy_vai_tro_cua_doi_ngu_tri_thuc_khi_viet_nam_buoc_vao_cach_mang_cong_nghiep_4,14.648,2612.664
vovlive_doithoai_phat_trien_ben_vung_dien_mat_troi,478.086,2548.584
vovlive_doithoai_phuc_hoi_du_lich_sapa_sau_anh_huong_dich_covid_19,6.446,2602.896
vovlive_doithoai_phuc_hoi_he_sinh_thai,29.244,2713.176
vovlive_doithoai_quan_ly_dat_dai_sau_co_phan_hoa_tranh_lam_that_thu_ngan_sach,5.062,2670.576
vovlive_doithoai_quan_ly_tau_ca_ra_vao_cang,31.337,2625.36
vovlive_doithoai_quoc_hoi_khoa_15_ke_thua_va_phat_huy,19.001,2692.152
vovlive_doithoai_rac_thai_nhua_hiem_hoa_cua_moi_truong_va_suc_khoe_cong_dong,8.758,2638.152
vovlive_doithoai_sua_doi_luat_bao_ve_moi_truong_nam_2014_dap_ung_yeu_cau_tu_thuc_tien,30.544,2527.44
vovlive_doithoai_sua_doi_luat_dat_dai_2013_nhung_yeu_cau_dat_ra_tu_thuc_tien,14.749,2665.68
vovlive_doithoai_sua_doi_luat_phong_chong_bao_luc_gia_dinh_2007,32.737,2741.112
vovlive_doithoai_tang_cuong_quyen_tiep_can_dat_dai_cho_dong_bao_dan_toc_thieu_so,17.027,2553.48
vovlive_doithoai_thanh_hoa_thu_hut_dau_tu(1),10.817,2577.432
vovlive_doithoai_the_gioi_day_bien_dong_trong_nam_2020,1.958,2833.584
vovlive_doithoai_thi_dua_khong_phai_la_ganh_dua,82.924,3457.8
vovlive_doithoai_thi_hanh_an_hanh_chinh_nhung_bat_cap_tu_quy_dinh_va_trach_nhiem_cua_cac_co_quan_lien_quan,5.754,2727.672
vovlive_doithoai_thu_hoi_tai_san_tham_nhung,20.908,2590.152
vovlive_doithoai_thuong_mai_hoa_cac_ket_qua_nghien_cuu,25.279,2578.56
vovlive_doithoai_tich_tu_dat_nong_nghiep_de_san_xuat_lon_doi_hoi_tu_thuc_tien,65.677,2599.104
vovlive_doithoai_trach_nhiem_cua_cu_tri_voi_la_phieu,41.698,2694.072
vovlive_doithoai_trach_nhiem_voi_la_phieu_bau(1),42.306,2669.76
vovlive_doithoai_xam_hai_bao_hanh_tinh_than_doi_voi_tre_em_goc_khuat_va_giai_phap_phong_ngua,33.851,2587.368
vovlive_doithoai_xay_dung_va_hoan_thien_nha_nuoc_phap_quyen_xa_hoi_chu_nghia_vn_cua_nhan_dan_do_nhan_dan_va_vi_nhan_dan_do_dang_lanh_dao,19.777,2715.528
vovlive_nang_cao_hieu_qua_quan_ly_quy_ngoai_ngan_sach,17.432,2565.144
vovlive_tro_chuyen_voi_nguoi_noi_tieng_ca-sy-hong-nhung-ke-chuyen-tiem-vaccine-ngua-covid-19-nanocovax-cua-viet-nam-san_xuat,26.173,1566.096
vovlive_tro_chuyen_voi_nguoi_noi_tieng_nsnd-tu-long-tu-anh-tho-moc-den-danh-hai-duoc-cong-chung-yeu-men,11.593,1702.55675
w13iivylxymq95g9k14qiczjijyg,117.45,3356.342875
w4Is4j8YSZ8,117.197,2189.456
wAR_wr-CHyQ,10.007,1807.975375
wB3gWJcqnFY,4.995,1754.0121875
wVnGks5rhdk,95.31,4969.9294375
wZprowKfWEk,0.152,1328.135
wc6RNDynw6Q,50.372,1958.97475
whXYjkEGaHg,8.707,2036.900875
wlIoFdjH-ek,29.953,3641.77125
wlNQSLhvSUI,13.095,1163.11075
wqrEbxl3U2E,189.861,3914.7683125
wwnxWUCiIDs,5.737,2900.66
wzxnfm9536wyfflqxr3xhdhnpdnz,38.256,1863.862875
x37bp17kgo96jxqg7hne35n8q3gd,21.819,1429.107
xCTeh9tO71M,114.193,834.293
xJE7BpaLnqg,10.665,2499.9764375
xJxhyT6dBcg,288.664,2685.318125
xQJhXI1sQqI,8.235,2202.691375
xRrt4f9pz0g,52.751,2697.6195625
xgRtGWDfvhM,4.286,3631.0436875
xlqJZ-VnsgE,114.868,2638.46025
xmxnGEk46FI,8.792,2965.861625
xtzscvx5w2kdafnq8rr7xr3usifu,132.216,2445.2179375
y0MB-FsEsX4,6.058,1780.157875
yC0-Bgk9ej8,42.002,3055.4441875
yL2q8i0XL7w,31.455,1632.9846875
yNod7rM_JOk,6.598,2131.011375
yRB94LUVm8U,120.606,1570.9693125
yRsg6SU44Xs,20.216,1080.6891875
ycUUD3lQSkc,24.857,2594.22625
yi569lca5fehexuc7dwow55yklbo,24.587,1317.250625
yubYNyBHBJ8,11.745,2649.07175
z2wi5DKTB-8,18.782,2339.9909375
z4oe9L4lW5g,0.877,1780.454625
z5R_r2GawUI,9.501,3993.8155
z964lssck2nzeve5iv7exo75hi72,7.172,952.6335
zC3LRqNeWic,33.007,2647.8875625
zEZHyW9MUVs,7.29,1774.0974375
zM9bQz6Iw4Y,53.122,2563.8545625
zMMvL9mrDBE,78.975,3528.9919375
zMe-KFpLZSI,65.559,2657.686375
zQAexxLJG6Y,12.521,1923.5875
za7sfo07o4jwxtshtl9v120lh51c,20.419,1404.9436875
zbkrqnhac1a5dhuy26vnb2j9b8d5,45.866,1157.0416875
zbwykudpwodx9tg20yadmp7wbdj7,142.442,2466.5078125
ze8spwmci6gu3vts6porjijp1bok,16.807,1495.8985625
zpXDluGqSZQ,31.843,1497.0601875
ztCvhvLQZi4,4.776,1759.3295625
zvf4pocbp18rp0f6rx4dl6rb0fto,26.73,1224.4636875
