/project/Corpora/speech/6000_ASR/MIEN_BAC/-BAVFwWaKkc.wav,1663.64,1610.34
/project/Corpora/speech/6000_ASR/MIEN_BAC/-DwTfNcuMjg.wav,3708.25,3622.42
/project/Corpora/speech/6000_ASR/MIEN_BAC/-GzKWe9Kls8.wav,3629.14,3422.76
/project/Corpora/speech/6000_ASR/MIEN_BAC/-bGu3BcT3F0.wav,2221.291,1811.38
/project/Corpora/speech/6000_ASR/MIEN_BAC/-eOEBFpcyXw.wav,2955.9,2694.68
/project/Corpora/speech/6000_ASR/MIEN_BAC/-i3qsfSnuCk.wav,2679.722,2427.84
/project/Corpora/speech/6000_ASR/MIEN_BAC/-j6m1rufHeo.wav,2839.499,2680.96
/project/Corpora/speech/6000_ASR/MIEN_BAC/-vIOA7Rhds8.wav,1644.368,1532.1
/project/Corpora/speech/6000_ASR/MIEN_BAC/-vT-NpZtANQ.wav,1646.295,1599.16
/project/Corpora/speech/6000_ASR/MIEN_BAC/-zgZP8m9A3E.wav,907.297,871.98
/project/Corpora/speech/6000_ASR/MIEN_BAC/03aniyx2okgfyz153ukz3kyh5hks.wav,1375.164,1329.16
/project/Corpora/speech/6000_ASR/MIEN_BAC/04VGJRqeOFQ.wav,2348.768,2045.42
/project/Corpora/speech/6000_ASR/MIEN_BAC/06a3hYjgaKo.wav,2975.103,2735.36
/project/Corpora/speech/6000_ASR/MIEN_BAC/0AJQqmGGn5c.wav,1740.963,1644.56
/project/Corpora/speech/6000_ASR/MIEN_BAC/0Is8iscse1k.wav,3808.026,3717.7
/project/Corpora/speech/6000_ASR/MIEN_BAC/0LvX_FgA6Pk.wav,1187.445,1126.54
/project/Corpora/speech/6000_ASR/MIEN_BAC/0VREXFzVv7A.wav,4808.876,4612.62
/project/Corpora/speech/6000_ASR/MIEN_BAC/0bpumdhi5rqexcistvzekx1w5cez.wav,4456.438,4201.24
/project/Corpora/speech/6000_ASR/MIEN_BAC/0mt88oi7nmswonaqqouesxtfopv8.wav,1508.049,1435.74
/project/Corpora/speech/6000_ASR/MIEN_BAC/0u2BIS6U2xs.wav,2514.35,2101.08
/project/Corpora/speech/6000_ASR/MIEN_BAC/12f90iBAbSY.wav,2279.131,2206.12
/project/Corpora/speech/6000_ASR/MIEN_BAC/13rs9sa5qtxyxez0ad9fn8vc7p6i.wav,3127.197,2967.1
/project/Corpora/speech/6000_ASR/MIEN_BAC/19tsvg4Yfoo.wav,3053.865,2551.8
/project/Corpora/speech/6000_ASR/MIEN_BAC/1GkVO47sXHA.wav,2110.74,1926.54
/project/Corpora/speech/6000_ASR/MIEN_BAC/1Oy7tzeXeGc.wav,1920.987,1850.4
/project/Corpora/speech/6000_ASR/MIEN_BAC/1PTysti9q0Y.wav,1420.039,1278.56
/project/Corpora/speech/6000_ASR/MIEN_BAC/1T9fWJQuEKc.wav,4368.626,3572.78
/project/Corpora/speech/6000_ASR/MIEN_BAC/1YE21Rm0Gnw.wav,3634.062,3402.46
/project/Corpora/speech/6000_ASR/MIEN_BAC/1YGQFZli_1A.wav,1910.166,1770.58
/project/Corpora/speech/6000_ASR/MIEN_BAC/1ZqwdmR0Vz8.wav,2232.274,1896.74
/project/Corpora/speech/6000_ASR/MIEN_BAC/1iw5QPQfeU4.wav,1662.177,1099.88
/project/Corpora/speech/6000_ASR/MIEN_BAC/1kUNKmJ8pLE.wav,2237.266,2066.14
/project/Corpora/speech/6000_ASR/MIEN_BAC/1qOsx7rJ68M.wav,2512.933,2080.84
/project/Corpora/speech/6000_ASR/MIEN_BAC/1sdrdV58VgA.wav,2131.726,1695.52
/project/Corpora/speech/6000_ASR/MIEN_BAC/1soqF99ck4k.wav,3927.144,3617.68
/project/Corpora/speech/6000_ASR/MIEN_BAC/1yRXD45xT0s.wav,3653.962,3532.4
/project/Corpora/speech/6000_ASR/MIEN_BAC/1zGiW9ehvKk.wav,3033.316,2794.02
/project/Corpora/speech/6000_ASR/MIEN_BAC/2-2o35tChCM.wav,2186.368,1644.42
/project/Corpora/speech/6000_ASR/MIEN_BAC/23O89ryasdw.wav,2224.054,2049.76
/project/Corpora/speech/6000_ASR/MIEN_BAC/25r1c04ecjigpip0ttihwl03dsvt.wav,997.355,953.68
/project/Corpora/speech/6000_ASR/MIEN_BAC/26kCYXMp7Wo.wav,2187.9,1960.68
/project/Corpora/speech/6000_ASR/MIEN_BAC/29emw5IkvyE.wav,553.308,454.2
/project/Corpora/speech/6000_ASR/MIEN_BAC/2DU7MCpI11A.wav,2732.199,2411.76
/project/Corpora/speech/6000_ASR/MIEN_BAC/2FSG87bn_RI.wav,3908.569,3463.0
/project/Corpora/speech/6000_ASR/MIEN_BAC/2RYF_g12m8c.wav,2024.548,1864.42
/project/Corpora/speech/6000_ASR/MIEN_BAC/2SbxogXOxqE.wav,411.202,392.32
/project/Corpora/speech/6000_ASR/MIEN_BAC/2TMyuC5uvTs.wav,678.278,617.94
/project/Corpora/speech/6000_ASR/MIEN_BAC/2bc4MIwFLDk.wav,1600.737,1582.12
/project/Corpora/speech/6000_ASR/MIEN_BAC/2eDvg_8OZ-8.wav,560.785,537.56
/project/Corpora/speech/6000_ASR/MIEN_BAC/2hwd0vn5h2nlxrlc64lczropsvos.wav,4470.283,3558.64
/project/Corpora/speech/6000_ASR/MIEN_BAC/2iyxp9UQiSE.wav,3538.141,3421.76
/project/Corpora/speech/6000_ASR/MIEN_BAC/2nmkpnc0ldp9ctz6elehm48b4juw.wav,2843.768,2578.56
/project/Corpora/speech/6000_ASR/MIEN_BAC/2v0EMhlpARI.wav,1966.87,1788.34
/project/Corpora/speech/6000_ASR/MIEN_BAC/39G3BAQbmqQ.wav,2196.329,1562.76
/project/Corpora/speech/6000_ASR/MIEN_BAC/3AdsEnKt3Pw.wav,1694.221,1453.72
/project/Corpora/speech/6000_ASR/MIEN_BAC/3Bk1u2WBFi4.wav,1059.852,1004.6
/project/Corpora/speech/6000_ASR/MIEN_BAC/3GcKFgcjM48.wav,1633.263,1476.88
/project/Corpora/speech/6000_ASR/MIEN_BAC/3R-2VHjenIc.wav,4067.95,3658.84
/project/Corpora/speech/6000_ASR/MIEN_BAC/3SQ5hNHqjmI.wav,1956.281,1884.3
/project/Corpora/speech/6000_ASR/MIEN_BAC/3UlA1RIiP98.wav,2261.252,2108.42
/project/Corpora/speech/6000_ASR/MIEN_BAC/3e825a7b-7b0d-c9b6-dbd6-ccfa2eae2c4c.wav,2220.969,2182.92
/project/Corpora/speech/6000_ASR/MIEN_BAC/3e9s8qzoz6nokt31hau5kmoqoitg.wav,3223.249,2912.48
/project/Corpora/speech/6000_ASR/MIEN_BAC/3lphjqwo03rjv0y24lbni58ysj58.wav,1326.393,1256.22
/project/Corpora/speech/6000_ASR/MIEN_BAC/3ni3xzv3evyw5ungn0eb5whg62vx.wav,1569.411,1517.48
/project/Corpora/speech/6000_ASR/MIEN_BAC/3skuWWohf0M.wav,1668.005,1466.32
/project/Corpora/speech/6000_ASR/MIEN_BAC/3vYDSSqQmss.wav,1757.426,1727.96
/project/Corpora/speech/6000_ASR/MIEN_BAC/3xzHNTOgtwU.wav,1783.734,1613.76
/project/Corpora/speech/6000_ASR/MIEN_BAC/3yr1y7a6v0kfgjmn9rhwiyxyh1y9.wav,1680.954,1569.98
/project/Corpora/speech/6000_ASR/MIEN_BAC/44Qbld2v47M.wav,2731.897,2440.08
/project/Corpora/speech/6000_ASR/MIEN_BAC/475nM-abLkw.wav,1603.872,1217.96
/project/Corpora/speech/6000_ASR/MIEN_BAC/4HmjmLgB6-s.wav,4122.726,3805.14
/project/Corpora/speech/6000_ASR/MIEN_BAC/4ekdabgvLA0.wav,4196.008,3394.92
/project/Corpora/speech/6000_ASR/MIEN_BAC/4exyVeyesY4.wav,1898.881,1652.78
/project/Corpora/speech/6000_ASR/MIEN_BAC/4fzx4gYlbYc.wav,2479.828,2229.36
/project/Corpora/speech/6000_ASR/MIEN_BAC/4mfy4boea43stvflt8pgdi27leey.wav,2966.465,2682.2
/project/Corpora/speech/6000_ASR/MIEN_BAC/4pmh6h2h6j5uz01s1txumkm3893h.wav,1919.53,1863.06
/project/Corpora/speech/6000_ASR/MIEN_BAC/4s42edse3zpytozv4h5atsmibg3a.wav,1746.443,1658.78
/project/Corpora/speech/6000_ASR/MIEN_BAC/4tnXFF75_VA.wav,2103.774,1958.02
/project/Corpora/speech/6000_ASR/MIEN_BAC/4uvl3KzRLVg.wav,2585.054,2481.54
/project/Corpora/speech/6000_ASR/MIEN_BAC/4xlev93o3yx0z76l0nhl7quavmpg.wav,1436.526,1386.98
/project/Corpora/speech/6000_ASR/MIEN_BAC/50RPsJEfyU8.wav,976.399,931.5
/project/Corpora/speech/6000_ASR/MIEN_BAC/55rignewh6nfc5j2awz22fubypcu.wav,3199.687,3035.12
/project/Corpora/speech/6000_ASR/MIEN_BAC/5BTVIIoaAzE.wav,1768.223,1482.62
/project/Corpora/speech/6000_ASR/MIEN_BAC/5BcpYb3rwdA.wav,2779.498,2521.9
/project/Corpora/speech/6000_ASR/MIEN_BAC/5CMso6QidHA.wav,3766.021,3439.26
/project/Corpora/speech/6000_ASR/MIEN_BAC/5CeQTtvPCmo.wav,3672.491,3551.66
/project/Corpora/speech/6000_ASR/MIEN_BAC/5CoYDbJuO1g.wav,2365.347,2174.0
/project/Corpora/speech/6000_ASR/MIEN_BAC/5IxJJT80lLo.wav,3762.747,3021.96
/project/Corpora/speech/6000_ASR/MIEN_BAC/5KOHoPOHJ4E.wav,3465.625,3323.42
/project/Corpora/speech/6000_ASR/MIEN_BAC/5McQ1VW5KeI.wav,2344.728,2167.72
/project/Corpora/speech/6000_ASR/MIEN_BAC/5_3xIKbW4Jw.wav,1708.594,1632.18
/project/Corpora/speech/6000_ASR/MIEN_BAC/5mhghrp0rpy70rqarjx4c6p94hwz.wav,1708.016,1606.34
/project/Corpora/speech/6000_ASR/MIEN_BAC/5owBCUS6iwA.wav,2888.098,2797.64
/project/Corpora/speech/6000_ASR/MIEN_BAC/622c9c5a-48f4-54d9-e726-d67c7076722c.wav,1992.723,1871.1
/project/Corpora/speech/6000_ASR/MIEN_BAC/62p19-tOtoM.wav,1237.461,1204.7
/project/Corpora/speech/6000_ASR/MIEN_BAC/65WJLvbwUhU.wav,1498.593,637.54
/project/Corpora/speech/6000_ASR/MIEN_BAC/66jfp6373ttw2s479b929oke3d8v.wav,1342.38,1295.54
/project/Corpora/speech/6000_ASR/MIEN_BAC/6G6U8VC4a2I.wav,2351.299,1939.38
/project/Corpora/speech/6000_ASR/MIEN_BAC/6HgmVVvKkAI.wav,2297.011,2009.42
/project/Corpora/speech/6000_ASR/MIEN_BAC/6Sl4OB90Yzs.wav,2355.014,1984.48
/project/Corpora/speech/6000_ASR/MIEN_BAC/6cZzBiDJhBk.wav,3006.938,2526.82
/project/Corpora/speech/6000_ASR/MIEN_BAC/6h70zbvbpdxsgi055adp4fc55kp5.wav,1046.283,993.98
/project/Corpora/speech/6000_ASR/MIEN_BAC/6iG7yW2G3Ro.wav,1265.162,1204.6
/project/Corpora/speech/6000_ASR/MIEN_BAC/6n2kheyar8eugdl4r3jlauf299jp.wav,1380.049,1336.44
/project/Corpora/speech/6000_ASR/MIEN_BAC/7-NphbsAuJE.wav,2690.171,2408.06
/project/Corpora/speech/6000_ASR/MIEN_BAC/797EyqVof6w.wav,1736.766,1374.26
/project/Corpora/speech/6000_ASR/MIEN_BAC/7K_z0AZPGoM.wav,3782.066,3480.68
/project/Corpora/speech/6000_ASR/MIEN_BAC/7L2kjei-gac.wav,2216.484,1928.78
/project/Corpora/speech/6000_ASR/MIEN_BAC/7LuhEMk1kFQ.wav,2410.44,2362.02
/project/Corpora/speech/6000_ASR/MIEN_BAC/7RJHNdicxFg.wav,2577.972,2292.52
/project/Corpora/speech/6000_ASR/MIEN_BAC/7RpCIXjot3A.wav,1618.658,1289.6
/project/Corpora/speech/6000_ASR/MIEN_BAC/7W8-RdReKZg.wav,1538.299,1363.26
/project/Corpora/speech/6000_ASR/MIEN_BAC/7aI0zhDmf4U.wav,2587.051,2339.34
/project/Corpora/speech/6000_ASR/MIEN_BAC/7eXOlhruLOQ.wav,1438.105,1355.02
/project/Corpora/speech/6000_ASR/MIEN_BAC/7hx8a0Zoq0k.wav,3832.036,3717.44
/project/Corpora/speech/6000_ASR/MIEN_BAC/7lVG5Eu6Pa4.wav,1826.691,1741.12
/project/Corpora/speech/6000_ASR/MIEN_BAC/7n329z_zo1c.wav,1388.762,1174.04
/project/Corpora/speech/6000_ASR/MIEN_BAC/7ptjb_5CCI4.wav,2589.032,2162.8
/project/Corpora/speech/6000_ASR/MIEN_BAC/7q53st72TRU.wav,1725.656,1593.32
/project/Corpora/speech/6000_ASR/MIEN_BAC/7wFL_SS3afM.wav,1248.198,1154.18
/project/Corpora/speech/6000_ASR/MIEN_BAC/7wWxtkL-vc4.wav,1771.991,1509.4
/project/Corpora/speech/6000_ASR/MIEN_BAC/8-bAzcmmz8A.wav,4400.344,3774.6
/project/Corpora/speech/6000_ASR/MIEN_BAC/81f23noje2mygqpgylyyoewzvngj.wav,1366.648,1289.78
/project/Corpora/speech/6000_ASR/MIEN_BAC/85bAOFBClg8.wav,3567.003,3485.9
/project/Corpora/speech/6000_ASR/MIEN_BAC/8957gh7m9ek9u1zvq53ezeb1rl5t.wav,1157.042,1110.78
/project/Corpora/speech/6000_ASR/MIEN_BAC/8Fm6euPt7T4.wav,2612.616,1178.34
/project/Corpora/speech/6000_ASR/MIEN_BAC/8POVvEIzPMM.wav,2296.523,2086.04
/project/Corpora/speech/6000_ASR/MIEN_BAC/8VEpn2o88tE.wav,3749.86,3534.8
/project/Corpora/speech/6000_ASR/MIEN_BAC/8dFSX1HQMWs.wav,2314.147,2105.66
/project/Corpora/speech/6000_ASR/MIEN_BAC/8ejWNITA-qc.wav,508.215,414.96
/project/Corpora/speech/6000_ASR/MIEN_BAC/8qpp2rpg97ay7gp3r8j89a5l7prr.wav,3653.773,3372.7
/project/Corpora/speech/6000_ASR/MIEN_BAC/8qsFB3y2aCI.wav,1666.491,1454.66
/project/Corpora/speech/6000_ASR/MIEN_BAC/8x53iipbzlg.wav,4025.667,3548.42
/project/Corpora/speech/6000_ASR/MIEN_BAC/96j7nvfFcgU.wav,3229.617,3227.18
/project/Corpora/speech/6000_ASR/MIEN_BAC/9DA58BHVpkg.wav,1785.336,1446.54
/project/Corpora/speech/6000_ASR/MIEN_BAC/9J6HsEtGHLw.wav,2460.154,2233.24
/project/Corpora/speech/6000_ASR/MIEN_BAC/9K7G64UcFzY.wav,2340.293,2082.62
/project/Corpora/speech/6000_ASR/MIEN_BAC/9VcOvTUFi9I.wav,2585.897,2226.72
/project/Corpora/speech/6000_ASR/MIEN_BAC/9WsMjhOWeD4.wav,7116.289,6032.78
/project/Corpora/speech/6000_ASR/MIEN_BAC/9Yu_uD8Xj5c.wav,2311.495,1745.02
/project/Corpora/speech/6000_ASR/MIEN_BAC/9_wfIF7CXzo.wav,2369.411,1921.72
/project/Corpora/speech/6000_ASR/MIEN_BAC/9be-A2cfQFg.wav,1841.668,1810.14
/project/Corpora/speech/6000_ASR/MIEN_BAC/9fgxUZrZ1g0.wav,3885.488,3622.9
/project/Corpora/speech/6000_ASR/MIEN_BAC/9h2xS7tBw9Q.wav,3605.664,3562.12
/project/Corpora/speech/6000_ASR/MIEN_BAC/9u494kmuj67qrxebmf3m5sft5xbg.wav,3379.644,3285.34
/project/Corpora/speech/6000_ASR/MIEN_BAC/A37XDqoSPF4.wav,2002.28,1790.04
/project/Corpora/speech/6000_ASR/MIEN_BAC/A3tVkdQzpQE.wav,1782.085,1723.2
/project/Corpora/speech/6000_ASR/MIEN_BAC/ADc1z30t9oM.wav,2523.73,2272.84
/project/Corpora/speech/6000_ASR/MIEN_BAC/AGw0lIZZA8c.wav,3641.051,3538.2
/project/Corpora/speech/6000_ASR/MIEN_BAC/AHlbXhj5GFo.wav,3663.737,3267.36
/project/Corpora/speech/6000_ASR/MIEN_BAC/AO8uOSj8RBI.wav,2551.13,2330.34
/project/Corpora/speech/6000_ASR/MIEN_BAC/ATWG1hyG7sE.wav,1742.014,1701.92
/project/Corpora/speech/6000_ASR/MIEN_BAC/AWjn6D4UeQM.wav,2462.569,2062.56
/project/Corpora/speech/6000_ASR/MIEN_BAC/A_68QSdEW4k.wav,2604.931,2211.4
/project/Corpora/speech/6000_ASR/MIEN_BAC/AjA0I79EfJs.wav,1739.059,1649.12
/project/Corpora/speech/6000_ASR/MIEN_BAC/AkKB-46QTfg.wav,1566.216,1340.24
/project/Corpora/speech/6000_ASR/MIEN_BAC/AngCqq7eBlw.wav,2079.092,1943.98
/project/Corpora/speech/6000_ASR/MIEN_BAC/B-Arnr-pMiY.wav,4476.296,3784.66
/project/Corpora/speech/6000_ASR/MIEN_BAC/B3ltUJFCYQw.wav,4551.483,4161.44
/project/Corpora/speech/6000_ASR/MIEN_BAC/BP8OGIsfAzY.wav,1669.004,1589.5
/project/Corpora/speech/6000_ASR/MIEN_BAC/BRlNL3WrNV4.wav,4482.45,3616.84
/project/Corpora/speech/6000_ASR/MIEN_BAC/BYLp8Qc_xgE.wav,1538.136,1521.14
/project/Corpora/speech/6000_ASR/MIEN_BAC/BYcojc4JkaE.wav,6103.458,5886.78
/project/Corpora/speech/6000_ASR/MIEN_BAC/Bak9lyLQLiI.wav,1645.877,1494.36
/project/Corpora/speech/6000_ASR/MIEN_BAC/Bfdmbu4Emt8.wav,1744.515,1695.58
/project/Corpora/speech/6000_ASR/MIEN_BAC/BnmEr1HOVOs.wav,2615.798,2438.68
/project/Corpora/speech/6000_ASR/MIEN_BAC/C0-VicxLBXs.wav,2303.536,1964.92
/project/Corpora/speech/6000_ASR/MIEN_BAC/C9UN49SPbQY.wav,2190.478,1878.38
/project/Corpora/speech/6000_ASR/MIEN_BAC/CV0wweYHK9k.wav,3479.464,3393.98
/project/Corpora/speech/6000_ASR/MIEN_BAC/CXYk2kY_pNo.wav,1808.068,1730.4
/project/Corpora/speech/6000_ASR/MIEN_BAC/CfxUJ3WO6TI.wav,2114.548,1726.22
/project/Corpora/speech/6000_ASR/MIEN_BAC/CpzlLIeNcVs.wav,2159.386,1887.3
/project/Corpora/speech/6000_ASR/MIEN_BAC/Cvfkflsl7Fs.wav,2194.402,1961.26
/project/Corpora/speech/6000_ASR/MIEN_BAC/CzKzpNlRNf0.wav,2662.655,2093.74
/project/Corpora/speech/6000_ASR/MIEN_BAC/D3tW8MeodAw.wav,3485.153,3351.86
/project/Corpora/speech/6000_ASR/MIEN_BAC/D5pUc9PHLZE.wav,3537.816,3312.14
/project/Corpora/speech/6000_ASR/MIEN_BAC/DAJtLG_jtwE.wav,2487.438,1827.74
/project/Corpora/speech/6000_ASR/MIEN_BAC/DO08taKyjpM.wav,2366.764,1921.14
/project/Corpora/speech/6000_ASR/MIEN_BAC/DTbnXzWlPSQ.wav,1453.616,1313.56
/project/Corpora/speech/6000_ASR/MIEN_BAC/DU4Q9k4Z9L8.wav,2345.633,2040.6
/project/Corpora/speech/6000_ASR/MIEN_BAC/DWT1lpffK-Q.wav,2086.429,1838.18
/project/Corpora/speech/6000_ASR/MIEN_BAC/Dh4S-Wq4YPc.wav,964.534,908.7
/project/Corpora/speech/6000_ASR/MIEN_BAC/DwQaqtHbPOU.wav,2242.268,2125.96
/project/Corpora/speech/6000_ASR/MIEN_BAC/E-l3tXLaHGI.wav,2579.598,2114.26
/project/Corpora/speech/6000_ASR/MIEN_BAC/E1uI6QoClUQ.wav,3666.059,3386.44
/project/Corpora/speech/6000_ASR/MIEN_BAC/E6RiICO8y5s.wav,2605.418,2435.4
/project/Corpora/speech/6000_ASR/MIEN_BAC/E8Ik5CT7j4o.wav,1783.223,1681.44
/project/Corpora/speech/6000_ASR/MIEN_BAC/EALv-DEa1U8.wav,2321.317,1538.48
/project/Corpora/speech/6000_ASR/MIEN_BAC/EEzSIDiiB-E.wav,2420.03,2111.26
/project/Corpora/speech/6000_ASR/MIEN_BAC/EFmUlaamlYg.wav,2609.691,2440.82
/project/Corpora/speech/6000_ASR/MIEN_BAC/ENcRijTniP8.wav,641.498,560.78
/project/Corpora/speech/6000_ASR/MIEN_BAC/EfRWyXQvIr8.wav,1693.826,1622.2
/project/Corpora/speech/6000_ASR/MIEN_BAC/EkCsBN1ut_Q.wav,2459.527,2124.48
/project/Corpora/speech/6000_ASR/MIEN_BAC/Em52jVkKh_A.wav,2567.709,2413.16
/project/Corpora/speech/6000_ASR/MIEN_BAC/F7IgrktK7AU.wav,2401.849,1505.68
/project/Corpora/speech/6000_ASR/MIEN_BAC/FJ_ehPesBcw.wav,2516.214,1945.6
/project/Corpora/speech/6000_ASR/MIEN_BAC/FLl-CyZ8fKU.wav,2679.235,2155.46
/project/Corpora/speech/6000_ASR/MIEN_BAC/FVH-WiVEibo.wav,3539.464,2968.2
/project/Corpora/speech/6000_ASR/MIEN_BAC/FX6dhO7z1kU.wav,3683.405,3633.76
/project/Corpora/speech/6000_ASR/MIEN_BAC/Fk22HhtyZbE.wav,1771.543,1611.66
/project/Corpora/speech/6000_ASR/MIEN_BAC/Fo05A3AQ7Qo.wav,3611.864,3534.94
/project/Corpora/speech/6000_ASR/MIEN_BAC/Fx69dQtBQhs.wav,1702.185,1488.36
/project/Corpora/speech/6000_ASR/MIEN_BAC/G-dPmsTRetc.wav,3093.711,2986.3
/project/Corpora/speech/6000_ASR/MIEN_BAC/G7pn8c2g4_o.wav,1862.264,1770.86
/project/Corpora/speech/6000_ASR/MIEN_BAC/GAz5yVL8u0k.wav,2052.458,1934.56
/project/Corpora/speech/6000_ASR/MIEN_BAC/GBJcN5urGg8.wav,2323.9,1889.66
/project/Corpora/speech/6000_ASR/MIEN_BAC/GGpdrzz7ogc.wav,1789.708,1564.3
/project/Corpora/speech/6000_ASR/MIEN_BAC/GJx4SCpHv7s.wav,2817.44,2678.5
/project/Corpora/speech/6000_ASR/MIEN_BAC/GNSOTd11cNk.wav,2444.597,1930.74
/project/Corpora/speech/6000_ASR/MIEN_BAC/GSztF3k0nio.wav,2522.43,2202.32
/project/Corpora/speech/6000_ASR/MIEN_BAC/GUIHVB2oHtc.wav,1058.999,990.94
/project/Corpora/speech/6000_ASR/MIEN_BAC/GasCn0OIHYU.wav,1601.573,1543.66
/project/Corpora/speech/6000_ASR/MIEN_BAC/GbkFvbIsriQ.wav,1736.453,1437.82
/project/Corpora/speech/6000_ASR/MIEN_BAC/Go1C5habCRk.wav,1586.271,1555.38
/project/Corpora/speech/6000_ASR/MIEN_BAC/GvFsysP4Be0.wav,2186.391,1597.6
/project/Corpora/speech/6000_ASR/MIEN_BAC/H-m31_qfHzY.wav,2347.514,2072.46
/project/Corpora/speech/6000_ASR/MIEN_BAC/H2mhxGAlWLw.wav,1529.684,1466.2
/project/Corpora/speech/6000_ASR/MIEN_BAC/H6oj3uQ7FNI.wav,2679.281,1922.06
/project/Corpora/speech/6000_ASR/MIEN_BAC/HOtgAFx20TQ.wav,3919.993,3390.36
/project/Corpora/speech/6000_ASR/MIEN_BAC/HXyGibH99IU.wav,1650.829,1408.66
/project/Corpora/speech/6000_ASR/MIEN_BAC/HtXL2a84I7s.wav,1805.421,1743.7
/project/Corpora/speech/6000_ASR/MIEN_BAC/Hwhrhj3Jr-g.wav,3705.487,3608.46
/project/Corpora/speech/6000_ASR/MIEN_BAC/I--555lkaY8.wav,2529.698,2249.7
/project/Corpora/speech/6000_ASR/MIEN_BAC/I1MpiQiLNlo.wav,2410.255,2157.62
/project/Corpora/speech/6000_ASR/MIEN_BAC/IAsmP-0_Mf4.wav,2968.068,2890.14
/project/Corpora/speech/6000_ASR/MIEN_BAC/IL7FWjKo964.wav,3174.377,2995.96
/project/Corpora/speech/6000_ASR/MIEN_BAC/IMJdLp2-KSQ.wav,2403.196,2005.62
/project/Corpora/speech/6000_ASR/MIEN_BAC/IS95CUXpHEk.wav,2194.657,1938.06
/project/Corpora/speech/6000_ASR/MIEN_BAC/IZ-xgqC3vpc.wav,1321.819,1259.02
/project/Corpora/speech/6000_ASR/MIEN_BAC/IocupJ7YhXM.wav,611.381,584.12
/project/Corpora/speech/6000_ASR/MIEN_BAC/IpLHgualsHA.wav,1724.523,1672.66
/project/Corpora/speech/6000_ASR/MIEN_BAC/IvUS6TOKnVw.wav,4194.592,3773.92
/project/Corpora/speech/6000_ASR/MIEN_BAC/IxzTQu97LKE.wav,2522.848,2291.98
/project/Corpora/speech/6000_ASR/MIEN_BAC/J-VQMik8LZE.wav,3464.208,3307.54
/project/Corpora/speech/6000_ASR/MIEN_BAC/J55fwR_Xwic.wav,2333.264,1825.36
/project/Corpora/speech/6000_ASR/MIEN_BAC/J7LqcOBmaYs.wav,2001.467,1713.62
/project/Corpora/speech/6000_ASR/MIEN_BAC/JEWbpuOcnQ4.wav,2689.939,2206.68
/project/Corpora/speech/6000_ASR/MIEN_BAC/JFjNzaIpqjk.wav,2770.071,2315.96
/project/Corpora/speech/6000_ASR/MIEN_BAC/JP5jV6SdY2g.wav,3700.75,3638.48
/project/Corpora/speech/6000_ASR/MIEN_BAC/JPpHU6itEiw.wav,1499.312,1337.46
/project/Corpora/speech/6000_ASR/MIEN_BAC/JVFG4-IkmaE.wav,3663.528,3526.56
/project/Corpora/speech/6000_ASR/MIEN_BAC/JZh1R_iHqF4.wav,2528.909,2126.2
/project/Corpora/speech/6000_ASR/MIEN_BAC/JiqEKwUCTQM.wav,1416.208,1369.92
/project/Corpora/speech/6000_ASR/MIEN_BAC/JwHLGW8jZyk.wav,2580.294,2192.48
/project/Corpora/speech/6000_ASR/MIEN_BAC/K8UqiCxzLCg.wav,2546.068,2487.62
/project/Corpora/speech/6000_ASR/MIEN_BAC/KLJtmsu2nfw.wav,3666.013,3549.16
/project/Corpora/speech/6000_ASR/MIEN_BAC/KMLzj-cicAk.wav,1506.929,1309.46
/project/Corpora/speech/6000_ASR/MIEN_BAC/KUO5TDzc4Eg.wav,2823.732,2665.32
/project/Corpora/speech/6000_ASR/MIEN_BAC/KYBr2coawjY.wav,1414.938,1157.16
/project/Corpora/speech/6000_ASR/MIEN_BAC/KYUqOOXbfd4.wav,1498.297,1226.22
/project/Corpora/speech/6000_ASR/MIEN_BAC/Kq85mau3ooM.wav,4052.463,3957.78
/project/Corpora/speech/6000_ASR/MIEN_BAC/Kzjq-KxoFao.wav,3735.58,3304.16
/project/Corpora/speech/6000_ASR/MIEN_BAC/L9z1D9k-kGQ.wav,3593.636,3572.42
/project/Corpora/speech/6000_ASR/MIEN_BAC/LG7md0RU-xo.wav,3567.653,3181.96
/project/Corpora/speech/6000_ASR/MIEN_BAC/LI2Ke74xO3c.wav,1855.321,1696.3
/project/Corpora/speech/6000_ASR/MIEN_BAC/LK0yrG-SGTg.wav,1710.15,1575.96
/project/Corpora/speech/6000_ASR/MIEN_BAC/LN7yx6k6c_U.wav,1662.479,1529.52
/project/Corpora/speech/6000_ASR/MIEN_BAC/LPxuSEV_wlk.wav,2780.288,2749.54
/project/Corpora/speech/6000_ASR/MIEN_BAC/LQrqDdefSfg.wav,1422.315,1372.02
/project/Corpora/speech/6000_ASR/MIEN_BAC/LXpPLqvaaKs.wav,4319.562,3835.42
/project/Corpora/speech/6000_ASR/MIEN_BAC/LZz5FLgs5EI.wav,2037.778,1903.58
/project/Corpora/speech/6000_ASR/MIEN_BAC/L_xJ6z_Nun0.wav,1314.319,1129.76
/project/Corpora/speech/6000_ASR/MIEN_BAC/LmAoNYId7q8.wav,2385.99,2362.48
/project/Corpora/speech/6000_ASR/MIEN_BAC/LovzvRZOBDg.wav,2280.734,1955.12
/project/Corpora/speech/6000_ASR/MIEN_BAC/LsXldwI6N0Y.wav,4033.562,3655.12
/project/Corpora/speech/6000_ASR/MIEN_BAC/LyMqy98jFSQ.wav,3723.413,3434.5
/project/Corpora/speech/6000_ASR/MIEN_BAC/M1Z0z3-aonI.wav,1918.2,1791.78
/project/Corpora/speech/6000_ASR/MIEN_BAC/M6IQYbSnv94.wav,2610.41,1776.02
/project/Corpora/speech/6000_ASR/MIEN_BAC/ME9j_EZkMuM.wav,3857.415,3623.9
/project/Corpora/speech/6000_ASR/MIEN_BAC/MIvP-nz2QXQ.wav,3617.901,3540.3
/project/Corpora/speech/6000_ASR/MIEN_BAC/MMP07RR-XsU.wav,4103.105,2983.96
/project/Corpora/speech/6000_ASR/MIEN_BAC/MQNhii9E5EE.wav,1686.581,1610.76
/project/Corpora/speech/6000_ASR/MIEN_BAC/MSDd2pJSymY.wav,2689.939,2495.88
/project/Corpora/speech/6000_ASR/MIEN_BAC/M_eui3Z2mX0.wav,1715.973,1553.9
/project/Corpora/speech/6000_ASR/MIEN_BAC/Mbh4NOfAS6s.wav,1798.618,1771.36
/project/Corpora/speech/6000_ASR/MIEN_BAC/Me9aO38zRqI.wav,1789.104,1432.4
/project/Corpora/speech/6000_ASR/MIEN_BAC/MfOzSm87mAI.wav,3755.549,3619.92
/project/Corpora/speech/6000_ASR/MIEN_BAC/MjcGxdggGes.wav,1531.449,1330.16
/project/Corpora/speech/6000_ASR/MIEN_BAC/MkKyrlM3pgg.wav,2959.778,2726.62
/project/Corpora/speech/6000_ASR/MIEN_BAC/MpFWjczF5NI.wav,3588.992,3426.74
/project/Corpora/speech/6000_ASR/MIEN_BAC/N9V5p_DNWMU.wav,1127.654,986.9
/project/Corpora/speech/6000_ASR/MIEN_BAC/NEDisX4TA9Q.wav,1419.343,1274.4
/project/Corpora/speech/6000_ASR/MIEN_BAC/NGGiTjeKcOk.wav,2177.358,1853.42
/project/Corpora/speech/6000_ASR/MIEN_BAC/NVO8J0LgSfs.wav,1956.653,1853.86
/project/Corpora/speech/6000_ASR/MIEN_BAC/NgZvwwPFs54.wav,3773.15,3698.0
/project/Corpora/speech/6000_ASR/MIEN_BAC/NiNmICd8WdI.wav,885.284,857.56
/project/Corpora/speech/6000_ASR/MIEN_BAC/NnhZYRKDU6Y.wav,2629.637,1886.44
/project/Corpora/speech/6000_ASR/MIEN_BAC/NwtZ61zmMjU.wav,983.04,936.28
/project/Corpora/speech/6000_ASR/MIEN_BAC/OCrUEi_8uT0.wav,1754.576,1450.64
/project/Corpora/speech/6000_ASR/MIEN_BAC/OEvTon7rbiw.wav,2352.53,1732.12
/project/Corpora/speech/6000_ASR/MIEN_BAC/OF0tnwdTu0k.wav,1832.078,1463.84
/project/Corpora/speech/6000_ASR/MIEN_BAC/OPH38sHHrH8.wav,1823.022,1460.58
/project/Corpora/speech/6000_ASR/MIEN_BAC/OR5SccoFwGA.wav,2338.133,2042.04
/project/Corpora/speech/6000_ASR/MIEN_BAC/OcmuHH0o1KU.wav,1356.636,1271.08
/project/Corpora/speech/6000_ASR/MIEN_BAC/OiogXYS3Sq8.wav,3525.416,3412.86
/project/Corpora/speech/6000_ASR/MIEN_BAC/Oub2SnKeMkg.wav,1759.701,1460.74
/project/Corpora/speech/6000_ASR/MIEN_BAC/PG6Ea0ozYoE.wav,3832.268,3489.5
/project/Corpora/speech/6000_ASR/MIEN_BAC/PU1FXStBTNQ.wav,1773.679,1467.98
/project/Corpora/speech/6000_ASR/MIEN_BAC/PeveTgkG2lo.wav,2663.422,2343.06
/project/Corpora/speech/6000_ASR/MIEN_BAC/Pll6xsWIR7w.wav,4049.699,3272.22
/project/Corpora/speech/6000_ASR/MIEN_BAC/PnaSIHXZZx4.wav,1695.893,1446.4
/project/Corpora/speech/6000_ASR/MIEN_BAC/Pq04DLEAOuc.wav,1670.072,1562.88
/project/Corpora/speech/6000_ASR/MIEN_BAC/PsMnb20z_9o.wav,2796.611,2501.76
/project/Corpora/speech/6000_ASR/MIEN_BAC/PwwtJv8byqo.wav,2300.401,1992.14
/project/Corpora/speech/6000_ASR/MIEN_BAC/Q8rEbGGdf48.wav,1494.251,1420.4
/project/Corpora/speech/6000_ASR/MIEN_BAC/QD3JB4jhtYM.wav,2620.047,2422.22
/project/Corpora/speech/6000_ASR/MIEN_BAC/QI5ECmk8xgo.wav,1581.627,1148.82
/project/Corpora/speech/6000_ASR/MIEN_BAC/QTy2RObv310.wav,2077.536,1939.4
/project/Corpora/speech/6000_ASR/MIEN_BAC/QW8LpINn46E.wav,2639.25,2190.86
/project/Corpora/speech/6000_ASR/MIEN_BAC/Qk1zwGX-Hxk.wav,3653.985,3575.4
/project/Corpora/speech/6000_ASR/MIEN_BAC/QkbKSwhGLXA.wav,2351.578,2071.0
/project/Corpora/speech/6000_ASR/MIEN_BAC/Qmtron1lBFY.wav,2198.489,1897.44
/project/Corpora/speech/6000_ASR/MIEN_BAC/Qtd0PTTbSgM.wav,1518.91,1247.5
/project/Corpora/speech/6000_ASR/MIEN_BAC/QwPIWw551y8.wav,2620.024,2275.98
/project/Corpora/speech/6000_ASR/MIEN_BAC/QyYBq7ch738.wav,2373.358,2178.82
/project/Corpora/speech/6000_ASR/MIEN_BAC/QyjcdD6bHPg.wav,1827.968,477.64
/project/Corpora/speech/6000_ASR/MIEN_BAC/QyvECK01HEk.wav,4418.386,3608.02
/project/Corpora/speech/6000_ASR/MIEN_BAC/RM2o2V_CM-U.wav,1341.533,1181.38
/project/Corpora/speech/6000_ASR/MIEN_BAC/ROeswfAZmBI.wav,2146.174,1771.44
/project/Corpora/speech/6000_ASR/MIEN_BAC/RRxT-s2BQ5Y.wav,2730.063,2496.74
/project/Corpora/speech/6000_ASR/MIEN_BAC/RW0wV6OeY1M.wav,2471.764,2063.22
/project/Corpora/speech/6000_ASR/MIEN_BAC/R_LDJr8rkH8.wav,1635.66,1569.28
/project/Corpora/speech/6000_ASR/MIEN_BAC/Rr16NStam6U.wav,2655.852,2101.94
/project/Corpora/speech/6000_ASR/MIEN_BAC/S-ThBouJCSQ.wav,1717.766,1465.86
/project/Corpora/speech/6000_ASR/MIEN_BAC/SH2pFNNLZ84.wav,2418.237,2252.12
/project/Corpora/speech/6000_ASR/MIEN_BAC/SIj0I6c6l44.wav,1361.107,1288.02
/project/Corpora/speech/6000_ASR/MIEN_BAC/SMiPLUvuarw.wav,1796.163,1489.2
/project/Corpora/speech/6000_ASR/MIEN_BAC/SbMFvxjFE7s.wav,2129.92,1581.56
/project/Corpora/speech/6000_ASR/MIEN_BAC/SdBHPcrG6M0.wav,2255.354,2156.18
/project/Corpora/speech/6000_ASR/MIEN_BAC/SdnzP9m8dmU.wav,3742.778,3656.14
/project/Corpora/speech/6000_ASR/MIEN_BAC/Shemy3fTHdw.wav,2681.812,2490.84
/project/Corpora/speech/6000_ASR/MIEN_BAC/Shn5BIdyVxM.wav,908.388,873.68
/project/Corpora/speech/6000_ASR/MIEN_BAC/Sk8Lisf4Ru4.wav,1532.872,1182.76
/project/Corpora/speech/6000_ASR/MIEN_BAC/Slt6I5YInQ8.wav,2227.885,2061.44
/project/Corpora/speech/6000_ASR/MIEN_BAC/SnblI8NVVw8.wav,2781.425,2506.06
/project/Corpora/speech/6000_ASR/MIEN_BAC/Sxpn7sfddSY.wav,1468.198,1379.74
/project/Corpora/speech/6000_ASR/MIEN_BAC/T1BGi3UKJ1s.wav,1782.503,1477.42
/project/Corpora/speech/6000_ASR/MIEN_BAC/TEE3t1fxKBQ.wav,2701.735,2306.58
/project/Corpora/speech/6000_ASR/MIEN_BAC/TFruXrimqeY.wav,1085.809,852.68
/project/Corpora/speech/6000_ASR/MIEN_BAC/TKmZ4H3ea-4.wav,3644.302,3510.66
/project/Corpora/speech/6000_ASR/MIEN_BAC/TL0ErCOAQX8.wav,2606.301,1828.98
/project/Corpora/speech/6000_ASR/MIEN_BAC/TOZw9hq-wCk.wav,2327.986,1990.56
/project/Corpora/speech/6000_ASR/MIEN_BAC/TTfbiiLC-Sk.wav,1033.961,955.22
/project/Corpora/speech/6000_ASR/MIEN_BAC/TY2J-cVIrzQ.wav,1789.539,1609.68
/project/Corpora/speech/6000_ASR/MIEN_BAC/Tc_NWyg9AfM.wav,1760.096,1709.86
/project/Corpora/speech/6000_ASR/MIEN_BAC/TjjUd_Xng7Y.wav,3237.094,2989.12
/project/Corpora/speech/6000_ASR/MIEN_BAC/TyvFZ_a2KVE.wav,4852.274,3506.34
/project/Corpora/speech/6000_ASR/MIEN_BAC/U4Vn_pWQ1KA.wav,4205.482,3895.24
/project/Corpora/speech/6000_ASR/MIEN_BAC/U6Z68NxcGv4.wav,1548.701,1250.38
/project/Corpora/speech/6000_ASR/MIEN_BAC/UDKCpdkYCMg.wav,3954.73,3575.52
/project/Corpora/speech/6000_ASR/MIEN_BAC/UQMaY7IWrGc.wav,2370.966,1981.06
/project/Corpora/speech/6000_ASR/MIEN_BAC/UWgT1FJP8_4.wav,4047.888,3333.04
/project/Corpora/speech/6000_ASR/MIEN_BAC/UnVl78Qu5dA.wav,4045.311,3299.1
/project/Corpora/speech/6000_ASR/MIEN_BAC/UsohIUsbnr4.wav,3629.023,3574.5
/project/Corpora/speech/6000_ASR/MIEN_BAC/V3b_iuVl370.wav,2145.129,1734.74
/project/Corpora/speech/6000_ASR/MIEN_BAC/VGoroNkJRNU.wav,1305.24,1008.86
/project/Corpora/speech/6000_ASR/MIEN_BAC/VNupsXQLpoc.wav,5647.163,4759.38
/project/Corpora/speech/6000_ASR/MIEN_BAC/VVadv1MzMD4.wav,2781.147,2240.04
/project/Corpora/speech/6000_ASR/MIEN_BAC/VsjmQPK75YE.wav,1564.63,1508.88
/project/Corpora/speech/6000_ASR/MIEN_BAC/VuYBjowxqMU.wav,1134.225,1062.58
/project/Corpora/speech/6000_ASR/MIEN_BAC/VxA127-u-HU.wav,3648.25,3571.04
/project/Corpora/speech/6000_ASR/MIEN_BAC/W9yHidY6xjQ.wav,2242.142,2067.54
/project/Corpora/speech/6000_ASR/MIEN_BAC/WD-I2uxRI9k.wav,2417.894,2074.68
/project/Corpora/speech/6000_ASR/MIEN_BAC/WDaIsjYD85A.wav,2130.663,1402.64
/project/Corpora/speech/6000_ASR/MIEN_BAC/WEmUt1J-Z-I.wav,2514.275,2299.5
/project/Corpora/speech/6000_ASR/MIEN_BAC/WVC2Q64Y3X0.wav,3260.964,3048.84
/project/Corpora/speech/6000_ASR/MIEN_BAC/WVdSo6Ekx1Q.wav,1737.317,1686.78
/project/Corpora/speech/6000_ASR/MIEN_BAC/WWI2vaaRcQ0.wav,1280.111,886.3
/project/Corpora/speech/6000_ASR/MIEN_BAC/WXZPgTjqq0k.wav,2233.272,2086.56
/project/Corpora/speech/6000_ASR/MIEN_BAC/We-_pvy6YIU.wav,3704.047,3549.7
/project/Corpora/speech/6000_ASR/MIEN_BAC/WhYyDr71bJw.wav,1718.539,1091.3
/project/Corpora/speech/6000_ASR/MIEN_BAC/Wk50micSuxk.wav,1793.509,1484.86
/project/Corpora/speech/6000_ASR/MIEN_BAC/WqwaRbNf9o0.wav,915.354,879.88
/project/Corpora/speech/6000_ASR/MIEN_BAC/X4p6CPC6AlY.wav,2211.754,1825.1
/project/Corpora/speech/6000_ASR/MIEN_BAC/XDg6iJT078s.wav,758.642,709.04
/project/Corpora/speech/6000_ASR/MIEN_BAC/XFc_pWUp41k.wav,1422.942,1095.34
/project/Corpora/speech/6000_ASR/MIEN_BAC/XG3SGRxbFG8.wav,696.366,644.18
/project/Corpora/speech/6000_ASR/MIEN_BAC/XIcjS9MlGnQ.wav,1786.404,1766.12
/project/Corpora/speech/6000_ASR/MIEN_BAC/XKcWvMTcCCQ.wav,3580.819,3518.26
/project/Corpora/speech/6000_ASR/MIEN_BAC/XL02t9HtYf4.wav,743.294,507.84
/project/Corpora/speech/6000_ASR/MIEN_BAC/XMfo8ZfxIPc.wav,1662.688,1637.14
/project/Corpora/speech/6000_ASR/MIEN_BAC/XVIZv_VBnzU.wav,3485.153,3317.1
/project/Corpora/speech/6000_ASR/MIEN_BAC/XhTON07OgMM.wav,1253.831,1195.2
/project/Corpora/speech/6000_ASR/MIEN_BAC/XkNhA72sjHI.wav,2410.092,2114.08
/project/Corpora/speech/6000_ASR/MIEN_BAC/XpKRpTgIG3s.wav,2391.957,2010.14
/project/Corpora/speech/6000_ASR/MIEN_BAC/XvM55xT4YmE.wav,3685.053,3538.86
/project/Corpora/speech/6000_ASR/MIEN_BAC/Y-x8yLritD0.wav,1667.727,1352.66
/project/Corpora/speech/6000_ASR/MIEN_BAC/Y0LjNFxO4ek.wav,3671.046,2865.1
/project/Corpora/speech/6000_ASR/MIEN_BAC/Y19Tz7peHIM.wav,1617.966,1531.72
/project/Corpora/speech/6000_ASR/MIEN_BAC/YJ4tKBU8Cuk.wav,1781.04,1677.16
/project/Corpora/speech/6000_ASR/MIEN_BAC/YKwh2pwSfjU.wav,3571.74,3481.04
/project/Corpora/speech/6000_ASR/MIEN_BAC/YMKbk0dU6qw.wav,1586.974,1340.46
/project/Corpora/speech/6000_ASR/MIEN_BAC/Yb7oNOT1FCc.wav,1390.736,1297.9
/project/Corpora/speech/6000_ASR/MIEN_BAC/Ylp6sUptALM.wav,1196.06,1127.64
/project/Corpora/speech/6000_ASR/MIEN_BAC/YvgYr4GwvXU.wav,4027.153,3531.82
/project/Corpora/speech/6000_ASR/MIEN_BAC/Z5WqNaD58Lo.wav,4212.053,3607.86
/project/Corpora/speech/6000_ASR/MIEN_BAC/Z8_oYuezbEM.wav,2531.138,2387.4
/project/Corpora/speech/6000_ASR/MIEN_BAC/ZA8ram3hrUM.wav,2118.774,1950.24
/project/Corpora/speech/6000_ASR/MIEN_BAC/ZARHUFKXzT8.wav,2633.654,2174.12
/project/Corpora/speech/6000_ASR/MIEN_BAC/ZBEnwRqw_LQ.wav,2367.367,1965.08
/project/Corpora/speech/6000_ASR/MIEN_BAC/ZGreRR_t9cw.wav,1785.458,1637.32
/project/Corpora/speech/6000_ASR/MIEN_BAC/ZSuI_SPMEwQ.wav,1372.067,1327.06
/project/Corpora/speech/6000_ASR/MIEN_BAC/Z_awsPGjzvs.wav,3809.117,3182.88
/project/Corpora/speech/6000_ASR/MIEN_BAC/_3yU47k32ZE.wav,2502.531,2106.88
/project/Corpora/speech/6000_ASR/MIEN_BAC/_CA6SHkwUYc.wav,2454.651,2238.68
/project/Corpora/speech/6000_ASR/MIEN_BAC/_Eo7rddOMWg.wav,2917.216,2553.62
/project/Corpora/speech/6000_ASR/MIEN_BAC/_HDjwZNaIQw.wav,1659.693,1569.56
/project/Corpora/speech/6000_ASR/MIEN_BAC/_HSYmZu-eFk.wav,1536.622,1216.68
/project/Corpora/speech/6000_ASR/MIEN_BAC/_SO4y_wDomU.wav,1805.328,1666.72
/project/Corpora/speech/6000_ASR/MIEN_BAC/_TlHJ2q7FHo.wav,845.276,788.48
/project/Corpora/speech/6000_ASR/MIEN_BAC/_Uc1vJ0N1Iw.wav,278.616,272.82
/project/Corpora/speech/6000_ASR/MIEN_BAC/_W9674WsvYY.wav,3360.796,3317.82
/project/Corpora/speech/6000_ASR/MIEN_BAC/_XDK0rfCcUc.wav,5687.449,5073.58
/project/Corpora/speech/6000_ASR/MIEN_BAC/_ZKy4J9SF_o.wav,1339.345,1236.16
/project/Corpora/speech/6000_ASR/MIEN_BAC/_aHoZdQMdtE.wav,1737.781,1353.46
/project/Corpora/speech/6000_ASR/MIEN_BAC/_bmdbu9NXrQ.wav,1754.755,1425.66
/project/Corpora/speech/6000_ASR/MIEN_BAC/_hbqjdSn72U.wav,2088.96,1930.24
/project/Corpora/speech/6000_ASR/MIEN_BAC/_pLx3wYchDA.wav,2154.835,1753.34
/project/Corpora/speech/6000_ASR/MIEN_BAC/_zSCgMmoCGU.wav,2255.749,2091.2
/project/Corpora/speech/6000_ASR/MIEN_BAC/a-yQb-LDoa4.wav,2646.982,2295.7
/project/Corpora/speech/6000_ASR/MIEN_BAC/a1us4y0oc10.wav,8310.375,6592.76
/project/Corpora/speech/6000_ASR/MIEN_BAC/a5snCLJlynA.wav,2423.374,2047.46
/project/Corpora/speech/6000_ASR/MIEN_BAC/aZGsdF_SzJA.wav,2298.938,2104.16
/project/Corpora/speech/6000_ASR/MIEN_BAC/aao11ghn3l9ae219zd0bnsygdyjx.wav,1032.255,957.1
/project/Corpora/speech/6000_ASR/MIEN_BAC/acWxcqREkxc.wav,3598.791,3512.02
/project/Corpora/speech/6000_ASR/MIEN_BAC/adwYr3fZzIE.wav,2581.061,2181.28
/project/Corpora/speech/6000_ASR/MIEN_BAC/agied63xvvl6z1o5kah1si9q936d.wav,1417.326,1342.52
/project/Corpora/speech/6000_ASR/MIEN_BAC/ahnoWBEOjRo.wav,1553.995,1462.76
/project/Corpora/speech/6000_ASR/MIEN_BAC/akUv_8nmLDw.wav,990.876,928.76
/project/Corpora/speech/6000_ASR/MIEN_BAC/alom7ju8zcvw4fwpnxmqd10p2ofc.wav,3226.958,2820.54
/project/Corpora/speech/6000_ASR/MIEN_BAC/amxT3UT4T5U.wav,1110.773,1056.72
/project/Corpora/speech/6000_ASR/MIEN_BAC/anL1fBilB5M.wav,2434.682,2166.66
/project/Corpora/speech/6000_ASR/MIEN_BAC/asVY0HeDm58.wav,754.138,407.68
/project/Corpora/speech/6000_ASR/MIEN_BAC/atppa0zPpYo.wav,2226.306,2035.64
/project/Corpora/speech/6000_ASR/MIEN_BAC/awT6LXSHvg4.wav,5332.416,3046.5
/project/Corpora/speech/6000_ASR/MIEN_BAC/bA0UldpzdKA.wav,4072.966,3903.04
/project/Corpora/speech/6000_ASR/MIEN_BAC/bA7pat2AiFM.wav,3503.613,3358.88
/project/Corpora/speech/6000_ASR/MIEN_BAC/bF4OQ8prtV0.wav,2463.289,2141.7
/project/Corpora/speech/6000_ASR/MIEN_BAC/bNDFHRBJahQ.wav,2715.464,2239.4
/project/Corpora/speech/6000_ASR/MIEN_BAC/bYM9BeUIzZ8.wav,3820.054,3680.48
/project/Corpora/speech/6000_ASR/MIEN_BAC/bdJxO-BZ64Y.wav,2312.94,1888.26
/project/Corpora/speech/6000_ASR/MIEN_BAC/beEof4a3ANE.wav,2500.0,2270.1
/project/Corpora/speech/6000_ASR/MIEN_BAC/bgYu0ZF3opQ.wav,1127.236,1066.8
/project/Corpora/speech/6000_ASR/MIEN_BAC/bkpm235bq6t2p3kf57odn2doh3w5.wav,3699.096,3397.18
/project/Corpora/speech/6000_ASR/MIEN_BAC/bmsumsUSz9M.wav,1776.373,1389.52
/project/Corpora/speech/6000_ASR/MIEN_BAC/bosQlZGJ-rM.wav,839.982,785.9
/project/Corpora/speech/6000_ASR/MIEN_BAC/brNWKMYUVkw.wav,1160.241,1065.92
/project/Corpora/speech/6000_ASR/MIEN_BAC/bx6oUWuTLm0.wav,2582.245,1907.5
/project/Corpora/speech/6000_ASR/MIEN_BAC/bzMSSZn6FJE.wav,1439.939,1389.04
/project/Corpora/speech/6000_ASR/MIEN_BAC/c0iFIQ4Q60s.wav,3020.823,2815.02
/project/Corpora/speech/6000_ASR/MIEN_BAC/c91izn76d785trkjvinsjbwc0asi.wav,1310.824,1242.68
/project/Corpora/speech/6000_ASR/MIEN_BAC/cAJn6sL5Ynw.wav,938.365,403.42
/project/Corpora/speech/6000_ASR/MIEN_BAC/cH9VIGAhkyE.wav,2490.967,2403.18
/project/Corpora/speech/6000_ASR/MIEN_BAC/cITU5gypkDc.wav,2053.689,1842.76
/project/Corpora/speech/6000_ASR/MIEN_BAC/cMnZNmbnyXI.wav,2216.856,2081.82
/project/Corpora/speech/6000_ASR/MIEN_BAC/cMrNx8HCYb8.wav,4117.873,3601.38
/project/Corpora/speech/6000_ASR/MIEN_BAC/cSLt7i1UHRE.wav,3864.079,3451.7
/project/Corpora/speech/6000_ASR/MIEN_BAC/cY4dYteEJ4s.wav,4541.498,3767.86
/project/Corpora/speech/6000_ASR/MIEN_BAC/c_-kYZDU9pY.wav,3663.877,3558.7
/project/Corpora/speech/6000_ASR/MIEN_BAC/ca_gafrww5I.wav,3757.987,2757.8
/project/Corpora/speech/6000_ASR/MIEN_BAC/caaibikmbzk.wav,3547.777,3379.8
/project/Corpora/speech/6000_ASR/MIEN_BAC/ce5i5p75hkhc6ur0u549pv1kzwe3.wav,3095.719,2915.96
/project/Corpora/speech/6000_ASR/MIEN_BAC/chnfzs9kgimv0fl1fegkrv9dmdiy.wav,3272.255,2927.42
/project/Corpora/speech/6000_ASR/MIEN_BAC/cjr1zkfhx4175690yaoiaag1u87y.wav,1502.72,1437.28
/project/Corpora/speech/6000_ASR/MIEN_BAC/cnzWgBRXuWo.wav,2257.927,2038.62
/project/Corpora/speech/6000_ASR/MIEN_BAC/cxe7fc5W0K0.wav,2439.999,2192.86
/project/Corpora/speech/6000_ASR/MIEN_BAC/d1hjh2jLQQI.wav,3502.103,3245.5
/project/Corpora/speech/6000_ASR/MIEN_BAC/d73i4FwLfgQ.wav,3890.062,3425.8
/project/Corpora/speech/6000_ASR/MIEN_BAC/d8HoEGq8HvM.wav,2664.049,2427.72
/project/Corpora/speech/6000_ASR/MIEN_BAC/d9Hi4dKlYnA.wav,3669.705,3567.7
/project/Corpora/speech/6000_ASR/MIEN_BAC/dHxcIDjCY14.wav,3861.037,3551.3
/project/Corpora/speech/6000_ASR/MIEN_BAC/dIfjiBuMr0E.wav,1987.024,1516.78
/project/Corpora/speech/6000_ASR/MIEN_BAC/dIv1toLWpC8.wav,3755.061,3216.04
/project/Corpora/speech/6000_ASR/MIEN_BAC/dbjSf1yvX0E.wav,2384.225,2288.36
/project/Corpora/speech/6000_ASR/MIEN_BAC/dqwfa75bviu69rfpku5wsxqk0gwo.wav,1317.251,1247.06
/project/Corpora/speech/6000_ASR/MIEN_BAC/ds6q7f14xrn5c08737nak68nkf1u.wav,2128.327,2011.08
/project/Corpora/speech/6000_ASR/MIEN_BAC/e0-Auz5RBo0.wav,3010.815,2623.48
/project/Corpora/speech/6000_ASR/MIEN_BAC/e37nxx4m1z9lstba9hw7dpe60let.wav,1539.892,1476.98
/project/Corpora/speech/6000_ASR/MIEN_BAC/eOQGB57sjzg.wav,1557.943,1350.02
/project/Corpora/speech/6000_ASR/MIEN_BAC/eOZExQMrfic.wav,1779.624,1545.46
/project/Corpora/speech/6000_ASR/MIEN_BAC/eSs96t5vFRE.wav,2426.578,1607.5
/project/Corpora/speech/6000_ASR/MIEN_BAC/eUj0nQ59jGI.wav,3248.541,2968.12
/project/Corpora/speech/6000_ASR/MIEN_BAC/eVW1Ldxw9Ic.wav,3409.363,1777.76
/project/Corpora/speech/6000_ASR/MIEN_BAC/eXAcEVh9WXo.wav,2617.159,2057.18
/project/Corpora/speech/6000_ASR/MIEN_BAC/eZDKBtrP9oM.wav,1281.347,1208.62
/project/Corpora/speech/6000_ASR/MIEN_BAC/ea2Zefl29yQ.wav,1461.912,1266.84
/project/Corpora/speech/6000_ASR/MIEN_BAC/edSfmL0mLvg.wav,1875.499,1617.4
/project/Corpora/speech/6000_ASR/MIEN_BAC/edwDi1Dsl2o.wav,1611.297,1517.16
/project/Corpora/speech/6000_ASR/MIEN_BAC/egeh691vwbpwz9fxd6ej4y32ykyf.wav,1222.478,1178.52
/project/Corpora/speech/6000_ASR/MIEN_BAC/ehsmpCwDKhY.wav,2367.089,2296.26
/project/Corpora/speech/6000_ASR/MIEN_BAC/ehy6013on8yzm5b73vpltdubpd3m.wav,1249.933,1206.08
/project/Corpora/speech/6000_ASR/MIEN_BAC/em6ylApo9tA.wav,3780.696,3655.12
/project/Corpora/speech/6000_ASR/MIEN_BAC/eotJKF2oWZo.wav,1858.183,1597.1
/project/Corpora/speech/6000_ASR/MIEN_BAC/ev0YVYfR8yg.wav,2980.374,2757.24
/project/Corpora/speech/6000_ASR/MIEN_BAC/exwzxa84q7jep9g4cpblvpmwezsb.wav,1197.662,1107.44
/project/Corpora/speech/6000_ASR/MIEN_BAC/f0rtydm5pe07zlag0pkwe6u78rv8.wav,3341.793,3104.3
/project/Corpora/speech/6000_ASR/MIEN_BAC/f337f15mg51eytsrgtj6mlhpktzk.wav,829.1,777.14
/project/Corpora/speech/6000_ASR/MIEN_BAC/f3e1Y4un6J8.wav,1668.307,1480.88
/project/Corpora/speech/6000_ASR/MIEN_BAC/f3kv19_7FmA.wav,1945.525,1823.72
/project/Corpora/speech/6000_ASR/MIEN_BAC/f5jrS7Nr4ZI.wav,2268.677,1871.52
/project/Corpora/speech/6000_ASR/MIEN_BAC/f6FJIwH087s.wav,2355.154,1866.74
/project/Corpora/speech/6000_ASR/MIEN_BAC/f73UsCPQOYM.wav,2559.118,2036.88
/project/Corpora/speech/6000_ASR/MIEN_BAC/fGebmrv2IoA.wav,1969.377,1602.26
/project/Corpora/speech/6000_ASR/MIEN_BAC/fNQ2CXPp7Yw.wav,3686.145,3566.48
/project/Corpora/speech/6000_ASR/MIEN_BAC/fT2ofOJ7EDY.wav,2720.845,2589.88
/project/Corpora/speech/6000_ASR/MIEN_BAC/fU0FckXpiJs.wav,2787.509,2439.68
/project/Corpora/speech/6000_ASR/MIEN_BAC/fZ5mSMHMY5E.wav,3197.341,2563.26
/project/Corpora/speech/6000_ASR/MIEN_BAC/fdl76q20dpa0ybyr32rt2hpaqaio.wav,4266.945,4026.26
/project/Corpora/speech/6000_ASR/MIEN_BAC/fe68RYkHWNk.wav,1965.569,1697.66
/project/Corpora/speech/6000_ASR/MIEN_BAC/fl0hR7afQVQ.wav,1954.934,1931.86
/project/Corpora/speech/6000_ASR/MIEN_BAC/fnxg8lkarc5x1iqh2dr2mushek2m.wav,1840.927,1769.7
/project/Corpora/speech/6000_ASR/MIEN_BAC/fsZPbrvth1s.wav,1594.381,1374.38
/project/Corpora/speech/6000_ASR/MIEN_BAC/g3Zocql28zc.wav,3599.534,3088.76
/project/Corpora/speech/6000_ASR/MIEN_BAC/g96ri4wmxb6f36aez8z1mt962x6w.wav,3609.548,3142.16
/project/Corpora/speech/6000_ASR/MIEN_BAC/g9prwi3caoaqoks7tm8gy5llljcm.wav,1094.74,1049.1
/project/Corpora/speech/6000_ASR/MIEN_BAC/gHiDpINLKb8.wav,1779.322,1288.16
/project/Corpora/speech/6000_ASR/MIEN_BAC/gcdha770pw2pe4w3jgxgjxwd4esl.wav,2834.939,2724.4
/project/Corpora/speech/6000_ASR/MIEN_BAC/gfUTlfM_YMw.wav,7749.497,7297.98
/project/Corpora/speech/6000_ASR/MIEN_BAC/gipmzvqjrjylx5bmvtjsf1apn7xf.wav,1511.497,1457.82
/project/Corpora/speech/6000_ASR/MIEN_BAC/gp5dNYQtCw4.wav,1294.025,1145.2
/project/Corpora/speech/6000_ASR/MIEN_BAC/gpNalvqRxas.wav,2613.127,2432.04
/project/Corpora/speech/6000_ASR/MIEN_BAC/gqm9jbpzztdvkzd0uk9jja105hij.wav,3857.136,3544.82
/project/Corpora/speech/6000_ASR/MIEN_BAC/gr7cp9y7shc1loe8e568e03taomi.wav,1110.7,1058.24
/project/Corpora/speech/6000_ASR/MIEN_BAC/gs76fw762v4k6g12nfqnf8mnjm5i.wav,3626.109,3366.6
/project/Corpora/speech/6000_ASR/MIEN_BAC/gx40w6bc19g5ad9kw9ozwbwo6j54.wav,1490.312,1412.04
/project/Corpora/speech/6000_ASR/MIEN_BAC/gysFuCDQnZ8.wav,2325.362,1989.3
/project/Corpora/speech/6000_ASR/MIEN_BAC/gzsh1Z40YhQ.wav,3949.227,3572.16
/project/Corpora/speech/6000_ASR/MIEN_BAC/h0wpFIgMtjY.wav,1523.902,1500.3
/project/Corpora/speech/6000_ASR/MIEN_BAC/h4GcFgjjIyI.wav,700.088,623.56
/project/Corpora/speech/6000_ASR/MIEN_BAC/h6GNxVh-luE.wav,1089.545,1011.26
/project/Corpora/speech/6000_ASR/MIEN_BAC/h6T0TisWP7k.wav,2611.154,1842.6
/project/Corpora/speech/6000_ASR/MIEN_BAC/hd2HbQwWXx4.wav,1348.685,1282.68
/project/Corpora/speech/6000_ASR/MIEN_BAC/heLBu--QXS0.wav,2369.991,1963.7
/project/Corpora/speech/6000_ASR/MIEN_BAC/hi5ojvbtqcynd84k6h4wvnaty17u.wav,1330.364,1245.08
/project/Corpora/speech/6000_ASR/MIEN_BAC/hjaA5sHIp1s.wav,2516.091,2360.0
/project/Corpora/speech/6000_ASR/MIEN_BAC/hnJsJ1SZazA.wav,4191.248,3479.36
/project/Corpora/speech/6000_ASR/MIEN_BAC/hodzcul9xEI.wav,3465.16,3400.74
/project/Corpora/speech/6000_ASR/MIEN_BAC/hq5phGmCpqY.wav,2459.736,1969.28
/project/Corpora/speech/6000_ASR/MIEN_BAC/hwu0icwnSAc.wav,1714.011,1381.4
/project/Corpora/speech/6000_ASR/MIEN_BAC/hzfh11CZaqU.wav,1609.213,1512.84
/project/Corpora/speech/6000_ASR/MIEN_BAC/i3nMtIpu6X4.wav,2669.389,2171.2
/project/Corpora/speech/6000_ASR/MIEN_BAC/iHxQqQfyM4Q.wav,3496.809,3368.98
/project/Corpora/speech/6000_ASR/MIEN_BAC/iQVwarpFdCw.wav,3850.612,3588.86
/project/Corpora/speech/6000_ASR/MIEN_BAC/iUc2OJaIgT0.wav,2356.198,2156.88
/project/Corpora/speech/6000_ASR/MIEN_BAC/iZU_-NermU4.wav,2438.026,2002.68
/project/Corpora/speech/6000_ASR/MIEN_BAC/ib072I0DCjE.wav,1559.877,1209.06
/project/Corpora/speech/6000_ASR/MIEN_BAC/iee_MF-2q6s.wav,1414.838,1247.28
/project/Corpora/speech/6000_ASR/MIEN_BAC/if4fJ-emFkA.wav,2523.823,2186.92
/project/Corpora/speech/6000_ASR/MIEN_BAC/ifp8FwuiBAc.wav,1625.775,1233.34
/project/Corpora/speech/6000_ASR/MIEN_BAC/in66_-bm-co.wav,2982.812,2649.64
/project/Corpora/speech/6000_ASR/MIEN_BAC/isqvMUIvjlo.wav,2108.743,1874.84
/project/Corpora/speech/6000_ASR/MIEN_BAC/itOtx0m_K40.wav,2290.075,1848.76
/project/Corpora/speech/6000_ASR/MIEN_BAC/ivg45ilylz42cmfu4eklw3rjez3i.wav,691.409,678.72
/project/Corpora/speech/6000_ASR/MIEN_BAC/j3h00x50tcg4hl2i9wuwvlu99o99.wav,1524.062,1452.42
/project/Corpora/speech/6000_ASR/MIEN_BAC/j4uJ3Yi9FMw.wav,1887.666,1537.76
/project/Corpora/speech/6000_ASR/MIEN_BAC/j5FQauI-yQI.wav,1750.529,1684.78
/project/Corpora/speech/6000_ASR/MIEN_BAC/j885k6GIL_4.wav,1755.08,1445.48
/project/Corpora/speech/6000_ASR/MIEN_BAC/jASqNgM-0aY.wav,1753.083,1613.88
/project/Corpora/speech/6000_ASR/MIEN_BAC/jB_onxh8_ic.wav,2310.107,2075.7
/project/Corpora/speech/6000_ASR/MIEN_BAC/jREJk9GvJsE.wav,2239.495,2049.42
/project/Corpora/speech/6000_ASR/MIEN_BAC/jTQYO0rprfw.wav,1954.099,1707.18
/project/Corpora/speech/6000_ASR/MIEN_BAC/jVUyJs1-hRQ.wav,887.908,860.34
/project/Corpora/speech/6000_ASR/MIEN_BAC/jaEqe37i7OY.wav,2511.052,2049.8
/project/Corpora/speech/6000_ASR/MIEN_BAC/jc07m42kq3toekemvjihcv73dzej.wav,3635.226,3497.14
/project/Corpora/speech/6000_ASR/MIEN_BAC/jfxLQho6WUE.wav,1284.249,1187.08
/project/Corpora/speech/6000_ASR/MIEN_BAC/jrW1Mivt9ZA.wav,2323.482,1992.56
/project/Corpora/speech/6000_ASR/MIEN_BAC/jsE5j49ugGE.wav,1489.096,1443.92
/project/Corpora/speech/6000_ASR/MIEN_BAC/jt1Wdqv5lpg.wav,4034.676,3583.32
/project/Corpora/speech/6000_ASR/MIEN_BAC/ju63KdU46gs.wav,2476.867,1550.34
/project/Corpora/speech/6000_ASR/MIEN_BAC/juIbWVV2RVI.wav,1390.504,1320.12
/project/Corpora/speech/6000_ASR/MIEN_BAC/jxGjXNzkgrY.wav,4605.771,3786.04
/project/Corpora/speech/6000_ASR/MIEN_BAC/k398gdkckdupwkczj1rozftj15gv.wav,843.833,800.74
/project/Corpora/speech/6000_ASR/MIEN_BAC/kBdtRhxd_w0.wav,1107.824,1015.96
/project/Corpora/speech/6000_ASR/MIEN_BAC/kG5A74BJ_ZU.wav,3708.25,3622.42
/project/Corpora/speech/6000_ASR/MIEN_BAC/kJuselpoahc.wav,3630.068,3454.58
/project/Corpora/speech/6000_ASR/MIEN_BAC/kOt1r9aTTlI.wav,2237.609,1839.32
/project/Corpora/speech/6000_ASR/MIEN_BAC/kSPEsxjvyq8.wav,2462.622,2041.68
/project/Corpora/speech/6000_ASR/MIEN_BAC/kT8ye6nC1lg.wav,1246.023,939.8
/project/Corpora/speech/6000_ASR/MIEN_BAC/kWvDOOaIvzE.wav,3681.129,3631.48
/project/Corpora/speech/6000_ASR/MIEN_BAC/kZDHzghPTTI.wav,2443.854,2028.3
/project/Corpora/speech/6000_ASR/MIEN_BAC/kZQIJ1K374Y.wav,1755.522,1473.68
/project/Corpora/speech/6000_ASR/MIEN_BAC/kcUkavomTBo.wav,2899.499,2732.88
/project/Corpora/speech/6000_ASR/MIEN_BAC/kd4oy9WCYu0.wav,2490.99,2020.16
/project/Corpora/speech/6000_ASR/MIEN_BAC/kdit_xCon8k.wav,3631.229,3561.42
/project/Corpora/speech/6000_ASR/MIEN_BAC/kgyH_6pqYzU.wav,1707.967,1619.34
/project/Corpora/speech/6000_ASR/MIEN_BAC/kibca-hr19g.wav,3155.847,2916.02
/project/Corpora/speech/6000_ASR/MIEN_BAC/klUOvFwQgUA.wav,3629.07,3528.14
/project/Corpora/speech/6000_ASR/MIEN_BAC/kqoLGqwLa30.wav,2764.15,2466.86
/project/Corpora/speech/6000_ASR/MIEN_BAC/kxkNcxsS07s.wav,3814.83,3505.12
/project/Corpora/speech/6000_ASR/MIEN_BAC/kzhzfj5jbqfmoo0y5cdefsshgflo.wav,841.561,797.84
/project/Corpora/speech/6000_ASR/MIEN_BAC/l0kHXUeuDR4.wav,3886.835,3133.7
/project/Corpora/speech/6000_ASR/MIEN_BAC/l0vZTztA-mU.wav,1677.851,1497.3
/project/Corpora/speech/6000_ASR/MIEN_BAC/l4o0ceoS4ag.wav,1639.352,1528.56
/project/Corpora/speech/6000_ASR/MIEN_BAC/l7PKRpVK8V4.wav,2498.606,1739.36
/project/Corpora/speech/6000_ASR/MIEN_BAC/l8ceQP4fCa0.wav,1755.609,1272.74
/project/Corpora/speech/6000_ASR/MIEN_BAC/l9jHmAmDvNg.wav,972.319,852.24
/project/Corpora/speech/6000_ASR/MIEN_BAC/lRm7_ojYpPk.wav,2840.938,2637.66
/project/Corpora/speech/6000_ASR/MIEN_BAC/lfMM3qcJUDg.wav,1528.152,1460.06
/project/Corpora/speech/6000_ASR/MIEN_BAC/libMDdal-2A.wav,1673.532,1266.3
/project/Corpora/speech/6000_ASR/MIEN_BAC/lpnyunK9BbU.wav,1783.2,1658.74
/project/Corpora/speech/6000_ASR/MIEN_BAC/lw47mvetjpu4tygz2amkzd2uz2t4.wav,1472.34,1436.72
/project/Corpora/speech/6000_ASR/MIEN_BAC/m-ldv_LpuZg.wav,1313.506,1151.72
/project/Corpora/speech/6000_ASR/MIEN_BAC/m0Q0F2OSWgo.wav,3920.039,3492.9
/project/Corpora/speech/6000_ASR/MIEN_BAC/m7AnD825iO8.wav,1919.687,1878.82
/project/Corpora/speech/6000_ASR/MIEN_BAC/mCvSoqVUT3U.wav,3514.061,3364.28
/project/Corpora/speech/6000_ASR/MIEN_BAC/mDxuHgkY_Zg.wav,926.471,705.42
/project/Corpora/speech/6000_ASR/MIEN_BAC/mF_ZKaN_Mpw.wav,426.69,396.94
/project/Corpora/speech/6000_ASR/MIEN_BAC/mJRmO_R5C10.wav,2596.2,2094.46
/project/Corpora/speech/6000_ASR/MIEN_BAC/mM3uMD9mkq0.wav,1772.014,1540.16
/project/Corpora/speech/6000_ASR/MIEN_BAC/mMPTrvKdYkQ.wav,3266.653,1128.08
/project/Corpora/speech/6000_ASR/MIEN_BAC/mOf5dlFeAqQ.wav,2042.334,1892.26
/project/Corpora/speech/6000_ASR/MIEN_BAC/mdFtTdG3f6o.wav,4770.261,3703.06
/project/Corpora/speech/6000_ASR/MIEN_BAC/mfpNyhrmDOs.wav,1633.71,1595.68
/project/Corpora/speech/6000_ASR/MIEN_BAC/mpY3v82uIDs.wav,3372.164,3072.0
/project/Corpora/speech/6000_ASR/MIEN_BAC/mpsb6lmas9249znujz7sifhzm7bc.wav,1028.937,986.56
/project/Corpora/speech/6000_ASR/MIEN_BAC/n1hy14ixaiuhtcvovy8ak6i09zov.wav,693.969,668.62
/project/Corpora/speech/6000_ASR/MIEN_BAC/n7p5td82xh9z5wyhv6yzuhrrlpzw.wav,1186.22,1093.1
/project/Corpora/speech/6000_ASR/MIEN_BAC/nCn1PqFJk0U.wav,2645.937,2400.6
/project/Corpora/speech/6000_ASR/MIEN_BAC/nKFPFFViFL4.wav,2451.215,2069.06
/project/Corpora/speech/6000_ASR/MIEN_BAC/nL45qPU87K0.wav,1703.021,1554.92
/project/Corpora/speech/6000_ASR/MIEN_BAC/nT11BjwTM8E.wav,2544.744,2398.0
/project/Corpora/speech/6000_ASR/MIEN_BAC/nTW6NQoncBs.wav,3690.069,3472.28
/project/Corpora/speech/6000_ASR/MIEN_BAC/nYDNGcVydpo.wav,2637.253,2381.42
/project/Corpora/speech/6000_ASR/MIEN_BAC/nYMbkkRb5YA.wav,3566.933,3473.12
/project/Corpora/speech/6000_ASR/MIEN_BAC/nYQOXVLpzjo.wav,2657.663,2297.92
/project/Corpora/speech/6000_ASR/MIEN_BAC/n_BGjHQienY.wav,4086.132,3405.08
/project/Corpora/speech/6000_ASR/MIEN_BAC/nf5ApcuJ7q4.wav,1757.263,1577.3
/project/Corpora/speech/6000_ASR/MIEN_BAC/njfe87u4y5kp03yfbf1hrsyqmnk2.wav,1243.011,1138.24
/project/Corpora/speech/6000_ASR/MIEN_BAC/nosx5vm0k8dlqr000hz2r6uja0sp.wav,3686.923,3487.2
/project/Corpora/speech/6000_ASR/MIEN_BAC/nu_osNKYwsI.wav,2209.495,1569.64
/project/Corpora/speech/6000_ASR/MIEN_BAC/nw5uzBSzifs.wav,2278.458,1973.32
/project/Corpora/speech/6000_ASR/MIEN_BAC/nyQ4asuc0q0.wav,1683.841,1515.66
/project/Corpora/speech/6000_ASR/MIEN_BAC/o06J4ALzGNc.wav,938.627,856.84
/project/Corpora/speech/6000_ASR/MIEN_BAC/o9tciwacjq1kc8kiwrv0jkc3rnup.wav,3170.664,2937.44
/project/Corpora/speech/6000_ASR/MIEN_BAC/oF8v_n20Yvo.wav,1709.174,1587.3
/project/Corpora/speech/6000_ASR/MIEN_BAC/okX1IagLn38.wav,1440.496,1351.74
/project/Corpora/speech/6000_ASR/MIEN_BAC/omgB7S_PImE.wav,2150.012,1914.82
/project/Corpora/speech/6000_ASR/MIEN_BAC/onQKC6xKXEY.wav,1808.516,1568.22
/project/Corpora/speech/6000_ASR/MIEN_BAC/orVi_nlFwMc.wav,2411.369,1860.9
/project/Corpora/speech/6000_ASR/MIEN_BAC/ovlive_chat_voi_nguoi_noi_tieng_ca-si-trong-tan-va-con-duong-am-nhac-cua-anh.wav,1545.336,1028.74
/project/Corpora/speech/6000_ASR/MIEN_BAC/ox98zeqf7yajrmptfshzek3k7cps.wav,3671.144,3232.36
/project/Corpora/speech/6000_ASR/MIEN_BAC/p4I6AW44T1g.wav,2588.793,1838.52
/project/Corpora/speech/6000_ASR/MIEN_BAC/p5Jt4HMiBFc.wav,2472.182,1994.3
/project/Corpora/speech/6000_ASR/MIEN_BAC/p7bLEXMKCgY.wav,2618.305,2306.54
/project/Corpora/speech/6000_ASR/MIEN_BAC/pAytouiWhQY.wav,1257.593,1198.92
/project/Corpora/speech/6000_ASR/MIEN_BAC/pGrPmTC-bY4.wav,1780.764,1684.26
/project/Corpora/speech/6000_ASR/MIEN_BAC/pIsHHGko9TE.wav,2640.382,2348.78
/project/Corpora/speech/6000_ASR/MIEN_BAC/pKY9xqOjilA.wav,1409.265,1333.64
/project/Corpora/speech/6000_ASR/MIEN_BAC/pM5aVRiNldg.wav,946.731,886.16
/project/Corpora/speech/6000_ASR/MIEN_BAC/pOeBkewAVdk.wav,4121.728,3335.8
/project/Corpora/speech/6000_ASR/MIEN_BAC/pVyIYGoesyM.wav,1294.47,1185.76
/project/Corpora/speech/6000_ASR/MIEN_BAC/pYsT3GeXltY.wav,3257.388,2750.86
/project/Corpora/speech/6000_ASR/MIEN_BAC/phMBX0nhVnI.wav,1664.104,1596.82
/project/Corpora/speech/6000_ASR/MIEN_BAC/pml6exl4qfawhp3rh665kveicb2b.wav,1587.435,1497.62
/project/Corpora/speech/6000_ASR/MIEN_BAC/pmuc526v2lngnrn2tgphyj07dm95.wav,1573.904,1480.64
/project/Corpora/speech/6000_ASR/MIEN_BAC/pnGXtepda4I.wav,3582.259,3512.48
/project/Corpora/speech/6000_ASR/MIEN_BAC/py5PCq6aMv8.wav,2171.739,1805.9
/project/Corpora/speech/6000_ASR/MIEN_BAC/pyzz8qo4ssp70w8jn4tsd5upjf45.wav,961.306,904.72
/project/Corpora/speech/6000_ASR/MIEN_BAC/pz2PV5uLgeU.wav,3592.591,3125.88
/project/Corpora/speech/6000_ASR/MIEN_BAC/q-wuBcbOVqA.wav,2814.305,2655.14
/project/Corpora/speech/6000_ASR/MIEN_BAC/q00yYyeV3Vo.wav,2412.251,1966.52
/project/Corpora/speech/6000_ASR/MIEN_BAC/q3hmnfe3x97gjbv4zfmu6zs5akq9.wav,541.806,509.6
/project/Corpora/speech/6000_ASR/MIEN_BAC/q6ln071mjlev13px4o7xn8wtotp2.wav,1398.857,1344.5
/project/Corpora/speech/6000_ASR/MIEN_BAC/q8qNoIQbn5Y.wav,2903.934,2641.98
/project/Corpora/speech/6000_ASR/MIEN_BAC/qINloDHvvfE.wav,3590.177,3451.5
/project/Corpora/speech/6000_ASR/MIEN_BAC/qN5wwV7onR4.wav,1192.577,1124.88
/project/Corpora/speech/6000_ASR/MIEN_BAC/qQFpiBwi3BI.wav,1483.825,1359.1
/project/Corpora/speech/6000_ASR/MIEN_BAC/qT1Qqd8a4z8.wav,2396.248,2178.58
/project/Corpora/speech/6000_ASR/MIEN_BAC/qU9pX7Z2K34.wav,2500.255,2235.1
/project/Corpora/speech/6000_ASR/MIEN_BAC/qVByD-12hJk.wav,3883.027,3500.98
/project/Corpora/speech/6000_ASR/MIEN_BAC/qVm2xngWZp4.wav,4056.387,3580.98
/project/Corpora/speech/6000_ASR/MIEN_BAC/qd6KjlKFbkE.wav,1885.042,1554.52
/project/Corpora/speech/6000_ASR/MIEN_BAC/qgn99iFTS_U.wav,1651.334,1473.24
/project/Corpora/speech/6000_ASR/MIEN_BAC/ql9tV18A6TE.wav,2725.094,2626.92
/project/Corpora/speech/6000_ASR/MIEN_BAC/qmnrt2n3nhhsv817g5ydch65kcec.wav,4274.312,3996.24
/project/Corpora/speech/6000_ASR/MIEN_BAC/qn4986yuq7bsdzokdiwgshgze558.wav,1207.589,1151.9
/project/Corpora/speech/6000_ASR/MIEN_BAC/qoTBd96QuyU.wav,3618.691,3510.88
/project/Corpora/speech/6000_ASR/MIEN_BAC/qxaije4cug0yhnxp00hs3emzbslz.wav,3973.146,3627.62
/project/Corpora/speech/6000_ASR/MIEN_BAC/qzMB8BfJ5HQ.wav,2421.145,2186.68
/project/Corpora/speech/6000_ASR/MIEN_BAC/r4XmXMRXTW0.wav,2827.912,2619.26
/project/Corpora/speech/6000_ASR/MIEN_BAC/r8yOzzOdJuQ.wav,1780.861,1641.68
/project/Corpora/speech/6000_ASR/MIEN_BAC/r94DEUC3quo.wav,2633.932,2303.76
/project/Corpora/speech/6000_ASR/MIEN_BAC/rAYnhicrJQI.wav,4304.422,3995.02
/project/Corpora/speech/6000_ASR/MIEN_BAC/rNTASUNU6Uc.wav,2109.185,1942.66
/project/Corpora/speech/6000_ASR/MIEN_BAC/rRc4N5jWXjg.wav,3558.133,3228.18
/project/Corpora/speech/6000_ASR/MIEN_BAC/ri6wvIA9xLs.wav,1411.518,1266.7
/project/Corpora/speech/6000_ASR/MIEN_BAC/rj96mrtvtvnutx0ew3kfqwg6oy9f.wav,1025.071,975.68
/project/Corpora/speech/6000_ASR/MIEN_BAC/rpej21hihlutuh313m7bh12oqm0v.wav,3211.363,2908.52
/project/Corpora/speech/6000_ASR/MIEN_BAC/rrEJGLRAkVM.wav,2588.01,2366.48
/project/Corpora/speech/6000_ASR/MIEN_BAC/s31dODc3r6A.wav,1716.094,1357.96
/project/Corpora/speech/6000_ASR/MIEN_BAC/s79Ams1Rf30.wav,2584.805,1826.84
/project/Corpora/speech/6000_ASR/MIEN_BAC/sMxX-8QqGFU.wav,3691.299,3652.22
/project/Corpora/speech/6000_ASR/MIEN_BAC/scz5onzu60rhswkb3ijligx1h8rg.wav,5599.896,5005.26
/project/Corpora/speech/6000_ASR/MIEN_BAC/sm8ApDJlnIE.wav,2656.27,2177.0
/project/Corpora/speech/6000_ASR/MIEN_BAC/ss6IHfXgKX0.wav,3610.703,3485.58
/project/Corpora/speech/6000_ASR/MIEN_BAC/swnMx5fofJg.wav,2536.014,2416.34
/project/Corpora/speech/6000_ASR/MIEN_BAC/szPlRq6nHPs.wav,4067.648,3544.78
/project/Corpora/speech/6000_ASR/MIEN_BAC/tA-qjLarfgg.wav,2278.732,2087.88
/project/Corpora/speech/6000_ASR/MIEN_BAC/tJZquz1VfDw.wav,2681.371,2316.22
/project/Corpora/speech/6000_ASR/MIEN_BAC/tNVMl4HBIPU.wav,854.123,812.02
/project/Corpora/speech/6000_ASR/MIEN_BAC/tSPGy4eWoyI.wav,1062.615,988.48
/project/Corpora/speech/6000_ASR/MIEN_BAC/tTU0n1tsQCo.wav,944.379,873.04
/project/Corpora/speech/6000_ASR/MIEN_BAC/tcoa0wg9oa052dhkmzjov3owptua.wav,1599.817,1546.42
/project/Corpora/speech/6000_ASR/MIEN_BAC/tnexm89wzm4ggj9bonwnfawbfmsx.wav,1264.771,1221.78
/project/Corpora/speech/6000_ASR/MIEN_BAC/tp54gv1ybsc8l9x4wp6373njmkhi.wav,3588.206,3484.58
/project/Corpora/speech/6000_ASR/MIEN_BAC/trU6iBl1Z6E.wav,3984.057,3577.98
/project/Corpora/speech/6000_ASR/MIEN_BAC/tv65uokdPts.wav,2860.141,2796.8
/project/Corpora/speech/6000_ASR/MIEN_BAC/u4v7H1Y0cEQ.wav,2408.699,2068.66
/project/Corpora/speech/6000_ASR/MIEN_BAC/u6ELAyjSx3c.wav,2530.998,1913.8
/project/Corpora/speech/6000_ASR/MIEN_BAC/uTD70Q0-SOM.wav,1903.758,1587.98
/project/Corpora/speech/6000_ASR/MIEN_BAC/uUAuG_Iwg7c.wav,2410.742,1705.5
/project/Corpora/speech/6000_ASR/MIEN_BAC/ua2Lr43LYZQ.wav,2660.008,2088.04
/project/Corpora/speech/6000_ASR/MIEN_BAC/uiEQE2ud2f4.wav,1776.628,1607.14
/project/Corpora/speech/6000_ASR/MIEN_BAC/ukZMiIr3eXg.wav,1751.023,1512.92
/project/Corpora/speech/6000_ASR/MIEN_BAC/urV41l0RmEQ.wav,1356.069,1138.38
/project/Corpora/speech/6000_ASR/MIEN_BAC/urtmbrfldy5t396ah9bf95a5xxat.wav,3557.93,3329.76
/project/Corpora/speech/6000_ASR/MIEN_BAC/uwdGRu9hdrU.wav,2501.486,2316.22
/project/Corpora/speech/6000_ASR/MIEN_BAC/uyW1z54Ranc.wav,2232.157,1744.52
/project/Corpora/speech/6000_ASR/MIEN_BAC/v1_02_05_16h00_chat_voi_nguoi_noi_tieng_noi_tiep_nhung_ban_tinh_ca_khong_ten.wav,1931.928,1190.22
/project/Corpora/speech/6000_ASR/MIEN_BAC/v1_21_03_16h00_chat_voi_nguoi_noi_tieng_2020_213202018.wav,2082.432,1340.92
/project/Corpora/speech/6000_ASR/MIEN_BAC/v3ken67usgb2btfsaeaze4sq9nzm.wav,2040.111,1905.6
/project/Corpora/speech/6000_ASR/MIEN_BAC/vEouY9ZSjIw.wav,3820.054,3408.64
/project/Corpora/speech/6000_ASR/MIEN_BAC/vRMGn68gmVI.wav,2143.248,1899.84
/project/Corpora/speech/6000_ASR/MIEN_BAC/vWJBNFK5DAA.wav,762.009,713.4
/project/Corpora/speech/6000_ASR/MIEN_BAC/vXOmDufTflA.wav,4060.822,3796.6
/project/Corpora/speech/6000_ASR/MIEN_BAC/v_FC5Y0Sb_M.wav,2067.551,1822.78
/project/Corpora/speech/6000_ASR/MIEN_BAC/vle_ZDsdsEE.wav,783.697,745.0
/project/Corpora/speech/6000_ASR/MIEN_BAC/vovlive_ca_si_trieu_trang_nguoi_danh_tron_tinh_yeu_cho_am_nhac.wav,2074.08,1503.44
/project/Corpora/speech/6000_ASR/MIEN_BAC/vovlive_cauchuyenthu7_75nghinsangkienvuotkhophattrienkhoinguonsangtaotrongdoanviencongdoan.wav,1861.752,1799.1
/project/Corpora/speech/6000_ASR/MIEN_BAC/vovlive_cauchuyenthu7_baodongtinhtrajngmatantoanbancongchungcuvoitrenho.wav,1586.856,1453.86
/project/Corpora/speech/6000_ASR/MIEN_BAC/vovlive_cauchuyenthu7_baoverungvatrongmoi1tycayxanh.wav,2488.728,2213.34
/project/Corpora/speech/6000_ASR/MIEN_BAC/vovlive_cauchuyenthu7_boiduongtandungtrituevietnguontainguyenvotandevietnamcatcanh.wav,2128.152,2013.42
/project/Corpora/speech/6000_ASR/MIEN_BAC/vovlive_cauchuyenthu7_cachoinhomnupbongtuthiendetrucloinganchanbangcachnao.wav,1301.568,1162.92
/project/Corpora/speech/6000_ASR/MIEN_BAC/vovlive_cauchuyenthu7_caunghiepvanhoamovangbilangquen.wav,2163.096,1714.86
/project/Corpora/speech/6000_ASR/MIEN_BAC/vovlive_cauchuyenthu7_conencongkhaidanhtinhnguoimuadam.wav,2216.4,1845.12
/project/Corpora/speech/6000_ASR/MIEN_BAC/vovlive_cauchuyenthu7_danbototlaigaytroxuongvathuctrangcacdetainghiencuukhoahocsudungtienngansach.wav,2230.056,1821.34
/project/Corpora/speech/6000_ASR/MIEN_BAC/vovlive_cauchuyenthu7_dauanhuyenthoaimaradonavacauchuyentruyencamhungbongda.wav,2153.4,1860.7
/project/Corpora/speech/6000_ASR/MIEN_BAC/vovlive_cauchuyenthu7_daulagiaiphapdehanoithoatcanhtrongchatchattrongcaydothi(1).wav,1460.328,1316.76
/project/Corpora/speech/6000_ASR/MIEN_BAC/vovlive_cauchuyenthu7_doinguantoanvesinhvientrongdanhnghiepanhlaai.wav,1698.648,1680.66
/project/Corpora/speech/6000_ASR/MIEN_BAC/vovlive_cauchuyenthu7_hanhdongvimoitruongnhintukhunghoangdaidichcovid19.wav,2029.56,1458.46
/project/Corpora/speech/6000_ASR/MIEN_BAC/vovlive_cauchuyenthu7_hiepdinhthuongmaitudovn_euchinhthuccohieuluc.wav,2187.144,2031.2
/project/Corpora/speech/6000_ASR/MIEN_BAC/vovlive_cauchuyenthu7_kichhoathethongphongchongcovid19okhucongnghiep.wav,1935.096,1867.92
/project/Corpora/speech/6000_ASR/MIEN_BAC/vovlive_cauchuyenthu7_kiemsoatnguoicachlylongleobaihocdatgia.wav,1664.81,1598.0
/project/Corpora/speech/6000_ASR/MIEN_BAC/vovlive_cauchuyenthu7_kythixamphamdoitunguoimaccv19_hanhvidanglenan.wav,2390.04,2096.54
/project/Corpora/speech/6000_ASR/MIEN_BAC/vovlive_cauchuyenthu7_lamgigiupcongnhanlaodongdapungduoctinhhinhmoi.wav,2243.952,1848.4
/project/Corpora/speech/6000_ASR/MIEN_BAC/vovlive_cauchuyenthu7_laplohongquanlytronghoatdongquyengoptienunghotuthien.wav,2271.672,2025.24
/project/Corpora/speech/6000_ASR/MIEN_BAC/vovlive_cauchuyenthu7_moi_ngay_den_truong_la_mot_ngay_vui.wav,2036.424,1967.06
/project/Corpora/speech/6000_ASR/MIEN_BAC/vovlive_cauchuyenthu7_ngaplutdothisaumuacophaidoongtroi.wav,2296.272,1961.92
/project/Corpora/speech/6000_ASR/MIEN_BAC/vovlive_cauchuyenthu7_ngaycuaphohoatdongdulichvanhoathuongniengopphanquangbavanhoaamthuc.wav,1510.056,1156.86
/project/Corpora/speech/6000_ASR/MIEN_BAC/vovlive_cauchuyenthu7_nguyentbtlekhaphieuvoicongtacxaydungvachinhdondang.wav,2021.88,1533.48
/project/Corpora/speech/6000_ASR/MIEN_BAC/vovlive_cauchuyenthu7_nhomnhansyhadongvatinhyeuhanoi.wav,1890.048,1472.1
/project/Corpora/speech/6000_ASR/MIEN_BAC/vovlive_cauchuyenthu7_phattriengiaoducmamnonchamlochocongnhanlaodongtaicackhucongnghiep.wav,1988.352,1612.06
/project/Corpora/speech/6000_ASR/MIEN_BAC/vovlive_cauchuyenthu7_sanxuatantoantrongdieukiendichbenh.wav,1875.072,1760.64
/project/Corpora/speech/6000_ASR/MIEN_BAC/vovlive_cauchuyenthu7_sualuatcongdoanphailamchotochuccongdoanmanhlen.wav,2239.488,1982.8
/project/Corpora/speech/6000_ASR/MIEN_BAC/vovlive_cauchuyenthu7_thaygituvieccdvquakhichtancongtrangfacebookcanhantrongtaibatchinhtranvietnamuae.wav,1997.304,1719.14
/project/Corpora/speech/6000_ASR/MIEN_BAC/vovlive_cauchuyenthu7_thuchienhoagiacmoxuatngoaicuatuyenthunuhanhtrinhmoicuacaccogaivietnam.wav,2247.864,1749.0
/project/Corpora/speech/6000_ASR/MIEN_BAC/vovlive_cauchuyenthu7_tphcmthugiadichvuthoatnuoclieuduongphocohetngap.wav,2390.04,2096.54
/project/Corpora/speech/6000_ASR/MIEN_BAC/vovlive_cauchuyenthu7_tuoitrevasudanthan.wav,2572.056,2246.58
/project/Corpora/speech/6000_ASR/MIEN_BAC/vovlive_cauchuyenthu7_tuonglainaochosongtolich.wav,2130.048,1732.22
/project/Corpora/speech/6000_ASR/MIEN_BAC/vovlive_cauchuyenthu7_vanhoadocsachgapnhieuthuthachtrongkynguyensovainternet.wav,1986.312,1772.52
/project/Corpora/speech/6000_ASR/MIEN_BAC/vovlive_cauchuyenthu7_vinhandanquenminh.wav,2360.04,1987.52
/project/Corpora/speech/6000_ASR/MIEN_BAC/vovlive_cauchuyenthu7_visaogioitrevietquantamdenbaucumyvanhungvandenongcuatoancau.wav,845.928,796.28
/project/Corpora/speech/6000_ASR/MIEN_BAC/vovlive_cauchuyenthu7_vundaphanhphucthaplenngonluayeuthuongganketcacthanhvientrongmoigiadinh.wav,1703.736,1615.22
/project/Corpora/speech/6000_ASR/MIEN_BAC/vovlive_cauchuyethu7_luatlaodongsuadoicodieuchinhcacmoiquanhelaodongtrongnhungnganhnghelinhvucmoinhugrabuber.wav,2145.6,2026.32
/project/Corpora/speech/6000_ASR/MIEN_BAC/vovlive_chat-voi-nguoi-noi-tieng_chat-voi-wowy-va-de-choat-cung-hanh-trinh-chinh-phuc-dinh-cao-rap-viet.wav,2142.6,1992.92
/project/Corpora/speech/6000_ASR/MIEN_BAC/vovlive_chat-voi-nguoi-noi-tieng_dien-vien-chi-bao-vua-tuyen-bo-giai-nghe-sau-25-nam-gan-bo-voi-nghiep-dien.wav,1823.713,1376.4
/project/Corpora/speech/6000_ASR/MIEN_BAC/vovlive_chat-voi-nguoi-noi-tieng_diva-thanh-lam-hen-yeu.wav,2042.904,1439.64
/project/Corpora/speech/6000_ASR/MIEN_BAC/vovlive_chat-voi-nguoi-noi-tieng_tro-chuyen-voi-thanh-lam-ve-chuong-trinh-mo-man-san-khau-am-nhac-thu-do-nam-moi.wav,1599.456,1205.06
/project/Corpora/speech/6000_ASR/MIEN_BAC/vovlive_chat-voi-noi-tiengca-sy-le-ngoc-thuy-giong-ca-hoa-chung-ban-giao-huong-cua-thong-tin-tuyen-truyen_va_phong_chong_dich_covid19.wav,1864.008,1438.6
/project/Corpora/speech/6000_ASR/MIEN_BAC/vovlive_chat_moi_nguoi_noi_tieng_nhac_si_nghe_si_nguyen_quang_hung_voi_khat_khao_thoi_lan_gio_moi_vao_am_nhac_dan_toc.wav,1711.584,1186.62
/project/Corpora/speech/6000_ASR/MIEN_BAC/vovlive_chat_voi_nguoi_noi_tieng_am_nhac_chung_tay_phong_chong_covid_19(1).wav,1714.536,1251.0
/project/Corpora/speech/6000_ASR/MIEN_BAC/vovlive_chat_voi_nguoi_noi_tieng_ban-nhac-buc-tuong-hanh-trinh-26-nam-truyen-cam-hung.wav,1841.376,1465.54
/project/Corpora/speech/6000_ASR/MIEN_BAC/vovlive_chat_voi_nguoi_noi_tieng_ban_chuan_nghe_si_anh_tu_dam_me_tren_con_duong_khong_trai_hoa_hong.wav,2097.312,896.34
/project/Corpora/speech/6000_ASR/MIEN_BAC/vovlive_chat_voi_nguoi_noi_tieng_ban_nhac_buc_tuong_tro_lai_danh_dau_chang_duong_25_nam_hoat_dong.wav,1580.043,1341.84
/project/Corpora/speech/6000_ASR/MIEN_BAC/vovlive_chat_voi_nguoi_noi_tieng_ban_nhac_ngu_cung_giu_lua_rock_viet.wav,1407.24,1125.88
/project/Corpora/speech/6000_ASR/MIEN_BAC/vovlive_chat_voi_nguoi_noi_tieng_bboy_cong_rua_le_manh_cong_mot_chang_trai_tre_voi_niem_dam_me_hip_hop.wav,2092.968,1818.16
/project/Corpora/speech/6000_ASR/MIEN_BAC/vovlive_chat_voi_nguoi_noi_tieng_bo-con-sau-hat-de-lan-toa-nhung-dieu-tich-cuc.wav,1602.064,1260.32
/project/Corpora/speech/6000_ASR/MIEN_BAC/vovlive_chat_voi_nguoi_noi_tieng_ca-si-ha-van-duyen-dep-voi-bolero.wav,1511.04,1199.32
/project/Corpora/speech/6000_ASR/MIEN_BAC/vovlive_chat_voi_nguoi_noi_tieng_ca-si-khanh-linh-khong-ngai-nhac-ken-nguoi-nghe.wav,1784.816,1380.3
/project/Corpora/speech/6000_ASR/MIEN_BAC/vovlive_chat_voi_nguoi_noi_tieng_ca-si-quang-ha-va-hanh-trinh-chinh-phuc-nhung-thi-truong-am-nhac-kho-tinh.wav,1518.602,1007.7
/project/Corpora/speech/6000_ASR/MIEN_BAC/vovlive_chat_voi_nguoi_noi_tieng_ca-si-tung-duong-ky-luc-13-giai-cong-hien.wav,1662.144,1262.48
/project/Corpora/speech/6000_ASR/MIEN_BAC/vovlive_chat_voi_nguoi_noi_tieng_ca-si_trieu_trang_giu_tron_dam_me_am_nhac_trong_trai_tim.wav,1679.76,1026.68
/project/Corpora/speech/6000_ASR/MIEN_BAC/vovlive_chat_voi_nguoi_noi_tieng_ca-sy-dien-vien-dao-dien-nha-san-xuat-ly-hai-trai-long-ve-mot-so-kho-khan.wav,1316.78,1165.2
/project/Corpora/speech/6000_ASR/MIEN_BAC/vovlive_chat_voi_nguoi_noi_tieng_ca_si_dinh_manh_ninh_theo_duoi_nghe_thuat_theo_cach_rieng.wav,2167.68,1637.1
/project/Corpora/speech/6000_ASR/MIEN_BAC/vovlive_chat_voi_nguoi_noi_tieng_ca_si_ha_le_voi_hanh_trinh_duong_dai_nhac_trinh.wav,1461.384,1127.46
/project/Corpora/speech/6000_ASR/MIEN_BAC/vovlive_chat_voi_nguoi_noi_tieng_ca_si_huy_cuong_voi_niem_dam_me_vo_tan_cung_bolero.wav,1707.576,989.66
/project/Corpora/speech/6000_ASR/MIEN_BAC/vovlive_chat_voi_nguoi_noi_tieng_ca_si_khoi_minh_va_ca_si_minh_quan_viet_chung_niem_dam_me_am_nhac.wav,1945.056,1656.66
/project/Corpora/speech/6000_ASR/MIEN_BAC/vovlive_chat_voi_nguoi_noi_tieng_ca_si_la_hoang_quy_khang_dinh_loi_di_rieng_trong_am_nhac.wav,2093.112,1526.9
/project/Corpora/speech/6000_ASR/MIEN_BAC/vovlive_chat_voi_nguoi_noi_tieng_ca_si_mai_tien_dung_nguoi_thoi_lan_gio_moi_cho_vpop.wav,2106.96,1341.1
/project/Corpora/speech/6000_ASR/MIEN_BAC/vovlive_chat_voi_nguoi_noi_tieng_ca_si_minh_thu_nguoi_tinh_trong_am_nhac_cua_pho_duc_phuong.wav,1720.704,1196.12
/project/Corpora/speech/6000_ASR/MIEN_BAC/vovlive_chat_voi_nguoi_noi_tieng_ca_si_nghe_si_uu_tu_dang_duong_mot_ngon_lua_sang_trong_dong_nhac_thinh_phong_va_nhac_cach_mang.wav,2125.968,1573.0
/project/Corpora/speech/6000_ASR/MIEN_BAC/vovlive_chat_voi_nguoi_noi_tieng_ca_si_nguyen_doan_thao_ly_co_gai_duoc_menh_danh_la_cong_chua_opera.wav,2200.056,1578.28
/project/Corpora/speech/6000_ASR/MIEN_BAC/vovlive_chat_voi_nguoi_noi_tieng_ca_si_nhat_phong_hat_tinh_ca_voi_nhung_cam_xuc_chan_that_nhat.wav,2108.376,1359.12
/project/Corpora/speech/6000_ASR/MIEN_BAC/vovlive_chat_voi_nguoi_noi_tieng_ca_si_nhat_phong_tu_nguoi_hat_tinh_ca_den_chuoi_hit_chuc_trieu_view.wav,1690.056,1122.34
/project/Corpora/speech/6000_ASR/MIEN_BAC/vovlive_chat_voi_nguoi_noi_tieng_ca_si_nhat_tinh_anh_am_nhac_luon_mang_toi_su_yen_binh.wav,1800.528,1167.66
/project/Corpora/speech/6000_ASR/MIEN_BAC/vovlive_chat_voi_nguoi_noi_tieng_ca_si_thanh_tai_buoc_di_cham_nhung_chac_chan_va_thuyet_phuc.wav,1882.944,1341.46
/project/Corpora/speech/6000_ASR/MIEN_BAC/vovlive_chat_voi_nguoi_noi_tieng_ca_si_tuan_hiep_lang_tu_hat_nhac_tinh.wav,2025.456,1601.1
/project/Corpora/speech/6000_ASR/MIEN_BAC/vovlive_chat_voi_nguoi_noi_tieng_ca_si_vu_duy_khanh_chu_tac_ke_hoa_trong_am_nhac.wav,2037.984,1416.74
/project/Corpora/speech/6000_ASR/MIEN_BAC/vovlive_chat_voi_nguoi_noi_tieng_ca_si_vu_thang_loi_kien_dinh_voi_con_duong_thinh_phong_tru_tinh.wav,2001.696,1377.76
/project/Corpora/speech/6000_ASR/MIEN_BAC/vovlive_chat_voi_nguoi_noi_tieng_ca_si_vu_thang_loi_thap_lua_tu_hao_voi_nhung_ca_khuc_di_cung_nam_thang.wav,1770.048,1210.8
/project/Corpora/speech/6000_ASR/MIEN_BAC/vovlive_chat_voi_nguoi_noi_tieng_ca_si_xuan_duc_va_ca_si_dinh_binh_cu_theo_duoi_dam_me_thanh_cong_se_theo_duoi_ban.wav,1858.488,1260.94
/project/Corpora/speech/6000_ASR/MIEN_BAC/vovlive_chat_voi_nguoi_noi_tieng_ca_si_yen_ha_am_nhac_luon_la_niem_dam_me_vo_tan.wav,1950.048,1336.7
/project/Corpora/speech/6000_ASR/MIEN_BAC/vovlive_chat_voi_nguoi_noi_tieng_ca_sy_hong_nhung_va_quang_dung_huong_ve_mien_trung_than_yeu.wav,1873.584,1636.68
/project/Corpora/speech/6000_ASR/MIEN_BAC/vovlive_chat_voi_nguoi_noi_tieng_ca_sy_long_nhat_khong_con_la_ba_tam_showbiz.wav,2652.552,2005.62
/project/Corpora/speech/6000_ASR/MIEN_BAC/vovlive_chat_voi_nguoi_noi_tieng_ca_sy_quang_ha_dung_len_voi_am_nhac.wav,2076.48,1676.58
/project/Corpora/speech/6000_ASR/MIEN_BAC/vovlive_chat_voi_nguoi_noi_tieng_ca_sy_xuan_hao_va_nhung_ban_tinh_tram.wav,2046.264,1343.9
/project/Corpora/speech/6000_ASR/MIEN_BAC/vovlive_chat_voi_nguoi_noi_tieng_cap_doi_ca_sy_tran_nguyen_thang_va_phan_quynh_anh_cung_no_luc_mang_am_nhac_tru_tinh.wav,1690.872,1214.88
/project/Corpora/speech/6000_ASR/MIEN_BAC/vovlive_chat_voi_nguoi_noi_tieng_chang_tho_huynh_samuel_an_chang_viet_kieu_voi_tinh_yeu_am_nhac_da_diet.wav,1670.04,1122.62
/project/Corpora/speech/6000_ASR/MIEN_BAC/vovlive_chat_voi_nguoi_noi_tieng_chat-voi_hoa_hau_ca_si_tuyet_nga_mot_hoa_hau_ao_dai_muon_dinh_vi_hinh_anh_la_mot_ca_si_chuyen_nghiep.wav,1345.944,924.82
/project/Corpora/speech/6000_ASR/MIEN_BAC/vovlive_chat_voi_nguoi_noi_tieng_chat_cung_ca_si_hien_anh_va_nha_tho_ngoc_le_ninh.wav,2146.824,1550.12
/project/Corpora/speech/6000_ASR/MIEN_BAC/vovlive_chat_voi_nguoi_noi_tieng_chat_voi_ca_si_minh_vuong_m4u_tro_lai_an_tuong_voi_duong_dua_vpop.wav,2101.056,1252.78
/project/Corpora/speech/6000_ASR/MIEN_BAC/vovlive_chat_voi_nguoi_noi_tieng_chat_voi_ca_si_thanh_cuong_hat_len_nhung_thanh_am_tuyet_voi_cua_cuoc_song.wav,1676.448,984.96
/project/Corpora/speech/6000_ASR/MIEN_BAC/vovlive_chat_voi_nguoi_noi_tieng_chat_voi_dao_dien_nguyen_quang_dung_va_dien_vien_hong_anh_ve_thanh_cong_cua_bo_phim_tiec_trang_mau.wav,1280.04,1177.82
/project/Corpora/speech/6000_ASR/MIEN_BAC/vovlive_chat_voi_nguoi_noi_tieng_chat_voi_hoang_tu_nhac_buon_ca_si_vu_duy_khanh_tim_thay_yeu_thuong_trong_mua_dich_covid19.wav,1860.048,1194.44
/project/Corpora/speech/6000_ASR/MIEN_BAC/vovlive_chat_voi_nguoi_noi_tieng_chat_voi_nhac_si_han_vu_linh_va_mua_dong_tran_noi_nho_trong_am_nhac.wav,1710.048,1363.66
/project/Corpora/speech/6000_ASR/MIEN_BAC/vovlive_chat_voi_nguoi_noi_tieng_dang_thuat_va_le_thanh_phong_hai_nghe_si_o_hai_the_he_nhung_deu_chung_mot_cam_xuc_dong_day_bai_ca_ve_bac.wav,1620.48,1239.48
/project/Corpora/speech/6000_ASR/MIEN_BAC/vovlive_chat_voi_nguoi_noi_tieng_dien-vien-ca-si-duy-khoa-tro-lai-man-anh-hay-de-moi-thu-la-duyen.wav,1816.248,1555.2
/project/Corpora/speech/6000_ASR/MIEN_BAC/vovlive_chat_voi_nguoi_noi_tieng_dien-vien-lan-phuong-thim-anh-trong-phim-bo-gia-nghe-si-da-tai-tren-man-anh-va_san_khau.wav,1567.176,1434.2
/project/Corpora/speech/6000_ASR/MIEN_BAC/vovlive_chat_voi_nguoi_noi_tieng_dien-vien-nguoi-mau-minh-tiep-nhiet-huyet-trong-tung-vai-tro.wav,1624.346,1454.4
/project/Corpora/speech/6000_ASR/MIEN_BAC/vovlive_chat_voi_nguoi_noi_tieng_dien_vien_thanh_huong_bien_hoa_da_dang_trong_cac_vai_dien.wav,1447.08,1083.74
/project/Corpora/speech/6000_ASR/MIEN_BAC/vovlive_chat_voi_nguoi_noi_tieng_gap-go-ca-sy-trinh-vinh-trinh-em-gai-nhac-sy-trinh-cong-son.wav,1657.944,1127.94
/project/Corpora/speech/6000_ASR/MIEN_BAC/vovlive_chat_voi_nguoi_noi_tieng_gap-go-quan-quan-cuoc-thi-giong-hat-hay-ha-noi-2020-bui-duong-thai-ha.wav,1672.056,1274.3
/project/Corpora/speech/6000_ASR/MIEN_BAC/vovlive_chat_voi_nguoi_noi_tieng_gap_go_ca_si_nhac_si-bang_cuong_va_nhom_gemini.wav,1742.904,1346.1
/project/Corpora/speech/6000_ASR/MIEN_BAC/vovlive_chat_voi_nguoi_noi_tieng_gap_go_hoa_hau_ngoc_han_va_vo_chong_dien_vien_ca_si_ly_hai_nhung_nguoi_co_nhieu_hoat_dong_thien_nguyen.wav,1464.384,1225.92
/project/Corpora/speech/6000_ASR/MIEN_BAC/vovlive_chat_voi_nguoi_noi_tieng_gap_go_hoa_mi_cua_nui_rung_tay_bac_sen_hoang_my_lam.wav,1845.288,1239.16
/project/Corpora/speech/6000_ASR/MIEN_BAC/vovlive_chat_voi_nguoi_noi_tieng_hanh-trinh-toa-sang-cua-nhan-sac-viet-tai-hoa-hau-hoan-vu-the-gioi.wav,1413.336,1346.7
/project/Corpora/speech/6000_ASR/MIEN_BAC/vovlive_chat_voi_nguoi_noi_tieng_khanh-phuong-tro-lai-duong-dua-am-nhac.wav,1759.416,1337.72
/project/Corpora/speech/6000_ASR/MIEN_BAC/vovlive_chat_voi_nguoi_noi_tieng_le_ngoc_thuy_ca_si_trieu_view_mien_son_cuoc.wav,1720.056,1280.92
/project/Corpora/speech/6000_ASR/MIEN_BAC/vovlive_chat_voi_nguoi_noi_tieng_my-linh-thay-gi-o-tuoi-19-cua-minh-va-con-gai.wav,1924.536,1619.7
/project/Corpora/speech/6000_ASR/MIEN_BAC/vovlive_chat_voi_nguoi_noi_tieng_nghe-si-hai-tra-my-nuoc-mat-an-sau-tieng-cuoi.wav,1645.488,1484.28
/project/Corpora/speech/6000_ASR/MIEN_BAC/vovlive_chat_voi_nguoi_noi_tieng_nghe-si-nhan-dan-le-khanh-ba-gia-tang-dong-hay-gai-gia-lam-chieu-u60.wav,1926.672,1819.28
/project/Corpora/speech/6000_ASR/MIEN_BAC/vovlive_chat_voi_nguoi_noi_tieng_nghe_si_nguyen_quang_long_va_hanh_trinh_dua_hat_xam_vao_doi_song.wav,2648.976,1747.38
/project/Corpora/speech/6000_ASR/MIEN_BAC/vovlive_chat_voi_nguoi_noi_tieng_nghe_si_nguyen_quang_long_voi_hanh_trinh_dua_hat_xam_vao_doi_song.wav,1812.12,1263.96
/project/Corpora/speech/6000_ASR/MIEN_BAC/vovlive_chat_voi_nguoi_noi_tieng_nhac_si_duong_truong_giang_va_cau_chuyen_cua_mua_dong.wav,2083.56,1597.82
/project/Corpora/speech/6000_ASR/MIEN_BAC/vovlive_chat_voi_nguoi_noi_tieng_nhac_si_nguyen_vinh_tien_quy_hoach_cuoc_doi_bat_dau_bang_tien_duyen.wav,1687.44,1152.4
/project/Corpora/speech/6000_ASR/MIEN_BAC/vovlive_chat_voi_nguoi_noi_tieng_nhom_1977_vlog_con_gio_la_cua_cong_dong_youtube_viet.wav,1405.512,1332.06
/project/Corpora/speech/6000_ASR/MIEN_BAC/vovlive_chat_voi_nguoi_noi_tieng_nsut-mai-hoa-nguoi-thoi-hon-vao-nhac-cach-mang-tru-tinh.wav,1715.52,1164.92
/project/Corpora/speech/6000_ASR/MIEN_BAC/vovlive_chat_voi_nguoi_noi_tieng_thai_dinh_chang_ca_si_luon_kien_dinh_voi_niem_dam_me_am_nhac.wav,2149.896,1240.64
/project/Corpora/speech/6000_ASR/MIEN_BAC/vovlive_chat_voi_nguoi_noi_tieng_thanh_nu_cover_huong_ly_dan_khang_dinh_chat_rieng_trong_am_nhac.wav,1421.304,952.68
/project/Corpora/speech/6000_ASR/MIEN_BAC/vovlive_chat_voi_nguoi_noi_tieng_tro-chuyen-cung-ca-sy-bang-kieu-ve-chuyen-la-bang-am-nhac.wav,1767.192,1297.06
/project/Corpora/speech/6000_ASR/MIEN_BAC/vovlive_chat_voi_nguoi_noi_tieng_tro_chuyen_cung_nghe_si_uu_tu_duc_long_va_ca_si_hien_anh.wav,1396.128,1118.06
/project/Corpora/speech/6000_ASR/MIEN_BAC/vovlive_chat_voi_nguoi_noi_tieng_tro_chuyen_voi_ca_si_thai_thuy_linh_va_con_gai_thai_an_de_cung_nghe_nhung_ban_song_ca_giua_hai_me_con.wav,2203.728,1788.0
/project/Corpora/speech/6000_ASR/MIEN_BAC/vovlive_chat_voi_nguoi_noi_tieng_viet_tu_chang_ca_sy_dang_ham_nong_thi_truong_nhac_online_voi_nhung_ca_khuc_gop_phan_day_lui_benh_dich.wav,1649.136,1110.52
/project/Corpora/speech/6000_ASR/MIEN_BAC/vovlive_doi_thoai_-hai_hoa_loi_ich_giua_nguoi_dan_va_doanh_nghiep_khi_thu_hoi_dat.wav,2670.096,2592.32
/project/Corpora/speech/6000_ASR/MIEN_BAC/vovlive_doi_thoai_bao_luc_gia_dinh_va_nhung_he_luy_voi_tre_em.wav,2786.256,2655.2
/project/Corpora/speech/6000_ASR/MIEN_BAC/vovlive_doi_thoai_dai_hoi_dang_bo_cac_cap_nhung_van_de_dat_ra.wav,2733.576,2525.14
/project/Corpora/speech/6000_ASR/MIEN_BAC/vovlive_doi_thoai_giai_phap_nao_han_che_rac_thai_nhua_tai_viet_nam.wav,2641.776,2472.74
/project/Corpora/speech/6000_ASR/MIEN_BAC/vovlive_doi_thoai_lua_chon_sach_giao_khoa_moi_can_dan_chu_va_hieu_qua.wav,2661.0,2576.7
/project/Corpora/speech/6000_ASR/MIEN_BAC/vovlive_doi_thoai_sua_doi_luat_dat_dai_2013_nhung_yeu_cau_dat_ra.wav,2585.688,2485.32
/project/Corpora/speech/6000_ASR/MIEN_BAC/vovlive_doi_thoai_tang_cuong_vai_tro_giam_sat_cua_nguoi_dan_trong_quan_ly_su_dung_dat_dai.wav,2563.392,2401.7
/project/Corpora/speech/6000_ASR/MIEN_BAC/vovlive_doi_thoai_tuyen_sinh_dai_hoc_2020_lua_suc_khi_cho_nganh_de_phu_hop_nhu_cau_xa_hoi_va_so_thich.wav,2715.048,2614.36
/project/Corpora/speech/6000_ASR/MIEN_BAC/vovlive_doi_thoai_xay_dung_chien_luoc_quan_ly_dat_dai_dai_han.wav,2660.856,2488.92
/project/Corpora/speech/6000_ASR/MIEN_BAC/vovlive_doithoai_an_sinh_xa_hoi_hieu_qua_tu_nhung_chinh_sach_sat_thuc_tien.wav,2649.864,2457.48
/project/Corpora/speech/6000_ASR/MIEN_BAC/vovlive_doithoai_bac_si_tre_ve_vung_kho_khan_va_cau_chuyen_dao_tao_y_khoa_hien_nay.wav,2690.088,2548.22
/project/Corpora/speech/6000_ASR/MIEN_BAC/vovlive_doithoai_bai_toan_an_ninh_nguon_nuoc_o_dong_bang_song_cuu_long(1).wav,2640.984,2576.78
/project/Corpora/speech/6000_ASR/MIEN_BAC/vovlive_doithoai_ban_ve_cau_chuyen_tiem_phong_vacxin_covid19_o_viet_nam.wav,2542.272,2433.04
/project/Corpora/speech/6000_ASR/MIEN_BAC/vovlive_doithoai_bao_luc_doi_voi_phu_nu_va_tre_em_trong_gia_dinh_trong_dai_dich_covid_19_im_lang_hay_len_tieng.wav,2676.696,2568.2
/project/Corpora/speech/6000_ASR/MIEN_BAC/vovlive_doithoai_bao_ve_va_phat_trien_nguon_loi_thuy_san_theo_luat_thuy_san_2017.wav,2656.776,2529.46
/project/Corpora/speech/6000_ASR/MIEN_BAC/vovlive_doithoai_cai_cach_hanh_chinh_va_nhung_tin_hieu_vui_trong_nam_2021.wav,2742.384,2574.4
/project/Corpora/speech/6000_ASR/MIEN_BAC/vovlive_doithoai_cai_cach_thu_tuc_hanh_chinh_2016_2021.wav,2599.08,2498.04
/project/Corpora/speech/6000_ASR/MIEN_BAC/vovlive_doithoai_can_bo_dai_hoi13_cua_dang_cai_goc_cua_moi_cong_viec_theo_tu_tuong_ho_chi_minh.wav,2613.936,2407.82
/project/Corpora/speech/6000_ASR/MIEN_BAC/vovlive_doithoai_can_hoan_thien_cac_quy_dinh_cua_phap_luat_ve_quyen_su_dung_dat.wav,2677.128,2589.36
/project/Corpora/speech/6000_ASR/MIEN_BAC/vovlive_doithoai_can_lam_gi_de_tranh_tinh_trang_tham_nhung_truc_loi_chinh_sach_ve_dat_dai.wav,2607.768,2483.2
/project/Corpora/speech/6000_ASR/MIEN_BAC/vovlive_doithoai_chat_thai_nhua_dung_mot_lan_can_cuoc_cach_mang_de_loai_bo.wav,2633.616,2577.2
/project/Corpora/speech/6000_ASR/MIEN_BAC/vovlive_doithoai_chat_van_va_tra_loi_chat_van.wav,2772.12,2678.52
/project/Corpora/speech/6000_ASR/MIEN_BAC/vovlive_doithoai_chung_tay_de_nan_nhan_da_cam_duoc_tiep_can_dich_vu_y_te_tot_hon.wav,2764.968,2679.9
/project/Corpora/speech/6000_ASR/MIEN_BAC/vovlive_doithoai_co_che_phap_ly_nao_cho_loai_hinh_bat_dong_san_condotel.wav,2745.552,2472.3
/project/Corpora/speech/6000_ASR/MIEN_BAC/vovlive_doithoai_co_hoi_de_rac_thai_la_tai_nguyen(1).wav,2496.552,2388.52
/project/Corpora/speech/6000_ASR/MIEN_BAC/vovlive_doithoai_cong_nhan_vien_chuc_lao_dong_xung_kich_tren_mat_tran_phat_trien_kinh_te_xa_hoi.wav,2684.952,2363.74
/project/Corpora/speech/6000_ASR/MIEN_BAC/vovlive_doithoai_covid19_va_giai_phap_cua_nganh_thuy_san.wav,2748.12,2672.4
/project/Corpora/speech/6000_ASR/MIEN_BAC/vovlive_doithoai_cung_chung_tay_phong_chong_mua_ban_nguoi.wav,2682.504,2565.3
/project/Corpora/speech/6000_ASR/MIEN_BAC/vovlive_doithoai_dai_duong_cuoc_song_va_sinh_ke.wav,2632.44,2406.06
/project/Corpora/speech/6000_ASR/MIEN_BAC/vovlive_doithoai_dam_bao_an_toan_cho_cong_nhanh_lao_dong_quay_tro_lai_lam_viec.wav,2577.408,2095.28
/project/Corpora/speech/6000_ASR/MIEN_BAC/vovlive_doithoai_dang_ky_bao_ho_chi_dan_dia_ly.wav,2715.432,2541.42
/project/Corpora/speech/6000_ASR/MIEN_BAC/vovlive_doithoai_dau_an_thang_chu_tich_hoi_dong_bao_an_lien_hop_quoc.wav,2601.984,2524.46
/project/Corpora/speech/6000_ASR/MIEN_BAC/vovlive_doithoai_day_manh_chuoi_lien_ket_san_xuat_tao_buoc_dot_pha_cho_nong_san_chat_luong_cao.wav,2677.032,2627.36
/project/Corpora/speech/6000_ASR/MIEN_BAC/vovlive_doithoai_day_manh_thuc_hien_cap_ma_so_co_so_vung_nuoi_trong_thuy_san_chu_luc.wav,2565.6,2345.34
/project/Corpora/speech/6000_ASR/MIEN_BAC/vovlive_doithoai_de_niem_tin_chien_thang_lan_toa.wav,2614.032,2245.72
/project/Corpora/speech/6000_ASR/MIEN_BAC/vovlive_doithoai_doi_moi_sang_tao_de_phat_trien_kinh_te_bien_ben_vung.wav,2608.2,2461.1
/project/Corpora/speech/6000_ASR/MIEN_BAC/vovlive_doithoai_doi_ngoai_viet_nam_2020_vuon_tam_va_toa_sang.wav,2787.6,2556.6
/project/Corpora/speech/6000_ASR/MIEN_BAC/vovlive_doithoai_dua_bac_sy_tre_tinh_nguyen_ve_co_so.wav,2600.04,2459.58
/project/Corpora/speech/6000_ASR/MIEN_BAC/vovlive_doithoai_gia_dat_va_dinh_gia_dat_nut_that_boi_thuong_trong_giai_phong_mat_bang.wav,2649.12,2545.76
/project/Corpora/speech/6000_ASR/MIEN_BAC/vovlive_doithoai_gia_dat_va_nhung_van_de_dat_ra_tu_thuc_tien.wav,2604.984,2511.88
/project/Corpora/speech/6000_ASR/MIEN_BAC/vovlive_doithoai_giai_phap_chuoi_cung_ung_thuy_san_viet_nam_duoi_tac_dong-cua_covid19.wav,2580.984,2510.7
/project/Corpora/speech/6000_ASR/MIEN_BAC/vovlive_doithoai_giai_phap_de_dat_duoc_muc_tieu_tiet_kiem_dien.wav,2684.832,2591.62
/project/Corpora/speech/6000_ASR/MIEN_BAC/vovlive_doithoai_giai_phap_nang_cao_chi_so_tiep_can_dat_dai(3).wav,2701.152,2633.98
/project/Corpora/speech/6000_ASR/MIEN_BAC/vovlive_doithoai_giai_phap_nao_giup_dbscl_ung_pho_voi_han_man_xam_nhap.wav,2665.92,2600.74
/project/Corpora/speech/6000_ASR/MIEN_BAC/vovlive_doithoai_giai_phap_thu_hut_doanh_nghiep_dau_tu_de_tai_co_cau_nganh_nong_nghiep.wav,2670.288,2578.7
/project/Corpora/speech/6000_ASR/MIEN_BAC/vovlive_doithoai_goi_an_sinh_xa_hoi_de_khong_bi_lac_duong(1).wav,2736.192,2584.82
/project/Corpora/speech/6000_ASR/MIEN_BAC/vovlive_doithoai_hoan_thien_the_che_kinh_te_theo_huong_kien_tao_phat_trien.wav,2567.928,2430.24
/project/Corpora/speech/6000_ASR/MIEN_BAC/vovlive_doithoai_hop_tac-xa_nong_nghiep_vuot_kho_va_phat_trien_trong_boi_canh_dai_dich_covid19.wav,2643.168,2447.98
/project/Corpora/speech/6000_ASR/MIEN_BAC/vovlive_doithoai_ket_noi_lien_thong_12000_tram_y_te_co_so.wav,2632.488,2549.2
/project/Corpora/speech/6000_ASR/MIEN_BAC/vovlive_doithoai_khoi_nghiep.wav,2672.4,2611.56
/project/Corpora/speech/6000_ASR/MIEN_BAC/vovlive_doithoai_kich_ban_nao_trong_nam_hoc_moi_trong_dieu_kien_dich_benh.wav,2755.488,2683.08
/project/Corpora/speech/6000_ASR/MIEN_BAC/vovlive_doithoai_kich_cau_du_lich_noi_dia.wav,2533.704,2447.06
/project/Corpora/speech/6000_ASR/MIEN_BAC/vovlive_doithoai_lam_gi_de_bau_cho_duoc_nhung_nguoi_du_tam_tai_tham_gia_cap_uy_cac_cap.wav,2632.536,2530.6
/project/Corpora/speech/6000_ASR/MIEN_BAC/vovlive_doithoai_loai_bo_benh_ly_di_truyen_vi_mot_giong_noi_khoe_manh.wav,2782.8,2732.68
/project/Corpora/speech/6000_ASR/MIEN_BAC/vovlive_doithoai_nang_cao_vai_tro_kiem_toan_nha_nuoc_trong_phong_chong_tham_nhung.wav,2683.68,2588.36
/project/Corpora/speech/6000_ASR/MIEN_BAC/vovlive_doithoai_nganh_giao_duc_vao_dao_tao_mot_nam_nhin_lai.wav,2639.256,2595.32
/project/Corpora/speech/6000_ASR/MIEN_BAC/vovlive_doithoai_nguoi_chuyen_gioi.wav,1396.368,1289.28
/project/Corpora/speech/6000_ASR/MIEN_BAC/vovlive_doithoai_nguon_nhan_luc_ky_nang_nghe_cao.wav,2600.04,2485.48
/project/Corpora/speech/6000_ASR/MIEN_BAC/vovlive_doithoai_nhan_dan_la_chu_the_trung_tam.wav,2581.08,2432.26
/project/Corpora/speech/6000_ASR/MIEN_BAC/vovlive_doithoai_nhin_lai_nhung_ngay_ung_pho_voi_dich_benh_lan_thu_4.wav,2631.672,2538.86
/project/Corpora/speech/6000_ASR/MIEN_BAC/vovlive_doithoai_nhung_van_de_dat_ra_trong_cong_tac_dan_so.wav,2687.088,2591.02
/project/Corpora/speech/6000_ASR/MIEN_BAC/vovlive_doithoai_no_luc_bao_phu_bao_hiem_xa_hoi_trong_boi_canh_tac_dong_covid19.wav,2538.024,2426.84
/project/Corpora/speech/6000_ASR/MIEN_BAC/vovlive_doithoai_o_nhiem_lang_nghe_thuc_trang_va_giai_phap.wav,2674.632,2631.5
/project/Corpora/speech/6000_ASR/MIEN_BAC/vovlive_doithoai_phat_huy_vai_tro_cua_doi_ngu_tri_thuc_khi_viet_nam_buoc_vao_cach_mang_cong_nghiep_4.0.wav,2612.664,2556.6
/project/Corpora/speech/6000_ASR/MIEN_BAC/vovlive_doithoai_phat_trien_ben_vung_dien_mat_troi.wav,2548.584,2461.86
/project/Corpora/speech/6000_ASR/MIEN_BAC/vovlive_doithoai_phuc_hoi_du_lich_sapa_sau_anh_huong_dich_covid_19.wav,2602.896,2438.18
/project/Corpora/speech/6000_ASR/MIEN_BAC/vovlive_doithoai_phuc_hoi_he_sinh_thai.wav,2713.176,2426.68
/project/Corpora/speech/6000_ASR/MIEN_BAC/vovlive_doithoai_quan_ly_dat_dai_sau_co_phan_hoa_tranh_lam_that_thu_ngan_sach.wav,2670.576,2542.38
/project/Corpora/speech/6000_ASR/MIEN_BAC/vovlive_doithoai_quan_ly_tau_ca_ra_vao_cang.wav,2625.36,2488.28
/project/Corpora/speech/6000_ASR/MIEN_BAC/vovlive_doithoai_quoc_hoi_khoa_15_ke_thua_va_phat_huy.wav,2692.152,2626.94
/project/Corpora/speech/6000_ASR/MIEN_BAC/vovlive_doithoai_rac_thai_nhua_hiem_hoa_cua_moi_truong_va_suc_khoe_cong_dong.wav,2638.152,2574.92
/project/Corpora/speech/6000_ASR/MIEN_BAC/vovlive_doithoai_sua_doi_luat_bao_ve_moi_truong_nam_2014_dap_ung_yeu_cau_tu_thuc_tien.wav,2527.44,2463.12
/project/Corpora/speech/6000_ASR/MIEN_BAC/vovlive_doithoai_sua_doi_luat_dat_dai_2013_nhung_yeu_cau_dat_ra_tu_thuc_tien.wav,2665.68,2564.88
/project/Corpora/speech/6000_ASR/MIEN_BAC/vovlive_doithoai_sua_doi_luat_phong_chong_bao_luc_gia_dinh_2007.wav,2741.112,2640.72
/project/Corpora/speech/6000_ASR/MIEN_BAC/vovlive_doithoai_tang_cuong_quyen_tiep_can_dat_dai_cho_dong_bao_dan_toc_thieu_so.wav,2553.48,2508.28
/project/Corpora/speech/6000_ASR/MIEN_BAC/vovlive_doithoai_thanh_hoa_thu_hut_dau_tu(1).wav,2577.432,2385.28
/project/Corpora/speech/6000_ASR/MIEN_BAC/vovlive_doithoai_the_gioi_day_bien_dong_trong_nam_2020.wav,2833.584,2406.4
/project/Corpora/speech/6000_ASR/MIEN_BAC/vovlive_doithoai_thi_dua_khong_phai_la_ganh_dua.wav,3457.8,3327.56
/project/Corpora/speech/6000_ASR/MIEN_BAC/vovlive_doithoai_thi_hanh_an_hanh_chinh_nhung_bat_cap_tu_quy_dinh_va_trach_nhiem_cua_cac_co_quan_lien_quan.wav,2727.672,2589.78
/project/Corpora/speech/6000_ASR/MIEN_BAC/vovlive_doithoai_thu_hoi_tai_san_tham_nhung.wav,2590.152,2453.42
/project/Corpora/speech/6000_ASR/MIEN_BAC/vovlive_doithoai_thuong_mai_hoa_cac_ket_qua_nghien_cuu.wav,2578.56,2502.16
/project/Corpora/speech/6000_ASR/MIEN_BAC/vovlive_doithoai_tich_tu_dat_nong_nghiep_de_san_xuat_lon_doi_hoi_tu_thuc_tien.wav,2599.104,2455.96
/project/Corpora/speech/6000_ASR/MIEN_BAC/vovlive_doithoai_trach_nhiem_cua_cu_tri_voi_la_phieu.wav,2694.072,2604.6
/project/Corpora/speech/6000_ASR/MIEN_BAC/vovlive_doithoai_trach_nhiem_voi_la_phieu_bau(1).wav,2669.76,2553.2
/project/Corpora/speech/6000_ASR/MIEN_BAC/vovlive_doithoai_xam_hai_bao_hanh_tinh_than_doi_voi_tre_em_goc_khuat_va_giai_phap_phong_ngua.wav,2587.368,2489.88
/project/Corpora/speech/6000_ASR/MIEN_BAC/vovlive_doithoai_xay_dung_va_hoan_thien_nha_nuoc_phap_quyen_xa_hoi_chu_nghia_vn_cua_nhan_dan_do_nhan_dan_va_vi_nhan_dan_do_dang_lanh_dao.wav,2715.528,2555.48
/project/Corpora/speech/6000_ASR/MIEN_BAC/vovlive_nang_cao_hieu_qua_quan_ly_quy_ngoai_ngan_sach.wav,2565.144,2462.3
/project/Corpora/speech/6000_ASR/MIEN_BAC/vovlive_tro_chuyen_voi_nguoi_noi_tieng_ca-sy-hong-nhung-ke-chuyen-tiem-vaccine-ngua-covid-19-nanocovax-cua-viet-nam-san_xuat.wav,1566.096,1332.06
/project/Corpora/speech/6000_ASR/MIEN_BAC/vovlive_tro_chuyen_voi_nguoi_noi_tieng_nsnd-tu-long-tu-anh-tho-moc-den-danh-hai-duoc-cong-chung-yeu-men.wav,1702.557,1455.28
/project/Corpora/speech/6000_ASR/MIEN_BAC/w13iivylxymq95g9k14qiczjijyg.wav,3356.343,3241.26
/project/Corpora/speech/6000_ASR/MIEN_BAC/w4Is4j8YSZ8.wav,2189.456,2029.14
/project/Corpora/speech/6000_ASR/MIEN_BAC/wAR_wr-CHyQ.wav,1807.975,1671.82
/project/Corpora/speech/6000_ASR/MIEN_BAC/wB3gWJcqnFY.wav,1754.012,1509.42
/project/Corpora/speech/6000_ASR/MIEN_BAC/wVnGks5rhdk.wav,4969.929,4641.76
/project/Corpora/speech/6000_ASR/MIEN_BAC/wZprowKfWEk.wav,1328.135,1232.34
/project/Corpora/speech/6000_ASR/MIEN_BAC/wc6RNDynw6Q.wav,1958.975,1795.58
/project/Corpora/speech/6000_ASR/MIEN_BAC/whXYjkEGaHg.wav,2036.901,1922.68
/project/Corpora/speech/6000_ASR/MIEN_BAC/wlIoFdjH-ek.wav,3641.771,3442.78
/project/Corpora/speech/6000_ASR/MIEN_BAC/wlNQSLhvSUI.wav,1163.111,1105.38
/project/Corpora/speech/6000_ASR/MIEN_BAC/wqrEbxl3U2E.wav,3914.768,3561.24
/project/Corpora/speech/6000_ASR/MIEN_BAC/wwnxWUCiIDs.wav,2900.66,2739.52
/project/Corpora/speech/6000_ASR/MIEN_BAC/wzxnfm9536wyfflqxr3xhdhnpdnz.wav,1863.863,1738.7
/project/Corpora/speech/6000_ASR/MIEN_BAC/x37bp17kgo96jxqg7hne35n8q3gd.wav,1429.107,1372.2
/project/Corpora/speech/6000_ASR/MIEN_BAC/xCTeh9tO71M.wav,834.293,463.2
/project/Corpora/speech/6000_ASR/MIEN_BAC/xJE7BpaLnqg.wav,2499.976,2345.94
/project/Corpora/speech/6000_ASR/MIEN_BAC/xJxhyT6dBcg.wav,2685.318,2378.28
/project/Corpora/speech/6000_ASR/MIEN_BAC/xQJhXI1sQqI.wav,2202.691,2091.02
/project/Corpora/speech/6000_ASR/MIEN_BAC/xRrt4f9pz0g.wav,2697.62,2292.02
/project/Corpora/speech/6000_ASR/MIEN_BAC/xgRtGWDfvhM.wav,3631.044,3462.56
/project/Corpora/speech/6000_ASR/MIEN_BAC/xlqJZ-VnsgE.wav,2638.46,2517.5
/project/Corpora/speech/6000_ASR/MIEN_BAC/xmxnGEk46FI.wav,2965.862,2807.8
/project/Corpora/speech/6000_ASR/MIEN_BAC/xtzscvx5w2kdafnq8rr7xr3usifu.wav,2445.218,2403.04
/project/Corpora/speech/6000_ASR/MIEN_BAC/y0MB-FsEsX4.wav,1780.158,1291.58
/project/Corpora/speech/6000_ASR/MIEN_BAC/yC0-Bgk9ej8.wav,3055.444,1860.5
/project/Corpora/speech/6000_ASR/MIEN_BAC/yL2q8i0XL7w.wav,1632.985,1194.64
/project/Corpora/speech/6000_ASR/MIEN_BAC/yNod7rM_JOk.wav,2131.011,1643.16
/project/Corpora/speech/6000_ASR/MIEN_BAC/yRB94LUVm8U.wav,1570.969,1275.52
/project/Corpora/speech/6000_ASR/MIEN_BAC/yRsg6SU44Xs.wav,1080.689,873.0
/project/Corpora/speech/6000_ASR/MIEN_BAC/ycUUD3lQSkc.wav,2594.226,2382.62
/project/Corpora/speech/6000_ASR/MIEN_BAC/yi569lca5fehexuc7dwow55yklbo.wav,1317.251,1247.34
/project/Corpora/speech/6000_ASR/MIEN_BAC/yubYNyBHBJ8.wav,2649.072,2143.72
/project/Corpora/speech/6000_ASR/MIEN_BAC/z2wi5DKTB-8.wav,2339.991,1732.38
/project/Corpora/speech/6000_ASR/MIEN_BAC/z4oe9L4lW5g.wav,1780.455,1680.74
/project/Corpora/speech/6000_ASR/MIEN_BAC/z5R_r2GawUI.wav,3993.816,3696.68
/project/Corpora/speech/6000_ASR/MIEN_BAC/z964lssck2nzeve5iv7exo75hi72.wav,952.634,912.12
/project/Corpora/speech/6000_ASR/MIEN_BAC/zC3LRqNeWic.wav,2647.888,2444.62
/project/Corpora/speech/6000_ASR/MIEN_BAC/zEZHyW9MUVs.wav,1774.097,1605.06
/project/Corpora/speech/6000_ASR/MIEN_BAC/zM9bQz6Iw4Y.wav,2563.855,2356.54
/project/Corpora/speech/6000_ASR/MIEN_BAC/zMMvL9mrDBE.wav,3528.992,3464.7
/project/Corpora/speech/6000_ASR/MIEN_BAC/zMe-KFpLZSI.wav,2657.686,2230.56
/project/Corpora/speech/6000_ASR/MIEN_BAC/zQAexxLJG6Y.wav,1923.588,1803.16
/project/Corpora/speech/6000_ASR/MIEN_BAC/za7sfo07o4jwxtshtl9v120lh51c.wav,1404.944,1344.2
/project/Corpora/speech/6000_ASR/MIEN_BAC/zbkrqnhac1a5dhuy26vnb2j9b8d5.wav,1157.042,1110.78
/project/Corpora/speech/6000_ASR/MIEN_BAC/zbwykudpwodx9tg20yadmp7wbdj7.wav,2466.508,2352.94
/project/Corpora/speech/6000_ASR/MIEN_BAC/ze8spwmci6gu3vts6porjijp1bok.wav,1495.899,1425.96
/project/Corpora/speech/6000_ASR/MIEN_BAC/zpXDluGqSZQ.wav,1497.06,1337.3
/project/Corpora/speech/6000_ASR/MIEN_BAC/ztCvhvLQZi4.wav,1759.33,1503.7
/project/Corpora/speech/6000_ASR/MIEN_BAC/zvf4pocbp18rp0f6rx4dl6rb0fto.wav,1224.464,1164.88
