/project/Corpora/speech/6000_ASR/NGHE_TINH/-6upiQhBGlk.wav,2664.025,2607.02
/project/Corpora/speech/6000_ASR/NGHE_TINH/-EkNT6tb36A.wav,746.847,566.12
/project/Corpora/speech/6000_ASR/NGHE_TINH/-GbNxzoPsl0.wav,654.338,629.62
/project/Corpora/speech/6000_ASR/NGHE_TINH/-Zt_WBxnDcU.wav,2686.618,2468.22
/project/Corpora/speech/6000_ASR/NGHE_TINH/-f1AwuDnmbU.wav,686.08,576.96
/project/Corpora/speech/6000_ASR/NGHE_TINH/0GUqg3Re7Sk.wav,572.0,422.92
/project/Corpora/speech/6000_ASR/NGHE_TINH/0KcxwEGLdSo.wav,1014.224,883.12
/project/Corpora/speech/6000_ASR/NGHE_TINH/0QgNxwBcOvQ.wav,832.9,660.94
/project/Corpora/speech/6000_ASR/NGHE_TINH/0_Fikuwf0x8.wav,398.129,385.8
/project/Corpora/speech/6000_ASR/NGHE_TINH/0fXVYbb0xOA.wav,551.887,528.64
/project/Corpora/speech/6000_ASR/NGHE_TINH/0iFmE6HtGH0.wav,496.635,457.82
/project/Corpora/speech/6000_ASR/NGHE_TINH/0me_PfOiMSQ.wav,434.817,426.12
/project/Corpora/speech/6000_ASR/NGHE_TINH/0xt6eXBfL5Y.wav,767.35,447.2
/project/Corpora/speech/6000_ASR/NGHE_TINH/1129441337389466.wav,1993.685,1915.04
/project/Corpora/speech/6000_ASR/NGHE_TINH/145604270163267.wav,1936.0,1841.52
/project/Corpora/speech/6000_ASR/NGHE_TINH/15728534341355.wav,1695.253,1519.92
/project/Corpora/speech/6000_ASR/NGHE_TINH/15740021044864.wav,1654.357,1457.16
/project/Corpora/speech/6000_ASR/NGHE_TINH/15758766992556.wav,1793.557,1613.16
/project/Corpora/speech/6000_ASR/NGHE_TINH/15770714231451.wav,1746.795,1598.22
/project/Corpora/speech/6000_ASR/NGHE_TINH/15794935124746.wav,1699.435,1561.4
/project/Corpora/speech/6000_ASR/NGHE_TINH/15795039732636.wav,1765.205,1486.28
/project/Corpora/speech/6000_ASR/NGHE_TINH/15807897359747.wav,1812.203,1682.3
/project/Corpora/speech/6000_ASR/NGHE_TINH/15831360098480.wav,1823.915,1676.28
/project/Corpora/speech/6000_ASR/NGHE_TINH/15837274894541.wav,1739.008,1595.42
/project/Corpora/speech/6000_ASR/NGHE_TINH/15848754736592.wav,1811.371,1631.0
/project/Corpora/speech/6000_ASR/NGHE_TINH/15860839134050.wav,1819.051,1693.48
/project/Corpora/speech/6000_ASR/NGHE_TINH/15891892214733.wav,1818.965,1698.96
/project/Corpora/speech/6000_ASR/NGHE_TINH/15904772903918.wav,1785.451,1667.66
/project/Corpora/speech/6000_ASR/NGHE_TINH/15916024552016.wav,1776.405,1660.4
/project/Corpora/speech/6000_ASR/NGHE_TINH/15929010163726.wav,1789.568,1670.18
/project/Corpora/speech/6000_ASR/NGHE_TINH/15940897761619.wav,2697.728,2503.16
/project/Corpora/speech/6000_ASR/NGHE_TINH/15958340076069.wav,2684.437,2498.5
/project/Corpora/speech/6000_ASR/NGHE_TINH/15977501917453.wav,2738.688,2570.2
/project/Corpora/speech/6000_ASR/NGHE_TINH/15982334452722.wav,2697.92,2557.32
/project/Corpora/speech/6000_ASR/NGHE_TINH/15993862314388.wav,2699.925,2443.02
/project/Corpora/speech/6000_ASR/NGHE_TINH/16006488837545.wav,2685.013,2515.42
/project/Corpora/speech/6000_ASR/NGHE_TINH/16024916487647.wav,2666.56,2444.88
/project/Corpora/speech/6000_ASR/NGHE_TINH/16032462641874.wav,2709.675,2316.62
/project/Corpora/speech/6000_ASR/NGHE_TINH/16036766837234.wav,2680.725,2470.06
/project/Corpora/speech/6000_ASR/NGHE_TINH/16042405492614.wav,2700.651,2579.32
/project/Corpora/speech/6000_ASR/NGHE_TINH/16049101913035.wav,2701.568,2461.68
/project/Corpora/speech/6000_ASR/NGHE_TINH/16054463693719.wav,2694.635,2239.72
/project/Corpora/speech/6000_ASR/NGHE_TINH/16061145122467.wav,2684.757,2497.36
/project/Corpora/speech/6000_ASR/NGHE_TINH/16066412021519.wav,2695.808,2462.98
/project/Corpora/speech/6000_ASR/NGHE_TINH/16078508619362.wav,2700.523,2516.48
/project/Corpora/speech/6000_ASR/NGHE_TINH/16084606692332.wav,2700.373,2494.46
/project/Corpora/speech/6000_ASR/NGHE_TINH/16092087512609.wav,2695.125,2319.8
/project/Corpora/speech/6000_ASR/NGHE_TINH/16097442756504.wav,2750.571,2595.38
/project/Corpora/speech/6000_ASR/NGHE_TINH/16103355718464.wav,2705.728,2416.36
/project/Corpora/speech/6000_ASR/NGHE_TINH/16108791123597.wav,2696.0,2511.18
/project/Corpora/speech/6000_ASR/NGHE_TINH/16114808085057.wav,2700.928,2463.74
/project/Corpora/speech/6000_ASR/NGHE_TINH/16120918241679.wav,2700.075,2420.8
/project/Corpora/speech/6000_ASR/NGHE_TINH/16121005277351.wav,2700.075,2420.8
/project/Corpora/speech/6000_ASR/NGHE_TINH/16126919836057.wav,2702.635,2444.0
/project/Corpora/speech/6000_ASR/NGHE_TINH/16145017196241.wav,1317.12,1257.22
/project/Corpora/speech/6000_ASR/NGHE_TINH/16155184383625.wav,2700.075,2509.74
/project/Corpora/speech/6000_ASR/NGHE_TINH/16157266995002.wav,2685.995,2491.96
/project/Corpora/speech/6000_ASR/NGHE_TINH/16163244808724.wav,2699.968,2379.6
/project/Corpora/speech/6000_ASR/NGHE_TINH/16175286879610.wav,2692.16,2384.76
/project/Corpora/speech/6000_ASR/NGHE_TINH/16181484182311.wav,2700.075,2432.02
/project/Corpora/speech/6000_ASR/NGHE_TINH/16187384594418.wav,2697.6,2526.16
/project/Corpora/speech/6000_ASR/NGHE_TINH/16193570324989.wav,2700.928,2445.82
/project/Corpora/speech/6000_ASR/NGHE_TINH/16199531273184.wav,2704.768,2310.46
/project/Corpora/speech/6000_ASR/NGHE_TINH/16205602399269.wav,2700.075,2525.96
/project/Corpora/speech/6000_ASR/NGHE_TINH/16217628368199.wav,2700.373,2445.16
/project/Corpora/speech/6000_ASR/NGHE_TINH/16218217152375.wav,2700.971,2433.8
/project/Corpora/speech/6000_ASR/NGHE_TINH/16223667967518.wav,2704.491,2547.18
/project/Corpora/speech/6000_ASR/NGHE_TINH/16229729409523.wav,2696.683,2370.14
/project/Corpora/speech/6000_ASR/NGHE_TINH/16235813587206.wav,2700.075,2560.04
/project/Corpora/speech/6000_ASR/NGHE_TINH/16241873641666.wav,2700.075,2555.36
/project/Corpora/speech/6000_ASR/NGHE_TINH/16248056415190.wav,2701.035,2386.36
/project/Corpora/speech/6000_ASR/NGHE_TINH/16253924481623.wav,2700.16,2377.1
/project/Corpora/speech/6000_ASR/NGHE_TINH/16259971149437.wav,2699.115,2346.1
/project/Corpora/speech/6000_ASR/NGHE_TINH/16266042113584.wav,2695.915,2370.96
/project/Corpora/speech/6000_ASR/NGHE_TINH/16272124752240.wav,2711.168,2499.08
/project/Corpora/speech/6000_ASR/NGHE_TINH/1HbG4PpodQw.wav,555.857,531.82
/project/Corpora/speech/6000_ASR/NGHE_TINH/1VGY44kKk4I.wav,2636.324,2370.7
/project/Corpora/speech/6000_ASR/NGHE_TINH/1gsw7rNSje4.wav,899.053,717.46
/project/Corpora/speech/6000_ASR/NGHE_TINH/2583688801891985.wav,2781.525,2595.3
/project/Corpora/speech/6000_ASR/NGHE_TINH/259Exp8nj54.wav,1139.055,1061.92
/project/Corpora/speech/6000_ASR/NGHE_TINH/2680019375358203.wav,2050.944,1915.66
/project/Corpora/speech/6000_ASR/NGHE_TINH/284504889216211.wav,3579.477,1763.06
/project/Corpora/speech/6000_ASR/NGHE_TINH/285846256140677.wav,1593.301,462.92
/project/Corpora/speech/6000_ASR/NGHE_TINH/2BeA7_-8NZ8.wav,588.974,534.18
/project/Corpora/speech/6000_ASR/NGHE_TINH/2BjM4x7nlss.wav,1769.964,1655.9
/project/Corpora/speech/6000_ASR/NGHE_TINH/3558272064217955.wav,2255.061,2122.44
/project/Corpora/speech/6000_ASR/NGHE_TINH/3CTCXQL_jxM.wav,2794.296,2430.4
/project/Corpora/speech/6000_ASR/NGHE_TINH/3GW_Wh3TuiU.wav,914.704,670.58
/project/Corpora/speech/6000_ASR/NGHE_TINH/3VnH1o0Bq9o.wav,752.512,607.48
/project/Corpora/speech/6000_ASR/NGHE_TINH/3dlQW89CY8U.wav,965.904,808.94
/project/Corpora/speech/6000_ASR/NGHE_TINH/3ou8roM-fho.wav,363.694,331.94
/project/Corpora/speech/6000_ASR/NGHE_TINH/3r52r3I83Rc.wav,591.621,472.86
/project/Corpora/speech/6000_ASR/NGHE_TINH/4-QIZIS72YY.wav,805.686,629.08
/project/Corpora/speech/6000_ASR/NGHE_TINH/498957064328058.wav,2070.187,1910.62
/project/Corpora/speech/6000_ASR/NGHE_TINH/49qqBZssAvY.wav,1954.145,1822.74
/project/Corpora/speech/6000_ASR/NGHE_TINH/4Kg9wlzAj_M.wav,1813.688,1743.38
/project/Corpora/speech/6000_ASR/NGHE_TINH/4bQx73TX-QU.wav,627.264,493.56
/project/Corpora/speech/6000_ASR/NGHE_TINH/4fHSz4Z8tWI.wav,466.048,407.02
/project/Corpora/speech/6000_ASR/NGHE_TINH/4jjgKbt6JFw.wav,843.697,731.24
/project/Corpora/speech/6000_ASR/NGHE_TINH/4l14fOYZhaU.wav,353.733,310.02
/project/Corpora/speech/6000_ASR/NGHE_TINH/4lqPQRsiyD0.wav,380.947,244.38
/project/Corpora/speech/6000_ASR/NGHE_TINH/4sCp_v5LqCI.wav,552.96,443.86
/project/Corpora/speech/6000_ASR/NGHE_TINH/511740029772063.wav,2020.651,1847.46
/project/Corpora/speech/6000_ASR/NGHE_TINH/52V1Vbzv_ww.wav,1176.973,939.18
/project/Corpora/speech/6000_ASR/NGHE_TINH/531377084103968.wav,6138.368,376.86
/project/Corpora/speech/6000_ASR/NGHE_TINH/550913745403670.wav,2078.592,1915.82
/project/Corpora/speech/6000_ASR/NGHE_TINH/57WGeROjpnA.wav,589.508,539.38
/project/Corpora/speech/6000_ASR/NGHE_TINH/593329587983463.wav,3854.549,1867.74
/project/Corpora/speech/6000_ASR/NGHE_TINH/5AFzRC6jEXU.wav,58.491,50.54
/project/Corpora/speech/6000_ASR/NGHE_TINH/5Zkc3QtCzpU.wav,332.626,308.36
/project/Corpora/speech/6000_ASR/NGHE_TINH/5hHVZVMVrK4.wav,1788.889,1548.46
/project/Corpora/speech/6000_ASR/NGHE_TINH/5jrK7DBYusw.wav,941.221,793.0
/project/Corpora/speech/6000_ASR/NGHE_TINH/5lQkEX1h9D0.wav,2755.419,2379.94
/project/Corpora/speech/6000_ASR/NGHE_TINH/5nYWnd5IjlY.wav,767.124,528.92
/project/Corpora/speech/6000_ASR/NGHE_TINH/5wMYXHPb8K0.wav,560.576,416.96
/project/Corpora/speech/6000_ASR/NGHE_TINH/5xojReQUIaA.wav,610.197,461.12
/project/Corpora/speech/6000_ASR/NGHE_TINH/600675743784219.wav,1867.733,1776.38
/project/Corpora/speech/6000_ASR/NGHE_TINH/60hUaDmYHZw.wav,708.627,576.68
/project/Corpora/speech/6000_ASR/NGHE_TINH/64O_kOETIfM.wav,691.606,525.6
/project/Corpora/speech/6000_ASR/NGHE_TINH/661157280907805.wav,1919.445,1780.36
/project/Corpora/speech/6000_ASR/NGHE_TINH/670417976860799.wav,7158.912,3490.82
/project/Corpora/speech/6000_ASR/NGHE_TINH/675899756696984.wav,2746.112,2579.76
/project/Corpora/speech/6000_ASR/NGHE_TINH/675899760030317.wav,2746.112,2579.76
/project/Corpora/speech/6000_ASR/NGHE_TINH/678894692944683.wav,7461.845,3661.74
/project/Corpora/speech/6000_ASR/NGHE_TINH/681917916004383.wav,2231.424,2101.06
/project/Corpora/speech/6000_ASR/NGHE_TINH/683757192459649.wav,7347.328,3579.32
/project/Corpora/speech/6000_ASR/NGHE_TINH/6HJ0HQHsy_M.wav,1776.698,1716.32
/project/Corpora/speech/6000_ASR/NGHE_TINH/6Jlc4aFSLcE.wav,58.886,58.66
/project/Corpora/speech/6000_ASR/NGHE_TINH/6O0FwbFJFdk.wav,806.847,503.42
/project/Corpora/speech/6000_ASR/NGHE_TINH/6vMNbAo-Mn4.wav,611.172,587.52
/project/Corpora/speech/6000_ASR/NGHE_TINH/740538919663997.wav,3501.568,3301.2
/project/Corpora/speech/6000_ASR/NGHE_TINH/787353381917471.wav,2282.027,1842.94
/project/Corpora/speech/6000_ASR/NGHE_TINH/78tOg9a-BOM.wav,744.014,707.32
/project/Corpora/speech/6000_ASR/NGHE_TINH/791WgLhtAS0.wav,861.785,816.9
/project/Corpora/speech/6000_ASR/NGHE_TINH/7AHvT60QBv0.wav,3026.031,2851.64
/project/Corpora/speech/6000_ASR/NGHE_TINH/7C9sB1qgLvU.wav,690.19,578.38
/project/Corpora/speech/6000_ASR/NGHE_TINH/7cRAO3H1fSU.wav,591.11,560.78
/project/Corpora/speech/6000_ASR/NGHE_TINH/7pDAXxQSO6w.wav,3501.5,3313.82
/project/Corpora/speech/6000_ASR/NGHE_TINH/85QZaXSSKA0.wav,1902.364,1739.56
/project/Corpora/speech/6000_ASR/NGHE_TINH/874981609651059.wav,1937.28,1820.42
/project/Corpora/speech/6000_ASR/NGHE_TINH/8NQwXgqgWx4.wav,462.989,331.38
/project/Corpora/speech/6000_ASR/NGHE_TINH/8iEhMlvnx1s.wav,670.708,524.32
/project/Corpora/speech/6000_ASR/NGHE_TINH/8rYxDj7b2rY.wav,1355.326,872.52
/project/Corpora/speech/6000_ASR/NGHE_TINH/8voAgEeIhlw.wav,496.414,469.26
/project/Corpora/speech/6000_ASR/NGHE_TINH/9Yi1CRGEGTk.wav,2584.52,2203.28
/project/Corpora/speech/6000_ASR/NGHE_TINH/9gsYFmwvj2c.wav,2709.49,2330.34
/project/Corpora/speech/6000_ASR/NGHE_TINH/9zeX9gnuMYI.wav,2729.947,2600.22
/project/Corpora/speech/6000_ASR/NGHE_TINH/A-TQlv4-IDA.wav,901.05,632.5
/project/Corpora/speech/6000_ASR/NGHE_TINH/A0v0ouNtTcY.wav,649.23,617.6
/project/Corpora/speech/6000_ASR/NGHE_TINH/A6KETwHNo6g.wav,59.397,31.58
/project/Corpora/speech/6000_ASR/NGHE_TINH/AEucQD9BiYg.wav,499.81,481.96
/project/Corpora/speech/6000_ASR/NGHE_TINH/AHnTC2Fy6W8.wav,958.45,732.26
/project/Corpora/speech/6000_ASR/NGHE_TINH/AaLqVHC2was.wav,1765.901,1560.88
/project/Corpora/speech/6000_ASR/NGHE_TINH/AaYUb9LouOg.wav,772.18,573.0
/project/Corpora/speech/6000_ASR/NGHE_TINH/AoZKzUr1xFE.wav,875.183,560.72
/project/Corpora/speech/6000_ASR/NGHE_TINH/B4wmRRyvL6M.wav,729.014,613.56
/project/Corpora/speech/6000_ASR/NGHE_TINH/Ben5C3cKOZQ.wav,644.894,621.76
/project/Corpora/speech/6000_ASR/NGHE_TINH/BjY-YYSf8Cc.wav,2718.251,2489.28
/project/Corpora/speech/6000_ASR/NGHE_TINH/CKXDnG9KZvE.wav,2590.65,2307.42
/project/Corpora/speech/6000_ASR/NGHE_TINH/ChTYa2GDZl0.wav,885.632,717.58
/project/Corpora/speech/6000_ASR/NGHE_TINH/ClLs0VKM2Go.wav,706.775,561.02
/project/Corpora/speech/6000_ASR/NGHE_TINH/D8-PoFhyxEw.wav,1959.764,1831.94
/project/Corpora/speech/6000_ASR/NGHE_TINH/DbqF72hUi4c.wav,650.809,518.22
/project/Corpora/speech/6000_ASR/NGHE_TINH/DmF689MvNEU.wav,822.869,712.08
/project/Corpora/speech/6000_ASR/NGHE_TINH/Dm_PwZlhuSU.wav,1828.177,1610.0
/project/Corpora/speech/6000_ASR/NGHE_TINH/E4g8VMI4DhI.wav,309.731,241.98
/project/Corpora/speech/6000_ASR/NGHE_TINH/EFgnsFYXaGY.wav,1033.102,830.78
/project/Corpora/speech/6000_ASR/NGHE_TINH/ENwnf6Hgc3g.wav,615.259,552.38
/project/Corpora/speech/6000_ASR/NGHE_TINH/EQTQQUkOvxY.wav,254.119,248.7
/project/Corpora/speech/6000_ASR/NGHE_TINH/EtME1b8c8sw.wav,434.167,401.48
/project/Corpora/speech/6000_ASR/NGHE_TINH/EwaZ8GrRZz8.wav,525.062,425.18
/project/Corpora/speech/6000_ASR/NGHE_TINH/F4JhTDzqMAc.wav,683.335,659.62
/project/Corpora/speech/6000_ASR/NGHE_TINH/F7JxaTpnyj4.wav,649.369,554.96
/project/Corpora/speech/6000_ASR/NGHE_TINH/FC_SPjEJVNs.wav,623.549,532.56
/project/Corpora/speech/6000_ASR/NGHE_TINH/FQE21TNzKgM.wav,642.496,617.56
/project/Corpora/speech/6000_ASR/NGHE_TINH/FXopPUCPVSw.wav,746.691,635.16
/project/Corpora/speech/6000_ASR/NGHE_TINH/FnkT5qOfMn8.wav,465.792,448.14
/project/Corpora/speech/6000_ASR/NGHE_TINH/Fymx6DXNe3c.wav,1760.961,1680.98
/project/Corpora/speech/6000_ASR/NGHE_TINH/G1B4bWsPrsQ.wav,1467.687,1116.78
/project/Corpora/speech/6000_ASR/NGHE_TINH/G9bIrCz_Ir4.wav,2757.091,2494.76
/project/Corpora/speech/6000_ASR/NGHE_TINH/H7bcz84kDhs.wav,893.504,786.06
/project/Corpora/speech/6000_ASR/NGHE_TINH/HDD9sQhJwVc.wav,455.158,444.5
/project/Corpora/speech/6000_ASR/NGHE_TINH/HDKo6hTHraU.wav,594.175,504.76
/project/Corpora/speech/6000_ASR/NGHE_TINH/HV_tzJbFACY.wav,1746.419,1681.22
/project/Corpora/speech/6000_ASR/NGHE_TINH/HYh8pesiDOw.wav,615.057,564.38
/project/Corpora/speech/6000_ASR/NGHE_TINH/HvH5CvcnmQE.wav,2728.089,2612.34
/project/Corpora/speech/6000_ASR/NGHE_TINH/HvKOZ_GiucQ.wav,805.988,652.24
/project/Corpora/speech/6000_ASR/NGHE_TINH/Hw0jV2o3bXQ.wav,2766.495,2294.4
/project/Corpora/speech/6000_ASR/NGHE_TINH/I5qZEStJARY.wav,639.733,544.08
/project/Corpora/speech/6000_ASR/NGHE_TINH/IC-7_vxASXo.wav,1378.383,282.38
/project/Corpora/speech/6000_ASR/NGHE_TINH/IZjQJAPA8XM.wav,1772.565,1712.0
/project/Corpora/speech/6000_ASR/NGHE_TINH/Ign7HTDXZ5o.wav,1045.571,831.84
/project/Corpora/speech/6000_ASR/NGHE_TINH/IuKhNGeFzAc.wav,764.192,660.96
/project/Corpora/speech/6000_ASR/NGHE_TINH/J3TvadkZMFk.wav,899.564,659.2
/project/Corpora/speech/6000_ASR/NGHE_TINH/JKTIn-Rg6cM.wav,2681.609,2351.76
/project/Corpora/speech/6000_ASR/NGHE_TINH/Jk13VQ9l7tQ.wav,704.052,605.84
/project/Corpora/speech/6000_ASR/NGHE_TINH/Jl0C6Vg-PbQ.wav,579.895,537.86
/project/Corpora/speech/6000_ASR/NGHE_TINH/Jt0eGqja-I8.wav,1807.297,1668.94
/project/Corpora/speech/6000_ASR/NGHE_TINH/K0r5qZfjjSo.wav,2715.04,2502.4
/project/Corpora/speech/6000_ASR/NGHE_TINH/KGwlnL-NkPc.wav,569.493,346.48
/project/Corpora/speech/6000_ASR/NGHE_TINH/KKBc2OwlzEc.wav,2752.958,2399.16
/project/Corpora/speech/6000_ASR/NGHE_TINH/KmnD-jXyg1c.wav,413.803,344.28
/project/Corpora/speech/6000_ASR/NGHE_TINH/KuplULwhiYQ.wav,2778.135,2366.52
/project/Corpora/speech/6000_ASR/NGHE_TINH/KyLmXAG2XyE.wav,808.27,774.6
/project/Corpora/speech/6000_ASR/NGHE_TINH/L3s6rD96qXU.wav,741.878,618.5
/project/Corpora/speech/6000_ASR/NGHE_TINH/L5cbX36Lofg.wav,791.034,610.4
/project/Corpora/speech/6000_ASR/NGHE_TINH/LYB0Mag3PeI.wav,1780.97,1672.18
/project/Corpora/speech/6000_ASR/NGHE_TINH/L_lz6lWUA5I.wav,955.664,836.12
/project/Corpora/speech/6000_ASR/NGHE_TINH/LebqN5ecUbY.wav,2628.151,2333.1
/project/Corpora/speech/6000_ASR/NGHE_TINH/LfiJjl2F3fI.wav,1743.261,1624.52
/project/Corpora/speech/6000_ASR/NGHE_TINH/LwtzoDIHr1Q.wav,1247.562,1087.14
/project/Corpora/speech/6000_ASR/NGHE_TINH/MNeG-pRY1d8.wav,694.393,565.08
/project/Corpora/speech/6000_ASR/NGHE_TINH/MQRV8WSVD2Q.wav,626.892,550.96
/project/Corpora/speech/6000_ASR/NGHE_TINH/MTObOSgXpAg.wav,635.618,574.98
/project/Corpora/speech/6000_ASR/NGHE_TINH/MXfh0PCl__s.wav,517.341,464.46
/project/Corpora/speech/6000_ASR/NGHE_TINH/MlR4aLLCi5Q.wav,1636.612,1568.22
/project/Corpora/speech/6000_ASR/NGHE_TINH/MvYXXslnCbk.wav,862.389,688.16
/project/Corpora/speech/6000_ASR/NGHE_TINH/NAb3fA_hKrQ.wav,1000.548,787.42
/project/Corpora/speech/6000_ASR/NGHE_TINH/NDEY0ewD0yU.wav,539.469,495.32
/project/Corpora/speech/6000_ASR/NGHE_TINH/NLJQUORHs0w.wav,763.82,727.42
/project/Corpora/speech/6000_ASR/NGHE_TINH/NM_LZSJE1TA.wav,860.253,787.36
/project/Corpora/speech/6000_ASR/NGHE_TINH/NRS95TaG52I.wav,667.992,482.38
/project/Corpora/speech/6000_ASR/NGHE_TINH/NSw51UBAs14.wav,534.454,360.6
/project/Corpora/speech/6000_ASR/NGHE_TINH/NuVFrNkLCE4.wav,2698.716,2383.78
/project/Corpora/speech/6000_ASR/NGHE_TINH/ONXCQ2-rh9I.wav,2706.773,2566.26
/project/Corpora/speech/6000_ASR/NGHE_TINH/OXkryYMRqJ8.wav,441.464,423.78
/project/Corpora/speech/6000_ASR/NGHE_TINH/Oh1RLjx8gxo.wav,1386.435,1386.02
/project/Corpora/speech/6000_ASR/NGHE_TINH/OvGHqdRMRAg.wav,677.814,545.36
/project/Corpora/speech/6000_ASR/NGHE_TINH/P8OS60JEUBI.wav,2452.515,2090.3
/project/Corpora/speech/6000_ASR/NGHE_TINH/PFt3P8WPEXo.wav,512.378,468.68
/project/Corpora/speech/6000_ASR/NGHE_TINH/PTAvK9akaX4.wav,703.681,582.58
/project/Corpora/speech/6000_ASR/NGHE_TINH/QEK7oUO1fgg.wav,395.273,380.16
/project/Corpora/speech/6000_ASR/NGHE_TINH/QPW4Nucp81Q.wav,383.779,294.5
/project/Corpora/speech/6000_ASR/NGHE_TINH/QiNY7evY-QQ.wav,845.949,732.1
/project/Corpora/speech/6000_ASR/NGHE_TINH/R2PXIAvfToI.wav,878.852,607.46
/project/Corpora/speech/6000_ASR/NGHE_TINH/RHIlTqtaHxQ.wav,633.742,556.38
/project/Corpora/speech/6000_ASR/NGHE_TINH/RIVYG5JIPbY.wav,644.052,561.56
/project/Corpora/speech/6000_ASR/NGHE_TINH/RJYfqgyp8mg.wav,376.001,260.64
/project/Corpora/speech/6000_ASR/NGHE_TINH/RM8HAwgyMk4.wav,871.468,632.12
/project/Corpora/speech/6000_ASR/NGHE_TINH/RhPsr_zatIU.wav,605.211,580.82
/project/Corpora/speech/6000_ASR/NGHE_TINH/RhwSMzQiB3c.wav,555.096,523.88
/project/Corpora/speech/6000_ASR/NGHE_TINH/RrFniBiDMdU.wav,1761.419,1684.68
/project/Corpora/speech/6000_ASR/NGHE_TINH/RvqZyr6x8TU.wav,979.023,628.76
/project/Corpora/speech/6000_ASR/NGHE_TINH/S-3Md8bbRyI.wav,1214.775,1159.92
/project/Corpora/speech/6000_ASR/NGHE_TINH/S1C4C8Pc2T8.wav,1259.155,1239.36
/project/Corpora/speech/6000_ASR/NGHE_TINH/S2JEp5JB4HQ.wav,492.212,473.24
/project/Corpora/speech/6000_ASR/NGHE_TINH/S77JaGBUhbU.wav,672.357,566.48
/project/Corpora/speech/6000_ASR/NGHE_TINH/SCMV_mEONvc.wav,1881.559,1683.36
/project/Corpora/speech/6000_ASR/NGHE_TINH/SfX5ye_X6vs.wav,689.493,582.88
/project/Corpora/speech/6000_ASR/NGHE_TINH/SqWTFsGsSHU.wav,853.937,725.34
/project/Corpora/speech/6000_ASR/NGHE_TINH/SqhWLnn7XQ8.wav,632.767,462.72
/project/Corpora/speech/6000_ASR/NGHE_TINH/TSt3hxbXCRo.wav,980.602,890.48
/project/Corpora/speech/6000_ASR/NGHE_TINH/Thp6jPW4jis.wav,810.493,692.66
/project/Corpora/speech/6000_ASR/NGHE_TINH/Tiz8rDZZ_MI.wav,665.293,636.22
/project/Corpora/speech/6000_ASR/NGHE_TINH/U8dhZAill6A.wav,1127.747,1066.54
/project/Corpora/speech/6000_ASR/NGHE_TINH/UPzuwSi85RY.wav,790.709,697.54
/project/Corpora/speech/6000_ASR/NGHE_TINH/UZmnIpCZhy8.wav,2506.757,2228.54
/project/Corpora/speech/6000_ASR/NGHE_TINH/V5haLAt6viA.wav,419.05,394.38
/project/Corpora/speech/6000_ASR/NGHE_TINH/VPrp5eUnsHU.wav,2733.314,2308.1
/project/Corpora/speech/6000_ASR/NGHE_TINH/VVLsfxfaff4.wav,507.704,414.62
/project/Corpora/speech/6000_ASR/NGHE_TINH/VgMkYm9gHn8.wav,2728.113,2264.86
/project/Corpora/speech/6000_ASR/NGHE_TINH/ViO5a1yh1zA.wav,807.132,662.16
/project/Corpora/speech/6000_ASR/NGHE_TINH/W6Jp3akT1UU.wav,647.001,512.46
/project/Corpora/speech/6000_ASR/NGHE_TINH/W6fMDMCWgTE.wav,1057.367,747.16
/project/Corpora/speech/6000_ASR/NGHE_TINH/W7-BYMZ0iOU.wav,661.218,552.44
/project/Corpora/speech/6000_ASR/NGHE_TINH/WJ0A1Jbljck.wav,1573.5,1363.18
/project/Corpora/speech/6000_ASR/NGHE_TINH/WL13DzPJDhM.wav,1959.973,1794.14
/project/Corpora/speech/6000_ASR/NGHE_TINH/WPrCtHzcUfA.wav,185.249,179.5
/project/Corpora/speech/6000_ASR/NGHE_TINH/WcTC7SyRX0g.wav,640.157,502.14
/project/Corpora/speech/6000_ASR/NGHE_TINH/WemZvstBQbI.wav,1787.304,1675.8
/project/Corpora/speech/6000_ASR/NGHE_TINH/Wm10ZVWjzf8.wav,712.737,697.88
/project/Corpora/speech/6000_ASR/NGHE_TINH/Wt_UGG6bR8c.wav,442.921,367.6
/project/Corpora/speech/6000_ASR/NGHE_TINH/XBAQ38llJl8.wav,2659.753,2483.8
/project/Corpora/speech/6000_ASR/NGHE_TINH/XFHYIKK9cRM.wav,3230.244,2991.0
/project/Corpora/speech/6000_ASR/NGHE_TINH/XO2MUleWmMU.wav,1626.651,1543.78
/project/Corpora/speech/6000_ASR/NGHE_TINH/XQYC-w2Ufm0.wav,2644.451,2398.16
/project/Corpora/speech/6000_ASR/NGHE_TINH/Xa-vUoEy6RA.wav,1570.76,1566.96
/project/Corpora/speech/6000_ASR/NGHE_TINH/XhbhjZ_DHp8.wav,652.928,629.66
/project/Corpora/speech/6000_ASR/NGHE_TINH/YH9qT_cq7lU.wav,616.049,520.1
/project/Corpora/speech/6000_ASR/NGHE_TINH/YLtljcGz3Es.wav,2728.229,2246.24
/project/Corpora/speech/6000_ASR/NGHE_TINH/YNnVOLy840E.wav,553.494,525.54
/project/Corpora/speech/6000_ASR/NGHE_TINH/YSxFX8EhsH8.wav,622.481,443.76
/project/Corpora/speech/6000_ASR/NGHE_TINH/YW7hBR-T5DM.wav,1847.015,1746.68
/project/Corpora/speech/6000_ASR/NGHE_TINH/YsZpoj5jeic.wav,770.183,676.24
/project/Corpora/speech/6000_ASR/NGHE_TINH/YtZFRRafx6I.wav,729.223,613.54
/project/Corpora/speech/6000_ASR/NGHE_TINH/Yz6tJ1r__o4.wav,691.885,576.24
/project/Corpora/speech/6000_ASR/NGHE_TINH/ZFEgGUutFlQ.wav,810.864,711.02
/project/Corpora/speech/6000_ASR/NGHE_TINH/ZGAOYZ5wyUE.wav,669.617,553.92
/project/Corpora/speech/6000_ASR/NGHE_TINH/Z_l6bWgnZKI.wav,900.052,748.52
/project/Corpora/speech/6000_ASR/NGHE_TINH/ZaJbSvaePpM.wav,899.123,747.62
/project/Corpora/speech/6000_ASR/NGHE_TINH/ZnhkgmiBgLk.wav,988.45,800.94
/project/Corpora/speech/6000_ASR/NGHE_TINH/ZwaCj8jOMqs.wav,868.635,497.78
/project/Corpora/speech/6000_ASR/NGHE_TINH/_2GHIOC3OfQ.wav,2738.84,2475.5
/project/Corpora/speech/6000_ASR/NGHE_TINH/_XQdFFMO7yk.wav,1643.044,1532.94
/project/Corpora/speech/6000_ASR/NGHE_TINH/_gkC1TMBaYU.wav,652.318,494.94
/project/Corpora/speech/6000_ASR/NGHE_TINH/_j_EMMW2pfs.wav,2677.307,2501.28
/project/Corpora/speech/6000_ASR/NGHE_TINH/aSKr0N4gy1c.wav,1722.619,1042.66
/project/Corpora/speech/6000_ASR/NGHE_TINH/au9LoVNVk_g.wav,608.578,587.76
/project/Corpora/speech/6000_ASR/NGHE_TINH/b-ATn4IfSFg.wav,589.555,380.88
/project/Corpora/speech/6000_ASR/NGHE_TINH/b1M1mhq_xm8.wav,632.07,513.5
/project/Corpora/speech/6000_ASR/NGHE_TINH/bOcmwphjz8w.wav,737.419,609.68
/project/Corpora/speech/6000_ASR/NGHE_TINH/bkX_ea7Hp9I.wav,587.047,567.4
/project/Corpora/speech/6000_ASR/NGHE_TINH/bnaObcHvLlw.wav,894.084,807.74
/project/Corpora/speech/6000_ASR/NGHE_TINH/cCVoG08iekA.wav,1800.296,1753.34
/project/Corpora/speech/6000_ASR/NGHE_TINH/cMXeIEvpAfQ.wav,621.9,477.52
/project/Corpora/speech/6000_ASR/NGHE_TINH/cPPPwX-7TC8.wav,615.863,587.84
/project/Corpora/speech/6000_ASR/NGHE_TINH/cbfCPf4BDZ4.wav,807.544,650.46
/project/Corpora/speech/6000_ASR/NGHE_TINH/cg2qHzBswY8.wav,2702.269,2591.26
/project/Corpora/speech/6000_ASR/NGHE_TINH/cyaMVINAyfk.wav,465.056,456.9
/project/Corpora/speech/6000_ASR/NGHE_TINH/dPWJJy1CKXw.wav,1245.379,1238.88
/project/Corpora/speech/6000_ASR/NGHE_TINH/dZgjoB9n-lI.wav,1956.165,1877.8
/project/Corpora/speech/6000_ASR/NGHE_TINH/dj8pQ7dmxOE.wav,1698.772,1620.24
/project/Corpora/speech/6000_ASR/NGHE_TINH/dlQ8Mf79B-g.wav,731.475,599.2
/project/Corpora/speech/6000_ASR/NGHE_TINH/eEW6vNC6KOw.wav,559.346,530.16
/project/Corpora/speech/6000_ASR/NGHE_TINH/ea7azhp8B2M.wav,711.088,658.68
/project/Corpora/speech/6000_ASR/NGHE_TINH/eaMy8HMnbQQ.wav,2660.798,2105.5
/project/Corpora/speech/6000_ASR/NGHE_TINH/eu9vVbRW5K8.wav,671.637,541.44
/project/Corpora/speech/6000_ASR/NGHE_TINH/fJpW3OAxWKo.wav,1835.648,1746.66
/project/Corpora/speech/6000_ASR/NGHE_TINH/frI896Q21q0.wav,252.749,239.16
/project/Corpora/speech/6000_ASR/NGHE_TINH/g1HnKNwyUkA.wav,688.75,559.68
/project/Corpora/speech/6000_ASR/NGHE_TINH/gO58Q7oDNt8.wav,301.425,238.94
/project/Corpora/speech/6000_ASR/NGHE_TINH/gSrcKBys4Lg.wav,474.901,462.2
/project/Corpora/speech/6000_ASR/NGHE_TINH/gUbEe6ji0mk.wav,1814.17,1734.38
/project/Corpora/speech/6000_ASR/NGHE_TINH/gUmEcVwQo5Y.wav,897.521,437.72
/project/Corpora/speech/6000_ASR/NGHE_TINH/ggm-a8hzoTw.wav,632.349,526.46
/project/Corpora/speech/6000_ASR/NGHE_TINH/h5DCahPDBZE.wav,874.789,652.94
/project/Corpora/speech/6000_ASR/NGHE_TINH/h8Gb8iKnKks.wav,424.282,414.38
/project/Corpora/speech/6000_ASR/NGHE_TINH/hJFEyJzwgTk.wav,440.814,430.56
/project/Corpora/speech/6000_ASR/NGHE_TINH/i1y0CtgLqVI.wav,721.421,606.14
/project/Corpora/speech/6000_ASR/NGHE_TINH/i8moNs6DnLE.wav,452.749,443.2
/project/Corpora/speech/6000_ASR/NGHE_TINH/iJ2ep7oOFo8.wav,581.573,561.82
/project/Corpora/speech/6000_ASR/NGHE_TINH/iPyIUw9bP5s.wav,452.842,433.38
/project/Corpora/speech/6000_ASR/NGHE_TINH/i_y4ugC-ixQ.wav,622.568,509.08
/project/Corpora/speech/6000_ASR/NGHE_TINH/j2wNZN7zKDI.wav,1831.126,1651.34
/project/Corpora/speech/6000_ASR/NGHE_TINH/j6oGChyjHtQ.wav,414.337,384.7
/project/Corpora/speech/6000_ASR/NGHE_TINH/knzqmS4Sf_w.wav,1877.937,1764.4
/project/Corpora/speech/6000_ASR/NGHE_TINH/la4oq2YGzSw.wav,752.605,638.48
/project/Corpora/speech/6000_ASR/NGHE_TINH/lw8EQoHPnl8.wav,2613.197,2421.1
/project/Corpora/speech/6000_ASR/NGHE_TINH/m0UW8q3hhuw.wav,598.1,461.4
/project/Corpora/speech/6000_ASR/NGHE_TINH/mKEFRlhRDpE.wav,2759.854,2484.64
/project/Corpora/speech/6000_ASR/NGHE_TINH/mRlUecHa-Ro.wav,2731.41,2587.5
/project/Corpora/speech/6000_ASR/NGHE_TINH/mXYrDxtf2Cc.wav,870.075,713.08
/project/Corpora/speech/6000_ASR/NGHE_TINH/m_7DuNufpx0.wav,887.397,710.88
/project/Corpora/speech/6000_ASR/NGHE_TINH/msfCJaCiyzI.wav,2529.768,2368.92
/project/Corpora/speech/6000_ASR/NGHE_TINH/n1PnWaJe4gA.wav,129.521,112.14
/project/Corpora/speech/6000_ASR/NGHE_TINH/nKprES8TJd4.wav,948.751,848.56
/project/Corpora/speech/6000_ASR/NGHE_TINH/nOmTcPrK7tE.wav,1009.099,845.68
/project/Corpora/speech/6000_ASR/NGHE_TINH/nVh2E8CFkGk.wav,811.236,611.14
/project/Corpora/speech/6000_ASR/NGHE_TINH/nY9y3b9WIfU.wav,1859.205,1788.88
/project/Corpora/speech/6000_ASR/NGHE_TINH/nasNQu3HCWM.wav,863.759,690.5
/project/Corpora/speech/6000_ASR/NGHE_TINH/nmIW88IkEW0.wav,675.817,559.36
/project/Corpora/speech/6000_ASR/NGHE_TINH/nqNvEWLYn5E.wav,537.456,482.1
/project/Corpora/speech/6000_ASR/NGHE_TINH/oGyuAQOx1-k.wav,994.905,851.28
/project/Corpora/speech/6000_ASR/NGHE_TINH/oVCEJ6aEkDI.wav,617.256,504.6
/project/Corpora/speech/6000_ASR/NGHE_TINH/okh7Z7idWcU.wav,1093.544,784.26
/project/Corpora/speech/6000_ASR/NGHE_TINH/ommCDNVMIQg.wav,2020.421,1915.72
/project/Corpora/speech/6000_ASR/NGHE_TINH/ov_XXdeY2PI.wav,715.43,584.16
/project/Corpora/speech/6000_ASR/NGHE_TINH/oyxi6joliRw.wav,259.367,256.16
/project/Corpora/speech/6000_ASR/NGHE_TINH/p19eWUbg4ic.wav,2480.263,2412.06
/project/Corpora/speech/6000_ASR/NGHE_TINH/p5TRm_jI_jQ.wav,610.429,591.64
/project/Corpora/speech/6000_ASR/NGHE_TINH/p7__yg4PkkQ.wav,2637.276,2378.6
/project/Corpora/speech/6000_ASR/NGHE_TINH/pDgXAAskmpQ.wav,787.621,649.18
/project/Corpora/speech/6000_ASR/NGHE_TINH/pJClmKi0234.wav,706.49,577.28
/project/Corpora/speech/6000_ASR/NGHE_TINH/pRfYZw_ZSmA.wav,937.97,808.2
/project/Corpora/speech/6000_ASR/NGHE_TINH/pW1vrKEbtxY.wav,123.484,108.0
/project/Corpora/speech/6000_ASR/NGHE_TINH/pXTPy44CXA4.wav,2645.705,2511.7
/project/Corpora/speech/6000_ASR/NGHE_TINH/pY5hcIWOqHQ.wav,4733.156,3966.86
/project/Corpora/speech/6000_ASR/NGHE_TINH/pkgy4Ki-Bvk.wav,761.289,633.38
/project/Corpora/speech/6000_ASR/NGHE_TINH/q5lGoY8VE3k.wav,660.428,581.38
/project/Corpora/speech/6000_ASR/NGHE_TINH/q73GD0jX1Ew.wav,235.566,226.68
/project/Corpora/speech/6000_ASR/NGHE_TINH/q8Fvvb-SQas.wav,779.889,637.72
/project/Corpora/speech/6000_ASR/NGHE_TINH/qGhT5i8rvBM.wav,950.253,894.98
/project/Corpora/speech/6000_ASR/NGHE_TINH/qORg857rOos.wav,1687.273,1460.36
/project/Corpora/speech/6000_ASR/NGHE_TINH/qRDqT19LSlE.wav,556.907,528.58
/project/Corpora/speech/6000_ASR/NGHE_TINH/qSGx3a4DZOw.wav,979.789,692.98
/project/Corpora/speech/6000_ASR/NGHE_TINH/qh78i88JEiU.wav,873.279,730.58
/project/Corpora/speech/6000_ASR/NGHE_TINH/qiqgxSqga14.wav,697.371,615.78
/project/Corpora/speech/6000_ASR/NGHE_TINH/qqVMlmf81VY.wav,836.778,771.42
/project/Corpora/speech/6000_ASR/NGHE_TINH/queEQQaRpJ4.wav,536.822,456.3
/project/Corpora/speech/6000_ASR/NGHE_TINH/qvlAI8MY-Hg.wav,717.933,607.94
/project/Corpora/speech/6000_ASR/NGHE_TINH/qxB_ZWFsTk4.wav,827.095,789.5
/project/Corpora/speech/6000_ASR/NGHE_TINH/rCJlJEULA_4.wav,1467.664,1326.88
/project/Corpora/speech/6000_ASR/NGHE_TINH/rHpE14NeoWU.wav,648.069,536.12
/project/Corpora/speech/6000_ASR/NGHE_TINH/rHq8x1O2Ic8.wav,588.742,522.26
/project/Corpora/speech/6000_ASR/NGHE_TINH/rKNnJ-a7juY.wav,2696.417,2266.92
/project/Corpora/speech/6000_ASR/NGHE_TINH/rcl9rzHP0sw.wav,574.137,548.92
/project/Corpora/speech/6000_ASR/NGHE_TINH/rgc04k5WED8.wav,2738.417,2432.54
/project/Corpora/speech/6000_ASR/NGHE_TINH/ruPCBL3ThZk.wav,1768.014,1700.94
/project/Corpora/speech/6000_ASR/NGHE_TINH/rupxOX6T1YY.wav,899.936,670.0
/project/Corpora/speech/6000_ASR/NGHE_TINH/s97yxSrbR5s.wav,646.304,594.88
/project/Corpora/speech/6000_ASR/NGHE_TINH/sH8G7ehcVdw.wav,465.915,456.56
/project/Corpora/speech/6000_ASR/NGHE_TINH/sID2noxGprY.wav,1599.014,1536.18
/project/Corpora/speech/6000_ASR/NGHE_TINH/t34lh3aGaT4.wav,696.041,546.78
/project/Corpora/speech/6000_ASR/NGHE_TINH/tAhj8DrYNNI.wav,518.949,460.86
/project/Corpora/speech/6000_ASR/NGHE_TINH/tCezDfAy1Fo.wav,595.889,572.74
/project/Corpora/speech/6000_ASR/NGHE_TINH/tHL9JT47qWQ.wav,891.321,611.9
/project/Corpora/speech/6000_ASR/NGHE_TINH/tI9XdACpbfU.wav,881.337,709.54
/project/Corpora/speech/6000_ASR/NGHE_TINH/te7jCEkInOQ.wav,291.928,231.84
/project/Corpora/speech/6000_ASR/NGHE_TINH/tzEx01cME44.wav,625.731,476.2
/project/Corpora/speech/6000_ASR/NGHE_TINH/u9M7q4vP9co.wav,621.923,552.96
/project/Corpora/speech/6000_ASR/NGHE_TINH/uYDmu2uCbek.wav,898.914,644.78
/project/Corpora/speech/6000_ASR/NGHE_TINH/uaT5Y9nReCw.wav,977.374,808.84
/project/Corpora/speech/6000_ASR/NGHE_TINH/uhaJeNB442I.wav,565.404,469.18
/project/Corpora/speech/6000_ASR/NGHE_TINH/v2XeX1tS6NU.wav,1700.799,1657.0
/project/Corpora/speech/6000_ASR/NGHE_TINH/vAgLeuhuH7w.wav,1864.731,1716.12
/project/Corpora/speech/6000_ASR/NGHE_TINH/vGu071z1Zac.wav,554.696,534.92
/project/Corpora/speech/6000_ASR/NGHE_TINH/vMkPFo9ru7c.wav,905.927,762.9
/project/Corpora/speech/6000_ASR/NGHE_TINH/vSLW02EHXPQ.wav,648.185,542.46
/project/Corpora/speech/6000_ASR/NGHE_TINH/vVHAJ5z6PAc.wav,532.178,515.56
/project/Corpora/speech/6000_ASR/NGHE_TINH/veF2TCNEHks.wav,880.849,686.6
/project/Corpora/speech/6000_ASR/NGHE_TINH/vhGkLZT8veM.wav,565.476,538.38
/project/Corpora/speech/6000_ASR/NGHE_TINH/vhMtAqrrrnI.wav,949.58,943.62
/project/Corpora/speech/6000_ASR/NGHE_TINH/vlXj3D-AXZE.wav,982.599,866.4
/project/Corpora/speech/6000_ASR/NGHE_TINH/vrNo2h7q41M.wav,586.977,541.36
/project/Corpora/speech/6000_ASR/NGHE_TINH/wB9YcrMkLZE.wav,1808.121,1630.68
/project/Corpora/speech/6000_ASR/NGHE_TINH/wNc0XSsbhb8.wav,2597.941,2281.88
/project/Corpora/speech/6000_ASR/NGHE_TINH/wOOO-XTjgNs.wav,737.698,621.46
/project/Corpora/speech/6000_ASR/NGHE_TINH/wa4M6SDr3qI.wav,2656.781,2569.6
/project/Corpora/speech/6000_ASR/NGHE_TINH/wksZtSjywTs.wav,557.093,314.48
/project/Corpora/speech/6000_ASR/NGHE_TINH/xHlR9aW1XY0.wav,616.768,564.58
/project/Corpora/speech/6000_ASR/NGHE_TINH/xJQvxszcWAg.wav,729.694,658.58
/project/Corpora/speech/6000_ASR/NGHE_TINH/xM5fDWGOemM.wav,641.609,583.0
/project/Corpora/speech/6000_ASR/NGHE_TINH/xa2Q7haTx2E.wav,503.269,471.66
/project/Corpora/speech/6000_ASR/NGHE_TINH/y8A-k1GbGo8.wav,632.697,599.08
/project/Corpora/speech/6000_ASR/NGHE_TINH/yKpng8cyRrY.wav,511.187,445.52
/project/Corpora/speech/6000_ASR/NGHE_TINH/yLkSYHOJWLM.wav,719.54,530.52
/project/Corpora/speech/6000_ASR/NGHE_TINH/ybHtiw_3DVk.wav,1866.694,1697.58
/project/Corpora/speech/6000_ASR/NGHE_TINH/yicvjWfvA1E.wav,1762.564,1609.02
/project/Corpora/speech/6000_ASR/NGHE_TINH/yjI6s4gpbWc.wav,962.421,779.58
/project/Corpora/speech/6000_ASR/NGHE_TINH/ytKR5Qr5Qv8.wav,2746.758,2216.12
/project/Corpora/speech/6000_ASR/NGHE_TINH/zF2XrMq9Fyg.wav,951.856,710.32
/project/Corpora/speech/6000_ASR/NGHE_TINH/zYrsoxOVN4U.wav,832.964,610.64
/project/Corpora/speech/6000_ASR/NGHE_TINH/zdFpbKI16S0.wav,574.113,516.48
/project/Corpora/speech/6000_ASR/NGHE_TINH/zhD2egFBq_U.wav,1918.317,1200.08
/project/Corpora/speech/6000_ASR/NGHE_TINH/zno3H6Jfavc.wav,1794.003,1683.74
