--ogcaapvX8,https://www.youtube.com/watch?v=--ogcaapvX8,2891.564,2129.98
-11p-n5U-RU,https://www.youtube.com/watch?v=-11p-n5U-RU,660.097,13.28
-3z1Y-epL_g,https://www.youtube.com/watch?v=-3z1Y-epL_g,361.558,19.72
-BImmSt07xc,https://www.youtube.com/watch?v=-BImmSt07xc,3320.152,2173.5
-DVgSR4j9Dk,https://www.youtube.com/watch?v=-DVgSR4j9Dk,301.581,24.66
-QaNkwjgEKU,https://www.youtube.com/watch?v=-QaNkwjgEKU,263.495,110.32
-SNFpZy36kA,https://www.youtube.com/watch?v=-SNFpZy36kA,480.282,122.52
-jW1HzGANRY,https://www.youtube.com/watch?v=-jW1HzGANRY,280.596,255.16
01-22y6DKPE,https://www.youtube.com/watch?v=01-22y6DKPE,5310.264,3589.76
02CFXruLlsg,https://www.youtube.com/watch?v=02CFXruLlsg,258.747,124.54
09VbWLQNums,https://www.youtube.com/watch?v=09VbWLQNums,838.635,416.94
0LhWEpn8TpA,https://www.youtube.com/watch?v=0LhWEpn8TpA,926.592,747.74
0R9L51O8lAU,https://www.youtube.com/watch?v=0R9L51O8lAU,684.756,563.08
0RcFP6h2rqE,https://www.youtube.com/watch?v=0RcFP6h2rqE,816.367,41.88
0ScBUaXUSF4,https://www.youtube.com/watch?v=0ScBUaXUSF4,298.139,0
0UuiToLF4lU,https://www.youtube.com/watch?v=0UuiToLF4lU,444.639,369.28
0aaHUU78DTY,https://www.youtube.com/watch?v=0aaHUU78DTY,339.645,10.66
0jatDpVIzbk,https://www.youtube.com/watch?v=0jatDpVIzbk,1030.525,549.3
0jdiqwfOTvA,https://www.youtube.com/watch?v=0jdiqwfOTvA,648.075,0
0kSnOQ004NM,https://www.youtube.com/watch?v=0kSnOQ004NM,316.767,33.6
0ssiB119FEs,https://www.youtube.com/watch?v=0ssiB119FEs,1442.424,0
0w4sek0Rbi4,https://www.youtube.com/watch?v=0w4sek0Rbi4,990.981,71.1
0wp6ywkMgu8,https://www.youtube.com/watch?v=0wp6ywkMgu8,791.18,0
1167oFAeTIU,https://www.youtube.com/watch?v=1167oFAeTIU,476.334,264.6
15uEcZIJBFY,https://www.youtube.com/watch?v=15uEcZIJBFY,984.967,497.16
16_wDhQNF0Y,https://www.youtube.com/watch?v=16_wDhQNF0Y,1879.423,275.46
17nnUPU10UE,https://www.youtube.com/watch?v=17nnUPU10UE,897.382,278.92
1LBA-hI3bBs,https://www.youtube.com/watch?v=1LBA-hI3bBs,130.961,94.2
1S9psrr3T-A,https://www.youtube.com/watch?v=1S9psrr3T-A,653.045,59.78
1Tta_FcQfkc,https://www.youtube.com/watch?v=1Tta_FcQfkc,655.824,84.42
1c3bAGAxhZE,https://www.youtube.com/watch?v=1c3bAGAxhZE,622.295,258.68
1mbYObTX5Uk,https://www.youtube.com/watch?v=1mbYObTX5Uk,426.295,183.12
1sB8Xm0gwdU,https://www.youtube.com/watch?v=1sB8Xm0gwdU,296.258,0
225Vj9h12iQ,https://www.youtube.com/watch?v=225Vj9h12iQ,563.2,243.58
2Gnmq30-xBI,https://www.youtube.com/watch?v=2Gnmq30-xBI,2012.891,621.18
2N4xEQigU2E,https://www.youtube.com/watch?v=2N4xEQigU2E,693.812,169.3
2YH_lqq1HaE,https://www.youtube.com/watch?v=2YH_lqq1HaE,648.301,325.26
2_hpr7YfI7E,https://www.youtube.com/watch?v=2_hpr7YfI7E,736.044,0
2gal4lQI0N8,https://www.youtube.com/watch?v=2gal4lQI0N8,235.195,5.8
2s81IUbdnTs,https://www.youtube.com/watch?v=2s81IUbdnTs,554.511,0
2vwk_R80C5E,https://www.youtube.com/watch?v=2vwk_R80C5E,310.457,221.48
2wxJ-iMlOc0,https://www.youtube.com/watch?v=2wxJ-iMlOc0,291.898,208.2
3357erBh70Q,https://www.youtube.com/watch?v=3357erBh70Q,142.438,0
36xaUAxw5KU,https://www.youtube.com/watch?v=36xaUAxw5KU,1274.892,1014.92
38mrv6Q3-9w,https://www.youtube.com/watch?v=38mrv6Q3-9w,5280.055,5213.26
39T7dvfjb2I,https://www.youtube.com/watch?v=39T7dvfjb2I,600.259,328.18
3CqhthcwnMY,https://www.youtube.com/watch?v=3CqhthcwnMY,608.711,204.38
3Cw1E0xhFds,https://www.youtube.com/watch?v=3Cw1E0xhFds,4913.575,3101.88
3GEpI4KkQVk,https://www.youtube.com/watch?v=3GEpI4KkQVk,761.081,614.28
3Hn31KnRvRY,https://www.youtube.com/watch?v=3Hn31KnRvRY,857.908,755.78
3IxYgLukZgo,https://www.youtube.com/watch?v=3IxYgLukZgo,733.188,546.1
3JWTaaS7LdU,https://www.youtube.com/watch?v=3JWTaaS7LdU,273.99,5.84
3YoCRKyFXac,https://www.youtube.com/watch?v=3YoCRKyFXac,1213.103,669.82
3jSGMGcz11I,https://www.youtube.com/watch?v=3jSGMGcz11I,190.445,0
3jey9nL1cs0,https://www.youtube.com/watch?v=3jey9nL1cs0,439.6,212.98
3ntEfgNxoRI,https://www.youtube.com/watch?v=3ntEfgNxoRI,140.754,67.0
3y00dQlbC7g,https://www.youtube.com/watch?v=3y00dQlbC7g,351.411,226.72
4-BPwlDxYdM,https://www.youtube.com/watch?v=4-BPwlDxYdM,698.828,131.6
4181gBREPb4,https://www.youtube.com/watch?v=4181gBREPb4,3078.09,1847.14
42iETKVsumM,https://www.youtube.com/watch?v=42iETKVsumM,1088.384,481.92
43qnqU2AzxE,https://www.youtube.com/watch?v=43qnqU2AzxE,419.585,249.32
46VKKpGn2Pc,https://www.youtube.com/watch?v=46VKKpGn2Pc,604.485,480.16
47UUEO-mnoE,https://www.youtube.com/watch?v=47UUEO-mnoE,432.054,137.42
4B-PDejNKJE,https://www.youtube.com/watch?v=4B-PDejNKJE,315.095,46.32
4BjksrG-K0U,https://www.youtube.com/watch?v=4BjksrG-K0U,1134.55,591.16
4WJxaGxNJCw,https://www.youtube.com/watch?v=4WJxaGxNJCw,848.875,556.54
4XFxmkKNk1Q,https://www.youtube.com/watch?v=4XFxmkKNk1Q,628.188,0
4dhKBd_qoHg,https://www.youtube.com/watch?v=4dhKBd_qoHg,865.036,197.14
4ls4IphwQZE,https://www.youtube.com/watch?v=4ls4IphwQZE,427.01,1.72
4uXiCg3dKYQ,https://www.youtube.com/watch?v=4uXiCg3dKYQ,760.5,201.44
4zsH6gFT8IU,https://www.youtube.com/watch?v=4zsH6gFT8IU,3411.801,2162.46
530WHojogUg,https://www.youtube.com/watch?v=530WHojogUg,642.514,0
56rUec-6Hiw,https://www.youtube.com/watch?v=56rUec-6Hiw,667.894,460.96
589Ynd9ocUA,https://www.youtube.com/watch?v=589Ynd9ocUA,1426.68,297.14
5BSivN21wCI,https://www.youtube.com/watch?v=5BSivN21wCI,990.447,30.0
5BnD-7hbadY,https://www.youtube.com/watch?v=5BnD-7hbadY,1014.433,475.32
5Ks1zvmKMk4,https://www.youtube.com/watch?v=5Ks1zvmKMk4,353.059,96.6
5N7NRhPaJ-w,https://www.youtube.com/watch?v=5N7NRhPaJ-w,635.995,138.36
5OjQ6E08Fl0,https://www.youtube.com/watch?v=5OjQ6E08Fl0,260.674,68.84
5SyIaC52AdA,https://www.youtube.com/watch?v=5SyIaC52AdA,318.717,85.1
5VGgquCCti0,https://www.youtube.com/watch?v=5VGgquCCti0,318.299,290.14
5VOipLQJDlk,https://www.youtube.com/watch?v=5VOipLQJDlk,868.426,643.42
5W6Ab-gJ2jc,https://www.youtube.com/watch?v=5W6Ab-gJ2jc,549.849,257.38
5X398P27QeA,https://www.youtube.com/watch?v=5X398P27QeA,543.597,69.0
5cNeDju5RA4,https://www.youtube.com/watch?v=5cNeDju5RA4,369.413,27.08
5wpNuCPTfIE,https://www.youtube.com/watch?v=5wpNuCPTfIE,785.903,557.66
60PQ9cvG37c,https://www.youtube.com/watch?v=60PQ9cvG37c,2981.066,2103.28
61VEMF9jU2c,https://www.youtube.com/watch?v=61VEMF9jU2c,318.74,159.68
6CxqMWH1zlk,https://www.youtube.com/watch?v=6CxqMWH1zlk,1026.972,310.68
6EfDNhqb2LE,https://www.youtube.com/watch?v=6EfDNhqb2LE,1058.133,482.68
6G_peETtYbU,https://www.youtube.com/watch?v=6G_peETtYbU,1499.614,424.48
6HBWOeqoEDs,https://www.youtube.com/watch?v=6HBWOeqoEDs,911.035,170.2
6KENX7X8FtI,https://www.youtube.com/watch?v=6KENX7X8FtI,510.235,259.96
6M99hEq52C4,https://www.youtube.com/watch?v=6M99hEq52C4,471.546,443.16
6MJ83mOQLu4,https://www.youtube.com/watch?v=6MJ83mOQLu4,666.134,140.22
6Pj0hjBqUbY,https://www.youtube.com/watch?v=6Pj0hjBqUbY,861.739,674.9
6X7MZPdFaf8,https://www.youtube.com/watch?v=6X7MZPdFaf8,305.203,144.72
6b39jwsVZHc,https://www.youtube.com/watch?v=6b39jwsVZHc,1351.03,925.3
6dRxSq1ZZfY,https://www.youtube.com/watch?v=6dRxSq1ZZfY,1127.329,319.4
6kIxoQrcwco,https://www.youtube.com/watch?v=6kIxoQrcwco,1569.46,1419.84
7006652507514522907,https://www.tiktok.com/@lockhin/video/7006652507514522907?lang=vi-VN&is_copy_url=1&is_from_webapp=v1,50.991,48.38
71xLInkqmSE,https://www.youtube.com/watch?v=71xLInkqmSE,763.101,160.24
73iG5wkxRpo,https://www.youtube.com/watch?v=73iG5wkxRpo,701.226,503.42
795_I96Gcxk,https://www.youtube.com/watch?v=795_I96Gcxk,377.435,0
7BY_25LUCpI,https://www.youtube.com/watch?v=7BY_25LUCpI,280.66,0
7Fe3rHdwsHY,https://www.youtube.com/watch?v=7Fe3rHdwsHY,540.05,7.66
7FekcR3NAaI,https://www.youtube.com/watch?v=7FekcR3NAaI,652.94,215.84
7GEI_zx0pMs,https://www.youtube.com/watch?v=7GEI_zx0pMs,310.376,0
7HbZuJGis7Y,https://www.youtube.com/watch?v=7HbZuJGis7Y,552.084,397.64
7HrslfXUdek,https://www.youtube.com/watch?v=7HrslfXUdek,712.644,371.04
7Q736js27pY,https://www.youtube.com/watch?v=7Q736js27pY,715.082,60.42
7dLYehU5yOc,https://www.youtube.com/watch?v=7dLYehU5yOc,1096.07,869.98
7exXWnDB1sA,https://www.youtube.com/watch?v=7exXWnDB1sA,372.82,216.76
7fmIBraGnug,https://www.youtube.com/watch?v=7fmIBraGnug,747.334,151.02
7nngvYQavIs,https://www.youtube.com/watch?v=7nngvYQavIs,1131.515,303.3
7rvWSkXwH1w,https://www.youtube.com/watch?v=7rvWSkXwH1w,561.575,106.36
8F8Bh8IsK4o,https://www.youtube.com/watch?v=8F8Bh8IsK4o,562.248,425.58
8MS2CWxqnKc,https://www.youtube.com/watch?v=8MS2CWxqnKc,642.851,0
8ORzCBuaN1Y,https://www.youtube.com/watch?v=8ORzCBuaN1Y,606.134,260.04
8UtpYWb7F5I,https://www.youtube.com/watch?v=8UtpYWb7F5I,160.195,121.7
8WDX1j2EU2E,https://www.youtube.com/watch?v=8WDX1j2EU2E,1141.795,680.62
8Zm3MYtXHMI,https://www.youtube.com/watch?v=8Zm3MYtXHMI,661.467,86.58
8mGY1yQqe2g,https://www.youtube.com/watch?v=8mGY1yQqe2g,1002.823,715.28
8ml87q2wwAo,https://www.youtube.com/watch?v=8ml87q2wwAo,301.418,213.7
96MreCSbyZ8,https://www.youtube.com/watch?v=96MreCSbyZ8,328.562,219.02
96qWrCHxgEc,https://www.youtube.com/watch?v=96qWrCHxgEc,490.847,307.1
97FABDh5oGc,https://www.youtube.com/watch?v=97FABDh5oGc,1261.791,1171.14
99RIzji-N1s,https://www.youtube.com/watch?v=99RIzji-N1s,456.04,229.6
9DUwsMhHcAU,https://www.youtube.com/watch?v=9DUwsMhHcAU,4715.369,2954.52
9Dbz3fYAFIM,https://www.youtube.com/watch?v=9Dbz3fYAFIM,542.68,5.94
9HBJ_qQTRVw,https://www.youtube.com/watch?v=9HBJ_qQTRVw,401.352,369.46
9Ku8Kz4EG4w,https://www.youtube.com/watch?v=9Ku8Kz4EG4w,624.849,32.34
9O6wKkD7pqM,https://www.youtube.com/watch?v=9O6wKkD7pqM,1257.175,449.96
9UpihUpzyA4,https://www.youtube.com/watch?v=9UpihUpzyA4,1022.375,69.58
9Z2G-GRP1Ng,https://www.youtube.com/watch?v=9Z2G-GRP1Ng,316.767,89.48
9hjqyniNf18,https://www.youtube.com/watch?v=9hjqyniNf18,883.751,717.42
9l7f6B7WfxY,https://www.youtube.com/watch?v=9l7f6B7WfxY,453.574,177.38
9olAl-1YaAg,https://www.youtube.com/watch?v=9olAl-1YaAg,946.097,418.08
9q7LlwqZGdM,https://www.youtube.com/watch?v=9q7LlwqZGdM,783.093,510.16
A0BQ-FHjX2c,https://www.youtube.com/watch?v=A0BQ-FHjX2c,1046.274,53.34
A7i4ydYlmWE,https://www.youtube.com/watch?v=A7i4ydYlmWE,787.709,255.24
AAti7zkpKYw,https://www.youtube.com/watch?v=AAti7zkpKYw,464.562,219.56
ARqDUM4Qkyo,https://www.youtube.com/watch?v=ARqDUM4Qkyo,604.253,292.42
ASaija7qyco,https://www.youtube.com/watch?v=ASaija7qyco,309.54,73.26
AgupRK4gC0g,https://www.youtube.com/watch?v=AgupRK4gC0g,1313.065,1043.62
AjRvOInsCtw,https://www.youtube.com/watch?v=AjRvOInsCtw,1606.914,731.48
An3mbM5pEMk,https://www.youtube.com/watch?v=An3mbM5pEMk,792.875,327.02
B1A7rATTHQ0,https://www.youtube.com/watch?v=B1A7rATTHQ0,897.985,551.06
B5fDfmHiec8,https://www.youtube.com/watch?v=B5fDfmHiec8,1106.245,736.46
BA9AxvAmJ4g,https://www.youtube.com/watch?v=BA9AxvAmJ4g,507.89,146.7
BE1AoHMQMAM,https://www.youtube.com/watch?v=BE1AoHMQMAM,1220.447,1002.66
BGkzfJD2ZUI,https://www.youtube.com/watch?v=BGkzfJD2ZUI,1674.321,547.44
BRDUzHddUBQ,https://www.youtube.com/watch?v=BRDUzHddUBQ,746.331,612.92
BRcb6KJpY7c,https://www.youtube.com/watch?v=BRcb6KJpY7c,854.216,306.48
BYElK75x2DY,https://www.youtube.com/watch?v=BYElK75x2DY,320.245,4.18
B_o_KEO7hBQ,https://www.youtube.com/watch?v=B_o_KEO7hBQ,1659.177,1607.72
Bd57xw8R3F8,https://www.youtube.com/watch?v=Bd57xw8R3F8,1548.492,1176.9
Bk2Df2_DoH8,https://www.youtube.com/watch?v=Bk2Df2_DoH8,332.37,0.92
BnDXK58C3GQ,https://www.youtube.com/watch?v=BnDXK58C3GQ,575.367,248.8
ByRyCP3jjO8,https://www.youtube.com/watch?v=ByRyCP3jjO8,513.486,368.4
C4BCiCzSpe8,https://www.youtube.com/watch?v=C4BCiCzSpe8,789.548,451.7
C4_F8GWzQe0,https://www.youtube.com/watch?v=C4_F8GWzQe0,514.763,172.12
C6Hs6nlrKFs,https://www.youtube.com/watch?v=C6Hs6nlrKFs,1816.288,1159.66
CDFBHclvaos,https://www.youtube.com/watch?v=CDFBHclvaos,362.417,296.56
CVadh9EP7cU,https://www.youtube.com/watch?v=CVadh9EP7cU,295.272,28.72
CXQYWvfBpr4,https://www.youtube.com/watch?v=CXQYWvfBpr4,901.074,539.82
Cb7ylCYMJbo,https://www.youtube.com/watch?v=Cb7ylCYMJbo,1350.055,180.7
Cg9gYqI17l8,https://www.youtube.com/watch?v=Cg9gYqI17l8,716.15,298.88
ChIGlK_oEzk,https://www.youtube.com/watch?v=ChIGlK_oEzk,505.15,154.4
Chxx1iNbxS8,https://www.youtube.com/watch?v=Chxx1iNbxS8,631.049,169.12
Ci1a6c2LpIg,https://www.youtube.com/watch?v=Ci1a6c2LpIg,371.403,265.8
CjA64cQVo5A,https://www.youtube.com/watch?v=CjA64cQVo5A,1772.402,1633.58
CnRVXReKj1k,https://www.youtube.com/watch?v=CnRVXReKj1k,875.114,705.9
Cq0Vytyg_bQ,https://www.youtube.com/watch?v=Cq0Vytyg_bQ,587.72,145.48
CwtVUYKbzp4,https://www.youtube.com/watch?v=CwtVUYKbzp4,718.211,324.58
CzoROVnF84I,https://www.youtube.com/watch?v=CzoROVnF84I,603.278,80.66
D-0bhaWxsRQ,https://www.youtube.com/watch?v=D-0bhaWxsRQ,380.779,132.02
D-AGfKLwYHY,https://www.youtube.com/watch?v=D-AGfKLwYHY,1197.407,483.26
D7tmj45fNNw,https://www.youtube.com/watch?v=D7tmj45fNNw,806.777,473.94
D8kgNZt1qr8,https://www.youtube.com/watch?v=D8kgNZt1qr8,601.466,51.84
DChlt3m2ztE,https://www.youtube.com/watch?v=DChlt3m2ztE,651.761,389.96
DHv8IdU9ka8,https://www.youtube.com/watch?v=DHv8IdU9ka8,441.899,156.76
DIseMjfICJM,https://www.youtube.com/watch?v=DIseMjfICJM,1076.408,638.88
DUnVRfUBNoQ,https://www.youtube.com/watch?v=DUnVRfUBNoQ,1243.568,10.16
DYAnGKPM-ds,https://www.youtube.com/watch?v=DYAnGKPM-ds,602.72,156.84
Dw2eKJE1aOo,https://www.youtube.com/watch?v=Dw2eKJE1aOo,703.727,375.14
E5A3IqqNDds,https://www.youtube.com/watch?v=E5A3IqqNDds,3516.151,2412.5
E6ZWTzQYfRA,https://www.youtube.com/watch?v=E6ZWTzQYfRA,984.01,57.04
E9b1e5tDDDI,https://www.youtube.com/watch?v=E9b1e5tDDDI,557.465,272.98
E9yOYNCxtjk,https://www.youtube.com/watch?v=E9yOYNCxtjk,764.285,239.12
EAPp6GWNqYM,https://www.youtube.com/watch?v=EAPp6GWNqYM,884.495,655.36
EGVRHrWZFy4,https://www.youtube.com/watch?v=EGVRHrWZFy4,844.394,618.44
EW4szQjdSQs,https://www.youtube.com/watch?v=EW4szQjdSQs,692.187,15.96
EYEodNZl9xM,https://www.youtube.com/watch?v=EYEodNZl9xM,320.964,256.98
EYucmYIkBGE,https://www.youtube.com/watch?v=EYucmYIkBGE,3225.746,2137.92
EfwgKC0-eKY,https://www.youtube.com/watch?v=EfwgKC0-eKY,733.936,480.38
Ejko_BFz0_4,https://www.youtube.com/watch?v=Ejko_BFz0_4,411.388,208.8
Ep8Hbdb-iuM,https://www.youtube.com/watch?v=Ep8Hbdb-iuM,470.176,84.6
F2eXokfQMBE,https://www.youtube.com/watch?v=F2eXokfQMBE,768.789,282.68
F3Dzh0whgI0,https://www.youtube.com/watch?v=F3Dzh0whgI0,675.933,603.66
FGdzTrqplFY,https://www.youtube.com/watch?v=FGdzTrqplFY,270.252,173.78
FJZMOIekAAY,https://www.youtube.com/watch?v=FJZMOIekAAY,879.363,577.8
FKF4wfI3hoM,https://www.youtube.com/watch?v=FKF4wfI3hoM,895.008,130.28
FKdaWHaQNhc,https://www.youtube.com/watch?v=FKdaWHaQNhc,308.965,91.62
FMH1B7jA60k,https://www.youtube.com/watch?v=FMH1B7jA60k,973.59,482.38
FNMu5lVo1nc,https://www.youtube.com/watch?v=FNMu5lVo1nc,485.907,0
FOooVSqLc6I,https://www.youtube.com/watch?v=FOooVSqLc6I,301.929,273.5
FcnXJJwtUoQ,https://www.youtube.com/watch?v=FcnXJJwtUoQ,1367.168,873.18
Flb7KcSVNRM,https://www.youtube.com/watch?v=Flb7KcSVNRM,326.635,15.4
G2KLQapHjZA,https://www.youtube.com/watch?v=G2KLQapHjZA,3306.366,2312.7
GJhG27fLpwM,https://www.youtube.com/watch?v=GJhG27fLpwM,1495.644,947.48
GKDHcQumRok,https://www.youtube.com/watch?v=GKDHcQumRok,627.514,327.14
GM_ro1Ds3gM,https://www.youtube.com/watch?v=GM_ro1Ds3gM,895.408,142.34
Gbuaa38MYdo,https://www.youtube.com/watch?v=Gbuaa38MYdo,605.019,497.36
Gc6rpyIeVLI,https://www.youtube.com/watch?v=Gc6rpyIeVLI,960.656,484.1
GegtAcZGXPY,https://www.youtube.com/watch?v=GegtAcZGXPY,1748.678,1515.0
Ghr15SuSJOY,https://www.youtube.com/watch?v=Ghr15SuSJOY,896.088,94.9
Glwt8uXQnD0,https://www.youtube.com/watch?v=Glwt8uXQnD0,328.26,164.38
GnC-dv9ZlCE,https://www.youtube.com/watch?v=GnC-dv9ZlCE,2043.937,974.6
Gs5bRSBSbAc,https://www.youtube.com/watch?v=Gs5bRSBSbAc,582.375,5.98
GtPXGZ1hlMk,https://www.youtube.com/watch?v=GtPXGZ1hlMk,1977.853,1161.36
GxMGrLJrO4U,https://www.youtube.com/watch?v=GxMGrLJrO4U,639.06,302.7
GxeblHAQRTU,https://www.youtube.com/watch?v=GxeblHAQRTU,160.932,0
Gzw4zeacO-8,https://www.youtube.com/watch?v=Gzw4zeacO-8,911.494,472.92
H0Z_uV-G9Ls,https://www.youtube.com/watch?v=H0Z_uV-G9Ls,2949.359,2119.54
H1L08XbC3n0,https://www.youtube.com/watch?v=H1L08XbC3n0,929.495,601.5
H1uT_6r2-88,https://www.youtube.com/watch?v=H1uT_6r2-88,1091.663,575.74
H9JRxo0f88c,https://www.youtube.com/watch?v=H9JRxo0f88c,654.287,196.62
H9jDBfsdNEs,https://www.youtube.com/watch?v=H9jDBfsdNEs,1215.774,1150.96
HNxtbJqbeYA,https://www.youtube.com/watch?v=HNxtbJqbeYA,664.596,464.78
HbY_KTCCDRs,https://www.youtube.com/watch?v=HbY_KTCCDRs,897.916,280.68
Hgf1urOAnKk,https://www.youtube.com/watch?v=Hgf1urOAnKk,407.185,353.04
I1fbPtlmpys,https://www.youtube.com/watch?v=I1fbPtlmpys,763.658,434.72
I3g5c1_sP0Y,https://www.youtube.com/watch?v=I3g5c1_sP0Y,1167.267,720.2
IIPSSQWr2j4,https://www.youtube.com/watch?v=IIPSSQWr2j4,752.53,65.62
IJYz_Db-Now,https://www.youtube.com/watch?v=IJYz_Db-Now,680.554,432.92
IRehZIAF-JU,https://www.youtube.com/watch?v=IRehZIAF-JU,1882.999,1050.32
IVK5jCx5Mkc,https://www.youtube.com/watch?v=IVK5jCx5Mkc,372.548,0
IVuOONmi5u8,https://www.youtube.com/watch?v=IVuOONmi5u8,704.256,461.7
IWRoPPKCZjk,https://www.youtube.com/watch?v=IWRoPPKCZjk,4905.448,3487.02
IXJb7yAfPdA,https://www.youtube.com/watch?v=IXJb7yAfPdA,650.246,9.66
Iha2DuUWsQU,https://www.youtube.com/watch?v=Iha2DuUWsQU,729.501,394.8
IjaozgoPFfI,https://www.youtube.com/watch?v=IjaozgoPFfI,528.3,400.46
IunVE_NHaxc,https://www.youtube.com/watch?v=IunVE_NHaxc,772.389,292.34
IzN8KAsUqcA,https://www.youtube.com/watch?v=IzN8KAsUqcA,373.743,156.3
J6wl4T6woJk,https://www.youtube.com/watch?v=J6wl4T6woJk,287.98,0
JMB71y6Md9Q,https://www.youtube.com/watch?v=JMB71y6Md9Q,481.774,2.7
JOBNGaI34q4,https://www.youtube.com/watch?v=JOBNGaI34q4,752.582,206.98
JRYMrWHWWeE,https://www.youtube.com/watch?v=JRYMrWHWWeE,403.743,254.84
JYS15NHI7Yo,https://www.youtube.com/watch?v=JYS15NHI7Yo,687.642,6.14
JZ7FSO5_0so,https://www.youtube.com/watch?v=JZ7FSO5_0so,367.781,79.92
JcVUigezKNo,https://www.youtube.com/watch?v=JcVUigezKNo,363.16,77.96
JcpI8XfjJOg,https://www.youtube.com/watch?v=JcpI8XfjJOg,1101.108,1018.76
Ji2hllwrds4,https://www.youtube.com/watch?v=Ji2hllwrds4,656.911,442.38
Jodn2DaDuh4,https://www.youtube.com/watch?v=Jodn2DaDuh4,451.976,78.12
K1GiuL9-fGM,https://www.youtube.com/watch?v=K1GiuL9-fGM,448.354,50.58
K5SR0iRJ-tU,https://www.youtube.com/watch?v=K5SR0iRJ-tU,636.621,554.52
K62LKkkpoiE,https://www.youtube.com/watch?v=K62LKkkpoiE,464.15,212.82
K7b9CVqMTIk,https://www.youtube.com/watch?v=K7b9CVqMTIk,2121.932,517.78
K9S_ylkba2c,https://www.youtube.com/watch?v=K9S_ylkba2c,376.565,355.32
KDXkRq9jDpE,https://www.youtube.com/watch?v=KDXkRq9jDpE,1520.21,1123.2
KJ3MB7zLjfg,https://www.youtube.com/watch?v=KJ3MB7zLjfg,610.715,426.44
KJBHFKTIUvc,https://www.youtube.com/watch?v=KJBHFKTIUvc,207.842,74.8
KQdHwDt5XBg,https://www.youtube.com/watch?v=KQdHwDt5XBg,828.488,458.0
KTpsKdXKiyc,https://www.youtube.com/watch?v=KTpsKdXKiyc,1078.729,502.38
KVfT6s7iQME,https://www.youtube.com/watch?v=KVfT6s7iQME,1455.891,1077.26
KaYWYA5F_ao,https://www.youtube.com/watch?v=KaYWYA5F_ao,2154.928,1308.3
KcId1-d_TUo,https://www.youtube.com/watch?v=KcId1-d_TUo,418.07,248.16
KieEvLcj3mw,https://www.youtube.com/watch?v=KieEvLcj3mw,2660.055,1972.96
Koapgj3b1b4,https://www.youtube.com/watch?v=Koapgj3b1b4,486.319,285.9
Ku3nDisEaNI,https://www.youtube.com/watch?v=Ku3nDisEaNI,423.137,177.9
L0wjvmVjb5U,https://www.youtube.com/watch?v=L0wjvmVjb5U,760.337,480.92
L8Ab5BG-Z40,https://www.youtube.com/watch?v=L8Ab5BG-Z40,1091.217,318.24
LKTiBSYqtVo,https://www.youtube.com/watch?v=LKTiBSYqtVo,1395.38,1180.48
LMIHgdD5qhQ,https://www.youtube.com/watch?v=LMIHgdD5qhQ,606.436,74.26
LNZcW_xZfEQ,https://www.youtube.com/watch?v=LNZcW_xZfEQ,1460.913,1404.66
LQdiUg_L_zk,https://www.youtube.com/watch?v=LQdiUg_L_zk,684.153,422.96
LW6OwN3BqKg,https://www.youtube.com/watch?v=LW6OwN3BqKg,750.423,667.78
LaPyP5tQg1Y,https://www.youtube.com/watch?v=LaPyP5tQg1Y,504.646,125.66
LcH3DQr9OPY,https://www.youtube.com/watch?v=LcH3DQr9OPY,3094.135,2127.7
LdZaBPTeJCw,https://www.youtube.com/watch?v=LdZaBPTeJCw,431.248,16.92
LfOS_qdLtQE,https://www.youtube.com/watch?v=LfOS_qdLtQE,636.674,269.8
LfcpXZT0Syo,https://www.youtube.com/watch?v=LfcpXZT0Syo,549.895,189.64
M1oTks7kNkw,https://www.youtube.com/watch?v=M1oTks7kNkw,1026.043,46.36
M4xn22PDKNY,https://www.youtube.com/watch?v=M4xn22PDKNY,869.007,268.7
MLdLfP2fTvg,https://www.youtube.com/watch?v=MLdLfP2fTvg,1353.259,847.88
MTEGAe2Tc6Q,https://www.youtube.com/watch?v=MTEGAe2Tc6Q,1162.902,585.82
MVU9QHvzm-4,https://www.youtube.com/watch?v=MVU9QHvzm-4,1626.953,951.98
MXsNBM3Hw2E,https://www.youtube.com/watch?v=MXsNBM3Hw2E,3275.286,2108.7
MZjm5n_BzCA,https://www.youtube.com/watch?v=MZjm5n_BzCA,920.091,715.34
M_ybPfurCzY,https://www.youtube.com/watch?v=M_ybPfurCzY,1298.762,901.06
Mesd0dnxWbU,https://www.youtube.com/watch?v=Mesd0dnxWbU,3666.292,2691.26
MnSmG3fSXA8,https://www.youtube.com/watch?v=MnSmG3fSXA8,880.315,190.68
Mnx_-ZyZoHY,https://www.youtube.com/watch?v=Mnx_-ZyZoHY,397.079,42.38
MqolsFBLAOg,https://www.youtube.com/watch?v=MqolsFBLAOg,1034.101,550.0
MrrIrQ80e3w,https://www.youtube.com/watch?v=MrrIrQ80e3w,692.721,98.06
N52ko6YwJ44,https://www.youtube.com/watch?v=N52ko6YwJ44,710.763,266.92
N7A8V49IGC0,https://www.youtube.com/watch?v=N7A8V49IGC0,486.597,353.8
N7Lh-d5AJ9E,https://www.youtube.com/watch?v=N7Lh-d5AJ9E,3489.495,2523.46
N8TePRnv7rY,https://www.youtube.com/watch?v=N8TePRnv7rY,1316.339,507.44
NBXOIcCcVMg,https://www.youtube.com/watch?v=NBXOIcCcVMg,369.36,161.86
NBby_e5BwX0,https://www.youtube.com/watch?v=NBby_e5BwX0,513.045,44.96
NFguSD1kh74,https://www.youtube.com/watch?v=NFguSD1kh74,129.149,5.46
NIo59h62IKI,https://www.youtube.com/watch?v=NIo59h62IKI,3133.969,2179.48
NWowLEldG_g,https://www.youtube.com/watch?v=NWowLEldG_g,548.2,149.1
NfMuhEUOV1Q,https://www.youtube.com/watch?v=NfMuhEUOV1Q,285.536,226.14
NigHnC8oqvw,https://www.youtube.com/watch?v=NigHnC8oqvw,1484.609,1079.7
O3TlTxGd3RE,https://www.youtube.com/watch?v=O3TlTxGd3RE,613.083,0
OAQL11HlAkY,https://www.youtube.com/watch?v=OAQL11HlAkY,730.361,303.98
OHbEIsD3tws,https://www.youtube.com/watch?v=OHbEIsD3tws,1134.057,828.64
OJCow7f1-O8,https://www.youtube.com/watch?v=OJCow7f1-O8,908.69,346.88
OK6Mj2lEtu8,https://www.youtube.com/watch?v=OK6Mj2lEtu8,693.859,195.38
OKdID1At99k,https://www.youtube.com/watch?v=OKdID1At99k,645.283,56.02
OSB38rJdDss,https://www.youtube.com/watch?v=OSB38rJdDss,644.795,411.62
OaAHJFR41Y0,https://www.youtube.com/watch?v=OaAHJFR41Y0,609.733,115.92
Oj8ZAKDabvQ,https://www.youtube.com/watch?v=Oj8ZAKDabvQ,485.854,157.82
OkDjReQfoy0,https://www.youtube.com/watch?v=OkDjReQfoy0,4076.054,3059.74
Om92b2f5Xgg,https://www.youtube.com/watch?v=Om92b2f5Xgg,857.374,187.06
OvTjuGCefwQ,https://www.youtube.com/watch?v=OvTjuGCefwQ,612.491,608.62
OyUJv_XGyvs,https://www.youtube.com/watch?v=OyUJv_XGyvs,1506.278,720.78
P-aZiE_TdhY,https://www.youtube.com/watch?v=P-aZiE_TdhY,278.89,0
P56dZxKN3bI,https://www.youtube.com/watch?v=P56dZxKN3bI,304.211,0
P5lUmao-aKw,https://www.youtube.com/watch?v=P5lUmao-aKw,537.258,437.16
PJhl9fDUIdY,https://www.youtube.com/watch?v=PJhl9fDUIdY,163.283,0
PadL61V2W2I,https://www.youtube.com/watch?v=PadL61V2W2I,764.86,387.34
PekTWWkIuhg,https://www.youtube.com/watch?v=PekTWWkIuhg,1322.539,813.82
Ph4pU9Cth8M,https://www.youtube.com/watch?v=Ph4pU9Cth8M,489.042,17.62
PhYXJVA_j6c,https://www.youtube.com/watch?v=PhYXJVA_j6c,566.985,220.24
PjaZP9WcZGE,https://www.youtube.com/watch?v=PjaZP9WcZGE,198.247,0
PkfVkgS2eHs,https://www.youtube.com/watch?v=PkfVkgS2eHs,1012.553,708.1
Pnq9ZTpRLgA,https://www.youtube.com/watch?v=Pnq9ZTpRLgA,2469.465,1960.26
PuRf2buhA1s,https://www.youtube.com/watch?v=PuRf2buhA1s,1271.502,1090.44
Puji4mOpIFE,https://www.youtube.com/watch?v=Puji4mOpIFE,834.293,62.96
PxWg3fK2pGI,https://www.youtube.com/watch?v=PxWg3fK2pGI,530.413,233.68
Q0dvUycM2e4,https://www.youtube.com/watch?v=Q0dvUycM2e4,374.695,0
Q5V8Assyzh8,https://www.youtube.com/watch?v=Q5V8Assyzh8,336.852,0
Q6LOzeHAe3M,https://www.youtube.com/watch?v=Q6LOzeHAe3M,209.328,23.08
QAwyP3uoEtg,https://www.youtube.com/watch?v=QAwyP3uoEtg,508.146,190.1
QBDH6y1XEdY,https://www.youtube.com/watch?v=QBDH6y1XEdY,753.139,359.8
QH_SIivJ7Kg,https://www.youtube.com/watch?v=QH_SIivJ7Kg,606.97,134.56
QHc1520W-3U,https://www.youtube.com/watch?v=QHc1520W-3U,1241.571,1082.04
QYIggdOEbs8,https://www.youtube.com/watch?v=QYIggdOEbs8,1215.17,296.9
QYNKkCRsv6E,https://www.youtube.com/watch?v=QYNKkCRsv6E,1168.544,495.3
QZ31DNDiCBQ,https://www.youtube.com/watch?v=QZ31DNDiCBQ,851.383,567.82
QeXwMOvuE7s,https://www.youtube.com/watch?v=QeXwMOvuE7s,1412.168,1060.66
Qkd-Yue53QA,https://www.youtube.com/watch?v=Qkd-Yue53QA,1279.078,851.98
QnXPm00OO1o,https://www.youtube.com/watch?v=QnXPm00OO1o,600.909,309.14
Qo9smfh039o,https://www.youtube.com/watch?v=Qo9smfh039o,400.057,118.54
Qr8NLvm_lxw,https://www.youtube.com/watch?v=Qr8NLvm_lxw,676.467,350.84
QrMY4anPr64,https://www.youtube.com/watch?v=QrMY4anPr64,655.685,394.68
Qvlcf1WgpK4,https://www.youtube.com/watch?v=Qvlcf1WgpK4,267.935,0
R0OUS-qGd34,https://www.youtube.com/watch?v=R0OUS-qGd34,425.97,94.22
R6IKCv8Y5vw,https://www.youtube.com/watch?v=R6IKCv8Y5vw,673.432,562.02
R8GTEVQ0HaY,https://www.youtube.com/watch?v=R8GTEVQ0HaY,691.903,166.98
RCzuRSvILt8,https://www.youtube.com/watch?v=RCzuRSvILt8,398.594,179.7
RDofN_tuM6k,https://www.youtube.com/watch?v=RDofN_tuM6k,685.082,427.4
RGZjIiBsb_s,https://www.youtube.com/watch?v=RGZjIiBsb_s,485.529,287.14
RIW70FuZj-8,https://www.youtube.com/watch?v=RIW70FuZj-8,3206.45,2140.8
RJQoeN5TP1o,https://www.youtube.com/watch?v=RJQoeN5TP1o,485.46,33.98
RUDsF-UElqQ,https://www.youtube.com/watch?v=RUDsF-UElqQ,3831.571,1884.88
Rc1GsGvYyS0,https://www.youtube.com/watch?v=Rc1GsGvYyS0,394.049,3.72
RknBuXAVBKE,https://www.youtube.com/watch?v=RknBuXAVBKE,557.186,143.2
RnLa5-jZOV8,https://www.youtube.com/watch?v=RnLa5-jZOV8,767.791,716.12
Ro4rf3cfuiI,https://www.youtube.com/watch?v=Ro4rf3cfuiI,629.586,265.88
Rt3ZJ3xwjmo,https://www.youtube.com/watch?v=Rt3ZJ3xwjmo,660.84,395.38
RuW_lRSrYU0,https://www.youtube.com/watch?v=RuW_lRSrYU0,508.819,0
RwFRePk1vxE,https://www.youtube.com/watch?v=RwFRePk1vxE,1388.251,925.38
S1PTXtSab5o,https://www.youtube.com/watch?v=S1PTXtSab5o,1511.41,1012.56
S30sVH60Wek,https://www.youtube.com/watch?v=S30sVH60Wek,564.059,250.26
SIKYmYpb-a0,https://www.youtube.com/watch?v=SIKYmYpb-a0,573.4,101.8
SMNT7tZ8RzE,https://www.youtube.com/watch?v=SMNT7tZ8RzE,231.433,183.14
SN-7QjEu1Dk,https://www.youtube.com/watch?v=SN-7QjEu1Dk,952.877,460.04
SifSgt3t7_s,https://www.youtube.com/watch?v=SifSgt3t7_s,526.187,0
Sk055FP2708,https://www.youtube.com/watch?v=Sk055FP2708,531.992,118.78
SkyKZ1mKEvY,https://www.youtube.com/watch?v=SkyKZ1mKEvY,113.575,10.32
SwiZguRA6WA,https://www.youtube.com/watch?v=SwiZguRA6WA,624.756,505.24
SzUreVghalg,https://www.youtube.com/watch?v=SzUreVghalg,2684.21,1998.52
T7UtGGQSxj0,https://www.youtube.com/watch?v=T7UtGGQSxj0,2798.348,1911.0
TDTdCHQjEQw,https://www.youtube.com/watch?v=TDTdCHQjEQw,5105.07,3233.5
TSmY6FIEly0,https://www.youtube.com/watch?v=TSmY6FIEly0,663.882,235.66
TY2_7I-L0FU,https://www.youtube.com/watch?v=TY2_7I-L0FU,504.036,133.66
TaGKfTx6c1s,https://www.youtube.com/watch?v=TaGKfTx6c1s,833.057,42.42
TfJsvi-QC1k,https://www.youtube.com/watch?v=TfJsvi-QC1k,824.477,0
To9lh1QmDd8,https://www.youtube.com/watch?v=To9lh1QmDd8,700.43,284.3
U3KNFzXmDLE,https://www.youtube.com/watch?v=U3KNFzXmDLE,1559.081,576.36
U4a_qjRPLHM,https://www.youtube.com/watch?v=U4a_qjRPLHM,1448.089,934.66
U788e2Og2YA,https://www.youtube.com/watch?v=U788e2Og2YA,1004.844,520.2
U8-suk2P_xQ,https://www.youtube.com/watch?v=U8-suk2P_xQ,1375.487,1104.58
U90o5hPMzLc,https://www.youtube.com/watch?v=U90o5hPMzLc,625.592,511.18
UGY340RxTOI,https://www.youtube.com/watch?v=UGY340RxTOI,996.809,560.44
US3LTBT-yRU,https://www.youtube.com/watch?v=US3LTBT-yRU,308.96,50.52
UT5K51cYN0Y,https://www.youtube.com/watch?v=UT5K51cYN0Y,732.357,440.8
UTsuhDv_YJ8,https://www.youtube.com/watch?v=UTsuhDv_YJ8,669.338,37.18
UY8rpeOR5qM,https://www.youtube.com/watch?v=UY8rpeOR5qM,596.655,10.4
UYP-1f7fEG0,https://www.youtube.com/watch?v=UYP-1f7fEG0,208.004,158.14
UZLBAa0sRTc,https://www.youtube.com/watch?v=UZLBAa0sRTc,605.437,38.52
UZzemBS1tug,https://www.youtube.com/watch?v=UZzemBS1tug,1066.743,1031.76
UfFN1MIxiCc,https://www.youtube.com/watch?v=UfFN1MIxiCc,560.042,220.04
Ui7WyngmgkM,https://www.youtube.com/watch?v=Ui7WyngmgkM,893.666,302.22
UpfbHQUB5Dw,https://www.youtube.com/watch?v=UpfbHQUB5Dw,927.568,266.1
Uq4Jh7IaHgs,https://www.youtube.com/watch?v=Uq4Jh7IaHgs,723.58,382.42
UqPieoPeGUM,https://www.youtube.com/watch?v=UqPieoPeGUM,704.215,384.42
UvNXhk6ATog,https://www.youtube.com/watch?v=UvNXhk6ATog,877.691,619.84
V00KGR4uUV0,https://www.youtube.com/watch?v=V00KGR4uUV0,634.3,374.5
V128RzO4TsU,https://www.youtube.com/watch?v=V128RzO4TsU,442.665,152.88
V5lydhwwPTk,https://www.youtube.com/watch?v=V5lydhwwPTk,86.345,0
VD0Z9jGeDgs,https://www.youtube.com/watch?v=VD0Z9jGeDgs,674.651,547.06
Va-J-C3AOt8,https://www.youtube.com/watch?v=Va-J-C3AOt8,708.627,609.18
VjcsiJ0iivA,https://www.youtube.com/watch?v=VjcsiJ0iivA,190.155,0
VlxK7JDhdPM,https://www.youtube.com/watch?v=VlxK7JDhdPM,2201.321,1106.62
VmMyTVFDG3M,https://www.youtube.com/watch?v=VmMyTVFDG3M,906.786,641.38
Vn9ZefzXLns,https://www.youtube.com/watch?v=Vn9ZefzXLns,741.692,6.92
Vo2ZWCnCYSE,https://www.youtube.com/watch?v=Vo2ZWCnCYSE,348.323,228.1
Vw46kUXpt8I,https://www.youtube.com/watch?v=Vw46kUXpt8I,670.732,574.0
WBF8ldHE8Zc,https://www.youtube.com/watch?v=WBF8ldHE8Zc,486.511,0
WDntg3z8Qog,https://www.youtube.com/watch?v=WDntg3z8Qog,991.26,236.12
WFEseZk6z60,https://www.youtube.com/watch?v=WFEseZk6z60,458.199,350.6
WMTiY8wEZKw,https://www.youtube.com/watch?v=WMTiY8wEZKw,1774.626,1340.1
WP4JIrt5rco,https://www.youtube.com/watch?v=WP4JIrt5rco,345.815,97.82
WhDriN66L2Q,https://www.youtube.com/watch?v=WhDriN66L2Q,3098.773,2029.32
WljLHbYZ8ZY,https://www.youtube.com/watch?v=WljLHbYZ8ZY,640.413,55.56
WrfT_wEcr8w,https://www.youtube.com/watch?v=WrfT_wEcr8w,1696.148,1205.64
WyMMpUMER-E,https://www.youtube.com/watch?v=WyMMpUMER-E,960.047,0
WzZKWBDx7UQ,https://www.youtube.com/watch?v=WzZKWBDx7UQ,634.903,397.18
X60xgETG5nw,https://www.youtube.com/watch?v=X60xgETG5nw,3331.315,2271.7
X9RUPxxLaTs,https://www.youtube.com/watch?v=X9RUPxxLaTs,3282.512,1857.26
XBRk5Odsl8o,https://www.youtube.com/watch?v=XBRk5Odsl8o,1160.528,905.0
XHpHqhfZRpc,https://www.youtube.com/watch?v=XHpHqhfZRpc,620.711,22.0
XM7_ahyRKkM,https://www.youtube.com/watch?v=XM7_ahyRKkM,606.784,479.6
XQdiqk6ABI8,https://www.youtube.com/watch?v=XQdiqk6ABI8,257.556,24.14
XcwMdQF15Fg,https://www.youtube.com/watch?v=XcwMdQF15Fg,1010.602,362.1
XfnxBBFJH_w,https://www.youtube.com/watch?v=XfnxBBFJH_w,265.689,0
XkJZHn_LW_0,https://www.youtube.com/watch?v=XkJZHn_LW_0,723.302,226.6
XoCDZ8uEbs0,https://www.youtube.com/watch?v=XoCDZ8uEbs0,601.443,236.5
XwxqhuERuSQ,https://www.youtube.com/watch?v=XwxqhuERuSQ,452.053,99.22
XzyKdNVTZQs,https://www.youtube.com/watch?v=XzyKdNVTZQs,416.636,41.24
Y-QZPITFIpQ,https://www.youtube.com/watch?v=Y-QZPITFIpQ,248.274,12.52
Y02FbJ66clo,https://www.youtube.com/watch?v=Y02FbJ66clo,280.713,1.36
Y5fKes7-Wdw,https://www.youtube.com/watch?v=Y5fKes7-Wdw,3860.132,2879.08
Y5j11tPnvtg,https://www.youtube.com/watch?v=Y5j11tPnvtg,595.174,292.66
YAj_e1_1Cmg,https://www.youtube.com/watch?v=YAj_e1_1Cmg,741.28,2.52
YB5-vXYpbHg,https://www.youtube.com/watch?v=YB5-vXYpbHg,306.387,261.36
YYjYB1IyQ2c,https://www.youtube.com/watch?v=YYjYB1IyQ2c,683.665,172.38
YgnBIYtVOmk,https://www.youtube.com/watch?v=YgnBIYtVOmk,998.79,532.8
Yk1NHXNZNiA,https://www.youtube.com/watch?v=Yk1NHXNZNiA,1404.668,861.66
YkhFmWAta8c,https://www.youtube.com/watch?v=YkhFmWAta8c,3794.024,2953.14
YugGB9PA6mU,https://www.youtube.com/watch?v=YugGB9PA6mU,571.699,424.2
Z-OhhBBO_3M,https://www.youtube.com/watch?v=Z-OhhBBO_3M,781.584,40.54
Z300XBybK-0,https://www.youtube.com/watch?v=Z300XBybK-0,434.8,113.9
ZFfC2ZaMc9E,https://www.youtube.com/watch?v=ZFfC2ZaMc9E,972.545,781.3
ZZvoTRoKBDw,https://www.youtube.com/watch?v=ZZvoTRoKBDw,767.861,114.94
ZaJ8bEfRecg,https://www.youtube.com/watch?v=ZaJ8bEfRecg,746.034,15.24
ZlDVCPFOQEs,https://www.youtube.com/watch?v=ZlDVCPFOQEs,1836.211,1253.74
ZsnSASSaFFQ,https://www.youtube.com/watch?v=ZsnSASSaFFQ,409.647,194.1
_6xQaHGJ-eY,https://www.youtube.com/watch?v=_6xQaHGJ-eY,481.345,20.14
_BdDTzIYEL8,https://www.youtube.com/watch?v=_BdDTzIYEL8,220.59,43.7
_D42xeGJKUQ,https://www.youtube.com/watch?v=_D42xeGJKUQ,1044.777,777.98
_H0smxi11UY,https://www.youtube.com/watch?v=_H0smxi11UY,367.967,26.36
_K7mftSuipI,https://www.youtube.com/watch?v=_K7mftSuipI,481.001,220.48
_LcdeNw_2Wk,https://www.youtube.com/watch?v=_LcdeNw_2Wk,602.611,0.78
_MSqbOM7nn0,https://www.youtube.com/watch?v=_MSqbOM7nn0,404.468,106.04
_TLDP_PCkPM,https://www.youtube.com/watch?v=_TLDP_PCkPM,624.635,45.06
_Z0BtNjHnxA,https://www.youtube.com/watch?v=_Z0BtNjHnxA,2123.465,1369.36
_ZutJCpbPMk,https://www.youtube.com/watch?v=_ZutJCpbPMk,1195.776,1132.2
_ddKbCFsBDw,https://www.youtube.com/watch?v=_ddKbCFsBDw,784.347,551.98
_dwONw3d4-g,https://www.youtube.com/watch?v=_dwONw3d4-g,1258.18,1108.14
_ev0v4yAxq0,https://www.youtube.com/watch?v=_ev0v4yAxq0,440.745,0
_h9HCrpwHSg,https://www.youtube.com/watch?v=_h9HCrpwHSg,606.18,430.4
_pneBHEquag,https://www.youtube.com/watch?v=_pneBHEquag,1594.491,653.56
_vkO7Ax546c,https://www.youtube.com/watch?v=_vkO7Ax546c,1508.159,660.78
_y5_2e1qpZU,https://www.youtube.com/watch?v=_y5_2e1qpZU,600.445,81.1
_zPVmC_8HiQ,https://www.youtube.com/watch?v=_zPVmC_8HiQ,677.275,425.66
a-_Bn_eoXVs,https://www.youtube.com/watch?v=a-_Bn_eoXVs,3218.594,2202.52
aA9mmz508Ro,https://www.youtube.com/watch?v=aA9mmz508Ro,283.887,1.64
aHBpwvqgFd0,https://www.youtube.com/watch?v=aHBpwvqgFd0,503.827,201.62
aOV8F8Wp1iM,https://www.youtube.com/watch?v=aOV8F8Wp1iM,647.558,0
aXpGf8uA73g,https://www.youtube.com/watch?v=aXpGf8uA73g,598.773,327.68
a_30kHZs4FM,https://www.youtube.com/watch?v=a_30kHZs4FM,139.814,0
ab4XLV9QqeU,https://www.youtube.com/watch?v=ab4XLV9QqeU,745.453,165.1
ac1DPWQXfXE,https://www.youtube.com/watch?v=ac1DPWQXfXE,352.409,0
aj0LItujUro,https://www.youtube.com/watch?v=aj0LItujUro,423.399,297.9
ak4DtASTvIA,https://www.youtube.com/watch?v=ak4DtASTvIA,317.533,14.94
an41mTjSPBA,https://www.youtube.com/watch?v=an41mTjSPBA,624.879,217.8
atYuPP_w-JQ,https://www.youtube.com/watch?v=atYuPP_w-JQ,608.753,387.74
b8bG-WqN7fs,https://www.youtube.com/watch?v=b8bG-WqN7fs,1671.14,1127.12
b9dnlZqNKho,https://www.youtube.com/watch?v=b9dnlZqNKho,482.076,0
bAH4IerYW8o,https://www.youtube.com/watch?v=bAH4IerYW8o,1221.37,470.36
bCrnxJq68Ow,https://www.youtube.com/watch?v=bCrnxJq68Ow,855.771,610.32
bEWoE2_reIE,https://www.youtube.com/watch?v=bEWoE2_reIE,337.81,189.54
bfuT9jUk_yk,https://www.youtube.com/watch?v=bfuT9jUk_yk,872.194,264.16
bj7nZUbVc4o,https://www.youtube.com/watch?v=bj7nZUbVc4o,454.972,151.18
bo5lb0fIoxc,https://www.youtube.com/watch?v=bo5lb0fIoxc,1195.219,1022.2
btpYEXRILz8,https://www.youtube.com/watch?v=btpYEXRILz8,1332.57,584.34
bxpxzEO-jLE,https://www.youtube.com/watch?v=bxpxzEO-jLE,467.947,0
bzmZCAgvaRQ,https://www.youtube.com/watch?v=bzmZCAgvaRQ,752.164,564.24
c1bRux0UevA,https://www.youtube.com/watch?v=c1bRux0UevA,1247.005,464.34
c8zE87urwJc,https://www.youtube.com/watch?v=c8zE87urwJc,348.648,168.64
cAs0-iiv_Rg,https://www.youtube.com/watch?v=cAs0-iiv_Rg,763.147,640.26
cMj1Qnp1Ro8,https://www.youtube.com/watch?v=cMj1Qnp1Ro8,316.251,144.52
cQz30Tam400,https://www.youtube.com/watch?v=cQz30Tam400,671.655,580.94
cVtcYbMfGsQ,https://www.youtube.com/watch?v=cVtcYbMfGsQ,481.019,402.44
crQNwmY2mYY,https://www.youtube.com/watch?v=crQNwmY2mYY,613.169,363.34
czKTT7GYVzI,https://www.youtube.com/watch?v=czKTT7GYVzI,606.784,0
d4iS4_plcco,https://www.youtube.com/watch?v=d4iS4_plcco,3158.153,2299.56
d93kh7Lv0yI,https://www.youtube.com/watch?v=d93kh7Lv0yI,395.454,269.26
d9kiKtCwUws,https://www.youtube.com/watch?v=d9kiKtCwUws,1017.429,429.2
dFPlyDh9tCw,https://www.youtube.com/watch?v=dFPlyDh9tCw,645.161,494.72
dIy-XyrSqFA,https://www.youtube.com/watch?v=dIy-XyrSqFA,933.588,0
dKLz8FUfWsk,https://www.youtube.com/watch?v=dKLz8FUfWsk,348.764,186.82
dUwnbAR_iEA,https://www.youtube.com/watch?v=dUwnbAR_iEA,629.186,556.04
dVBVJwReyHw,https://www.youtube.com/watch?v=dVBVJwReyHw,1153.748,1019.54
dc-inkkbEMY,https://www.youtube.com/watch?v=dc-inkkbEMY,732.317,0
deRkX3OTUhs,https://www.youtube.com/watch?v=deRkX3OTUhs,849.572,542.68
deYky8nI6gk,https://www.youtube.com/watch?v=deYky8nI6gk,1087.251,375.04
dgbdiJXlLCk,https://www.youtube.com/watch?v=dgbdiJXlLCk,1685.629,540.26
dhp3ljv3FrM,https://www.youtube.com/watch?v=dhp3ljv3FrM,227.765,138.82
do3uxsbP9NI,https://www.youtube.com/watch?v=do3uxsbP9NI,873.024,295.4
dudsRZAg0JM,https://www.youtube.com/watch?v=dudsRZAg0JM,1019.193,132.34
dykhIUvzYK4,https://www.youtube.com/watch?v=dykhIUvzYK4,834.107,397.34
e0DTdWnqvAY,https://www.youtube.com/watch?v=e0DTdWnqvAY,905.601,248.58
e0Reo_0Gs3Y,https://www.youtube.com/watch?v=e0Reo_0Gs3Y,747.503,332.46
e1qISkIm7Ec,https://www.youtube.com/watch?v=e1qISkIm7Ec,482.517,100.94
e7Dx9GkrRw8,https://www.youtube.com/watch?v=e7Dx9GkrRw8,684.844,0
eG1cvfyPLWI,https://www.youtube.com/watch?v=eG1cvfyPLWI,985.183,330.64
eH0OZ4T4WcA,https://www.youtube.com/watch?v=eH0OZ4T4WcA,650.182,533.92
eLRG0-95c90,https://www.youtube.com/watch?v=eLRG0-95c90,1229.399,9.18
eXDDOfRTfvw,https://www.youtube.com/watch?v=eXDDOfRTfvw,1199.938,833.28
eZw_MC1OqpI,https://www.youtube.com/watch?v=eZw_MC1OqpI,208.306,156.4
engHHA_Pheo,https://www.youtube.com/watch?v=engHHA_Pheo,481.019,94.46
eyS3pwHSRKA,https://www.youtube.com/watch?v=eyS3pwHSRKA,409.136,191.14
f11GbObxsco,https://www.youtube.com/watch?v=f11GbObxsco,541.589,20.96
f1ACovi1oF4,https://www.youtube.com/watch?v=f1ACovi1oF4,635.321,253.5
f5IqjIWv_dA,https://www.youtube.com/watch?v=f5IqjIWv_dA,359.979,283.06
f8HcAY7z81A,https://www.youtube.com/watch?v=f8HcAY7z81A,432.007,242.88
f9ufFL7rRA8,https://www.youtube.com/watch?v=f9ufFL7rRA8,1302.361,737.46
fThO8lPILko,https://www.youtube.com/watch?v=fThO8lPILko,509.632,0
fq9O5HfzevI,https://www.youtube.com/watch?v=fq9O5HfzevI,2033.418,1085.48
fwsOOgYUBRw,https://www.youtube.com/watch?v=fwsOOgYUBRw,648.865,89.58
fyCk-wFlxj8,https://www.youtube.com/watch?v=fyCk-wFlxj8,918.182,0
g2JJYWHBcfA,https://www.youtube.com/watch?v=g2JJYWHBcfA,536.515,0
g3Df2OWEK6Q,https://www.youtube.com/watch?v=g3Df2OWEK6Q,835.129,340.6
g7BLF4Z9OzM,https://www.youtube.com/watch?v=g7BLF4Z9OzM,647.767,121.06
gEzS4LN8oSQ,https://www.youtube.com/watch?v=gEzS4LN8oSQ,628.889,498.46
gGhEKt8n2XM,https://www.youtube.com/watch?v=gGhEKt8n2XM,604.05,164.48
gJR5MIqhj7g,https://www.youtube.com/watch?v=gJR5MIqhj7g,546.047,516.18
gNPJUAKr3PI,https://www.youtube.com/watch?v=gNPJUAKr3PI,643.164,277.48
gNrIgy2MYsw,https://www.youtube.com/watch?v=gNrIgy2MYsw,3255.665,2276.98
gUlc3NYBaZ8,https://www.youtube.com/watch?v=gUlc3NYBaZ8,988.329,677.84
gli9EBWuKEI,https://www.youtube.com/watch?v=gli9EBWuKEI,605.293,6.36
gmXTK_8C17A,https://www.youtube.com/watch?v=gmXTK_8C17A,583.745,461.6
gq_v_aQRl48,https://www.youtube.com/watch?v=gq_v_aQRl48,519.268,117.1
grxq7JmPm2A,https://www.youtube.com/watch?v=grxq7JmPm2A,613.002,14.58
gxh6m3AiZQU,https://www.youtube.com/watch?v=gxh6m3AiZQU,496.879,94.7
hJL93m9XkTE,https://www.youtube.com/watch?v=hJL93m9XkTE,309.981,55.74
hKYXaM93R90,https://www.youtube.com/watch?v=hKYXaM93R90,1918.061,163.84
hTSrdknuFR8,https://www.youtube.com/watch?v=hTSrdknuFR8,179.769,0
hX-i_7t4VKs,https://www.youtube.com/watch?v=hX-i_7t4VKs,1155.889,647.58
hpQNEO_qHVM,https://www.youtube.com/watch?v=hpQNEO_qHVM,3091.435,2647.64
hrmuE-dr2vM,https://www.youtube.com/watch?v=hrmuE-dr2vM,752.008,620.02
iAd57O0nY3Y,https://www.youtube.com/watch?v=iAd57O0nY3Y,677.001,444.28
iN5coLfBU3o,https://www.youtube.com/watch?v=iN5coLfBU3o,1043.551,256.78
iOeYcLUPO9A,https://www.youtube.com/watch?v=iOeYcLUPO9A,151.981,32.52
iQcUz14Qsj4,https://www.youtube.com/watch?v=iQcUz14Qsj4,1544.22,880.74
iZh-fwttTBw,https://www.youtube.com/watch?v=iZh-fwttTBw,2121.096,1504.12
imbYOnEsSqs,https://www.youtube.com/watch?v=imbYOnEsSqs,744.531,35.02
io21GKOiRL4,https://www.youtube.com/watch?v=io21GKOiRL4,618.644,0
iuWwhpau2G0,https://www.youtube.com/watch?v=iuWwhpau2G0,622.759,567.64
j-9ZkvhknxI,https://www.youtube.com/watch?v=j-9ZkvhknxI,601.234,97.46
j0hV7yyJkaY,https://www.youtube.com/watch?v=j0hV7yyJkaY,760.384,22.64
j8MQINUrELw,https://www.youtube.com/watch?v=j8MQINUrELw,939.874,422.24
jFgHmFo5w1Q,https://www.youtube.com/watch?v=jFgHmFo5w1Q,1788.889,880.72
jLl0IO6uo_Q,https://www.youtube.com/watch?v=jLl0IO6uo_Q,876.646,371.52
jLniC7rCGNo,https://www.youtube.com/watch?v=jLniC7rCGNo,613.936,162.24
jMakmliGpsA,https://www.youtube.com/watch?v=jMakmliGpsA,349.042,233.96
jVvBn6in_og,https://www.youtube.com/watch?v=jVvBn6in_og,948.14,147.36
jm4lSS9fxFg,https://www.youtube.com/watch?v=jm4lSS9fxFg,1246.865,711.84
jnxFitITdcg,https://www.youtube.com/watch?v=jnxFitITdcg,702.48,338.44
jwz9QKGjZYg,https://www.youtube.com/watch?v=jwz9QKGjZYg,334.762,107.8
k0IzxaS5UrM,https://www.youtube.com/watch?v=k0IzxaS5UrM,966.514,820.02
k0RGdbqgOFE,https://www.youtube.com/watch?v=k0RGdbqgOFE,611.051,289.48
k2VcSVErcrA,https://www.youtube.com/watch?v=k2VcSVErcrA,609.129,406.68
k2xoWUjbtP0,https://www.youtube.com/watch?v=k2xoWUjbtP0,804.525,86.94
kAehLzU_S0c,https://www.youtube.com/watch?v=kAehLzU_S0c,738.023,195.64
kJPcGtv43Qo,https://www.youtube.com/watch?v=kJPcGtv43Qo,404.846,88.58
kKbWm9RkwVs,https://www.youtube.com/watch?v=kKbWm9RkwVs,866.36,409.06
kL3sG4qakc0,https://www.youtube.com/watch?v=kL3sG4qakc0,646.049,274.4
kPNoSLCNpZo,https://www.youtube.com/watch?v=kPNoSLCNpZo,684.926,212.98
kQj1La9s2I4,https://www.youtube.com/watch?v=kQj1La9s2I4,137.074,4.44
kYVFqLo2SCg,https://www.youtube.com/watch?v=kYVFqLo2SCg,411.156,171.08
kYibvUdW_rY,https://www.youtube.com/watch?v=kYibvUdW_rY,655.894,346.6
koS3UXMPteU,https://www.youtube.com/watch?v=koS3UXMPteU,847.784,291.4
kxZD0VQvfqU,https://www.youtube.com/watch?v=kxZD0VQvfqU,256.239,0
kz7RNcLYiO8,https://www.youtube.com/watch?v=kz7RNcLYiO8,322.572,134.18
l1Aip4Q6o1o,https://www.youtube.com/watch?v=l1Aip4Q6o1o,692.721,361.5
l3y7NtXXh2A,https://www.youtube.com/watch?v=l3y7NtXXh2A,220.747,35.58
l9lYht6CWdI,https://www.youtube.com/watch?v=l9lYht6CWdI,1007.282,375.92
l9zdhMs5F74,https://www.youtube.com/watch?v=l9zdhMs5F74,613.1,334.0
lBD0GDWgo94,https://www.youtube.com/watch?v=lBD0GDWgo94,631.931,9.64
lNF5-g3q-6Q,https://www.youtube.com/watch?v=lNF5-g3q-6Q,467.696,12.76
lNGH7pqwGgU,https://www.youtube.com/watch?v=lNGH7pqwGgU,229.135,219.0
lnR02riPWBg,https://www.youtube.com/watch?v=lnR02riPWBg,300.484,6.34
m35CX2RTb1Y,https://www.youtube.com/watch?v=m35CX2RTb1Y,538.749,171.78
m3oaz886-kc,https://www.youtube.com/watch?v=m3oaz886-kc,663.842,356.38
m9mY-viFNi0,https://www.youtube.com/watch?v=m9mY-viFNi0,759.014,566.42
mAK1d80niQU,https://www.youtube.com/watch?v=mAK1d80niQU,627.775,362.68
mHIWj3zZLKQ,https://www.youtube.com/watch?v=mHIWj3zZLKQ,1633.71,1192.38
mYflWkIp9Hg,https://www.youtube.com/watch?v=mYflWkIp9Hg,559.438,151.0
mams2Jh8JL8,https://www.youtube.com/watch?v=mams2Jh8JL8,403.256,319.12
miWcUQxFOF4,https://www.youtube.com/watch?v=miWcUQxFOF4,2413.087,1377.48
mnXGLUxxm3g,https://www.youtube.com/watch?v=mnXGLUxxm3g,56.013,0
mqtfY-FAHEE,https://www.youtube.com/watch?v=mqtfY-FAHEE,339.499,287.82
myFb2pdJ-Ig,https://www.youtube.com/watch?v=myFb2pdJ-Ig,646.56,536.86
n0gLH9niFis,https://www.youtube.com/watch?v=n0gLH9niFis,324.25,208.24
n3nGlneBZ9M,https://www.youtube.com/watch?v=n3nGlneBZ9M,599.673,0
n7ZFgd5kSi4,https://www.youtube.com/watch?v=n7ZFgd5kSi4,1498.918,660.76
nAfb7IZv9tw,https://www.youtube.com/watch?v=nAfb7IZv9tw,623.293,122.68
nBUzi4qcbkc,https://www.youtube.com/watch?v=nBUzi4qcbkc,453.156,395.98
nH0U8K1halk,https://www.youtube.com/watch?v=nH0U8K1halk,624.484,85.96
nKmOMA41o_k,https://www.youtube.com/watch?v=nKmOMA41o_k,1051.516,754.08
nOFpyrnaXrM,https://www.youtube.com/watch?v=nOFpyrnaXrM,324.36,250.24
nPf0UOqNaCI,https://www.youtube.com/watch?v=nPf0UOqNaCI,548.966,474.6
nX8FSZoKqn4,https://www.youtube.com/watch?v=nX8FSZoKqn4,521.056,293.46
nbmjg-NHI7U,https://www.youtube.com/watch?v=nbmjg-NHI7U,73.242,4.84
ncoyqvQNuWI,https://www.youtube.com/watch?v=ncoyqvQNuWI,1089.039,208.76
ne60piJDyNk,https://www.youtube.com/watch?v=ne60piJDyNk,1769.662,1175.66
nnR1qLO88fo,https://www.youtube.com/watch?v=nnR1qLO88fo,380.134,303.46
o1t9lG0mZcc,https://www.youtube.com/watch?v=o1t9lG0mZcc,733.333,475.72
o6oZg9sRiYs,https://www.youtube.com/watch?v=o6oZg9sRiYs,321.48,68.32
oEnMsYVkqGM,https://www.youtube.com/watch?v=oEnMsYVkqGM,407.975,330.04
oHyBbTyVOXY,https://www.youtube.com/watch?v=oHyBbTyVOXY,313.174,216.78
oMyfxUycXJI,https://www.youtube.com/watch?v=oMyfxUycXJI,392.487,195.28
oTBpPbtS6M0,https://www.youtube.com/watch?v=oTBpPbtS6M0,471.69,290.2
oTDbtXKClQU,https://www.youtube.com/watch?v=oTDbtXKClQU,519.361,357.34
o_0D_4v-NIQ,https://www.youtube.com/watch?v=o_0D_4v-NIQ,517.317,262.26
odYV426jT4c,https://www.youtube.com/watch?v=odYV426jT4c,4420.986,3335.28
okLMSXRg_lo,https://www.youtube.com/watch?v=okLMSXRg_lo,819.455,480.92
otHo0m71ISM,https://www.youtube.com/watch?v=otHo0m71ISM,1146.114,411.48
pEB_9KKoSbY,https://www.youtube.com/watch?v=pEB_9KKoSbY,1756.636,1604.56
pMu52DBicSs,https://www.youtube.com/watch?v=pMu52DBicSs,2766.629,1835.02
pQ06uHNqATA,https://www.youtube.com/watch?v=pQ06uHNqATA,494.724,174.76
pY0FMYYvvzk,https://www.youtube.com/watch?v=pY0FMYYvvzk,541.118,333.14
pl5U_joflQg,https://www.youtube.com/watch?v=pl5U_joflQg,467.587,0
ppDH4H3BUec,https://www.youtube.com/watch?v=ppDH4H3BUec,1351.982,978.68
pru2wR4zIgs,https://www.youtube.com/watch?v=pru2wR4zIgs,1507.765,378.36
q6TGkU2LV9g,https://www.youtube.com/watch?v=q6TGkU2LV9g,678.812,169.66
qMqTA5stDBU,https://www.youtube.com/watch?v=qMqTA5stDBU,699.199,21.18
qNDjYlVawIY,https://www.youtube.com/watch?v=qNDjYlVawIY,430.916,118.16
qdGjW2evQ68,https://www.youtube.com/watch?v=qdGjW2evQ68,653.572,101.5
qtYGWMhyS04,https://www.youtube.com/watch?v=qtYGWMhyS04,1085.974,503.44
qwUSNNMz3fg,https://www.youtube.com/watch?v=qwUSNNMz3fg,1366.193,1076.1
qwUdypPDoVM,https://www.youtube.com/watch?v=qwUdypPDoVM,723.557,78.84
qwsKMmteYlw,https://www.youtube.com/watch?v=qwsKMmteYlw,1292.934,750.84
r9IoeNRnvpU,https://www.youtube.com/watch?v=r9IoeNRnvpU,483.016,0
rEjbC-NidZo,https://www.youtube.com/watch?v=rEjbC-NidZo,663.255,113.8
rK0Izce2eIg,https://www.youtube.com/watch?v=rK0Izce2eIg,130.607,0
rKxuSWPMTsw,https://www.youtube.com/watch?v=rKxuSWPMTsw,914.722,81.06
rQBw_7MfLys,https://www.youtube.com/watch?v=rQBw_7MfLys,2013.402,1053.16
rRJ2LR1nGWs,https://www.youtube.com/watch?v=rRJ2LR1nGWs,760.616,518.44
rRQQMF4GxDA,https://www.youtube.com/watch?v=rRQQMF4GxDA,1028.714,503.76
rVW9ey02HCk,https://www.youtube.com/watch?v=rVW9ey02HCk,1381.501,1185.4
rnVyz6pJGUA,https://www.youtube.com/watch?v=rnVyz6pJGUA,324.575,0
rnajoVmoGtk,https://www.youtube.com/watch?v=rnajoVmoGtk,93.211,46.04
s2FpE8QTxcE,https://www.youtube.com/watch?v=s2FpE8QTxcE,523.285,62.7
s5hO6bxWDvY,https://www.youtube.com/watch?v=s5hO6bxWDvY,858.488,218.58
s7E1J-RkCDw,https://www.youtube.com/watch?v=s7E1J-RkCDw,3089.322,1571.64
sExB4EQC2do,https://www.youtube.com/watch?v=sExB4EQC2do,787.783,517.08
sGmiLzVXDZ4,https://www.youtube.com/watch?v=sGmiLzVXDZ4,796.932,650.6
sJLPHKCKOXM,https://www.youtube.com/watch?v=sJLPHKCKOXM,422.952,147.12
sOz-FU4SdYo,https://www.youtube.com/watch?v=sOz-FU4SdYo,3016.922,1948.12
sRvg2PAR3qs,https://www.youtube.com/watch?v=sRvg2PAR3qs,1647.525,616.88
sSo8d0ezvyM,https://www.youtube.com/watch?v=sSo8d0ezvyM,1608.655,1005.4
sV2gnVI7Mvc,https://www.youtube.com/watch?v=sV2gnVI7Mvc,618.022,137.16
saHowfBi3Xs,https://www.youtube.com/watch?v=saHowfBi3Xs,721.258,316.74
smZp-CVg2VA,https://www.youtube.com/watch?v=smZp-CVg2VA,670.576,4.78
sql-sZyg86k,https://www.youtube.com/watch?v=sql-sZyg86k,937.157,408.68
t0CG3r1LVw8,https://www.youtube.com/watch?v=t0CG3r1LVw8,969.289,866.12
t51V2B12JL0,https://www.youtube.com/watch?v=t51V2B12JL0,199.222,95.74
tOSKZumW_Jk,https://www.youtube.com/watch?v=tOSKZumW_Jk,363.508,260.96
tR0Kj-unQlo,https://www.youtube.com/watch?v=tR0Kj-unQlo,497.279,130.08
tRm068TDB24,https://www.youtube.com/watch?v=tRm068TDB24,615.213,196.42
tSFOwkui6Zc,https://www.youtube.com/watch?v=tSFOwkui6Zc,335.9,4.7
tYeqn5Zwhvc,https://www.youtube.com/watch?v=tYeqn5Zwhvc,410.18,46.86
tZKgKiu98hE,https://www.youtube.com/watch?v=tZKgKiu98hE,1163.947,806.8
tiftX0Wqbao,https://www.youtube.com/watch?v=tiftX0Wqbao,475.551,309.34
tt8y7W5EYcg,https://www.youtube.com/watch?v=tt8y7W5EYcg,119.444,10.68
tyipuNyIsAY,https://www.youtube.com/watch?v=tyipuNyIsAY,161.234,0
u8IBLB-2o9M,https://www.youtube.com/watch?v=u8IBLB-2o9M,2640.046,1789.8
u8sYBXEYnVg,https://www.youtube.com/watch?v=u8sYBXEYnVg,572.627,159.38
u9lEdnbyagk,https://www.youtube.com/watch?v=u9lEdnbyagk,600.8,166.92
uAgAtmi3nKs,https://www.youtube.com/watch?v=uAgAtmi3nKs,860.764,737.72
uAxeB5I0dRs,https://www.youtube.com/watch?v=uAxeB5I0dRs,3036.05,2065.74
uBDdf5KKnz8,https://www.youtube.com/watch?v=uBDdf5KKnz8,872.397,253.74
uDnas1nslr4,https://www.youtube.com/watch?v=uDnas1nslr4,2359.746,600.0
uIe5TuAAzvg,https://www.youtube.com/watch?v=uIe5TuAAzvg,1372.996,595.02
uK6qqWIrq_g,https://www.youtube.com/watch?v=uK6qqWIrq_g,645.747,190.6
uKifi_zTARs,https://www.youtube.com/watch?v=uKifi_zTARs,2001.328,1385.94
uNjpxxwJVSk,https://www.youtube.com/watch?v=uNjpxxwJVSk,702.961,534.5
uZgAGbp4km4,https://www.youtube.com/watch?v=uZgAGbp4km4,1455.705,1175.9
uwwetUoJO9A,https://www.youtube.com/watch?v=uwwetUoJO9A,2312.824,1249.08
v3QZD3TxxbY,https://www.youtube.com/watch?v=v3QZD3TxxbY,4826.175,3052.62
v62DzsPAcfE,https://www.youtube.com/watch?v=v62DzsPAcfE,598.703,280.8
v74ZuIVY2MY,https://www.youtube.com/watch?v=v74ZuIVY2MY,887.002,713.78
vF4VPb_3E9E,https://www.youtube.com/watch?v=vF4VPb_3E9E,65.921,48.46
vFppZhxdkww,https://www.youtube.com/watch?v=vFppZhxdkww,1140.118,0
vKzieE-WSRQ,https://www.youtube.com/watch?v=vKzieE-WSRQ,170.527,18.9
vQDcLAgUSwU,https://www.youtube.com/watch?v=vQDcLAgUSwU,613.68,227.26
vR4aWMt7zeY,https://www.youtube.com/watch?v=vR4aWMt7zeY,722.303,185.36
vSekDKiWrKI,https://www.youtube.com/watch?v=vSekDKiWrKI,603.807,338.4
velT0H3dRtM,https://www.youtube.com/watch?v=velT0H3dRtM,1087.901,1035.36
vgr6zcy4RV0,https://www.youtube.com/watch?v=vgr6zcy4RV0,745.639,469.86
vi1HPIfeFdA,https://www.youtube.com/watch?v=vi1HPIfeFdA,3696.02,2609.62
vnMpCAWb1Ck,https://www.youtube.com/watch?v=vnMpCAWb1Ck,843.906,717.02
voWrRtZRREs,https://www.youtube.com/watch?v=voWrRtZRREs,718.82,416.84
vqx8T9LE0RI,https://www.youtube.com/watch?v=vqx8T9LE0RI,594.728,3.04
vtA0AxtC4PI,https://www.youtube.com/watch?v=vtA0AxtC4PI,3369.86,2181.38
vvObDQmQHkY,https://www.youtube.com/watch?v=vvObDQmQHkY,808.147,505.54
vwgAnaqf_dU,https://www.youtube.com/watch?v=vwgAnaqf_dU,465.072,419.16
wAdRYt7MH28,https://www.youtube.com/watch?v=wAdRYt7MH28,490.981,51.64
wFPRocxUCAo,https://www.youtube.com/watch?v=wFPRocxUCAo,4698.906,3054.82
wGXOkl8BLS8,https://www.youtube.com/watch?v=wGXOkl8BLS8,498.818,0
woqJ2g2lVyI,https://www.youtube.com/watch?v=woqJ2g2lVyI,656.73,302.36
wr-q0rUUKhc,https://www.youtube.com/watch?v=wr-q0rUUKhc,992.792,735.68
wyr_iLzI0nI,https://www.youtube.com/watch?v=wyr_iLzI0nI,619.183,453.56
x0E43CP_yOU,https://www.youtube.com/watch?v=x0E43CP_yOU,426.899,185.58
x4ksMqCrDQs,https://www.youtube.com/watch?v=x4ksMqCrDQs,607.248,132.2
x5Bu1Hd2ivI,https://www.youtube.com/watch?v=x5Bu1Hd2ivI,876.205,53.4
xB4_EZcZh2Y,https://www.youtube.com/watch?v=xB4_EZcZh2Y,1090.061,584.52
xDBKxR-eZHg,https://www.youtube.com/watch?v=xDBKxR-eZHg,387.518,99.74
xLl7zM8pKf8,https://www.youtube.com/watch?v=xLl7zM8pKf8,722.768,597.44
xTNHYEOZ1i0,https://www.youtube.com/watch?v=xTNHYEOZ1i0,834.154,667.8
xYxom9ZHxIU,https://www.youtube.com/watch?v=xYxom9ZHxIU,563.357,22.08
xZYgOqzt9mc,https://www.youtube.com/watch?v=xZYgOqzt9mc,505.482,213.84
xjhb6bftYxc,https://www.youtube.com/watch?v=xjhb6bftYxc,4894.999,3143.02
xmIp8j2cjDQ,https://www.youtube.com/watch?v=xmIp8j2cjDQ,394.809,0
xna8_h5aG9Q,https://www.youtube.com/watch?v=xna8_h5aG9Q,488.525,236.32
xopLW7P7byo,https://www.youtube.com/watch?v=xopLW7P7byo,600.956,157.44
xxDZNlPJvEY,https://www.youtube.com/watch?v=xxDZNlPJvEY,313.655,31.26
xxFfQOTT3Mc,https://www.youtube.com/watch?v=xxFfQOTT3Mc,1029.55,433.78
xxqwAOVwQWQ,https://www.youtube.com/watch?v=xxqwAOVwQWQ,412.688,306.08
xy-ECTva-Ts,https://www.youtube.com/watch?v=xy-ECTva-Ts,748.774,627.54
xyKWgjI1fpU,https://www.youtube.com/watch?v=xyKWgjI1fpU,285.373,8.5
y7yLCRdt0s0,https://www.youtube.com/watch?v=y7yLCRdt0s0,1046.593,443.54
yIHK1f9_gyY,https://www.youtube.com/watch?v=yIHK1f9_gyY,931.051,776.06
yQqmLXRTZp8,https://www.youtube.com/watch?v=yQqmLXRTZp8,229.506,159.52
yUlkZQf8hzA,https://www.youtube.com/watch?v=yUlkZQf8hzA,790.716,10.78
ycaFlvuv0_o,https://www.youtube.com/watch?v=ycaFlvuv0_o,532.201,265.58
yqfk-VMC6bc,https://www.youtube.com/watch?v=yqfk-VMC6bc,1324.536,503.46
ywjlEyLRBiM,https://www.youtube.com/watch?v=ywjlEyLRBiM,889.603,296.78
zAZqttJSTNM,https://www.youtube.com/watch?v=zAZqttJSTNM,642.891,164.8
zB2kvBvbEc4,https://www.youtube.com/watch?v=zB2kvBvbEc4,3106.389,2085.96
zFuIPeuzs3g,https://www.youtube.com/watch?v=zFuIPeuzs3g,1140.959,379.98
zGVIfR6mnrs,https://www.youtube.com/watch?v=zGVIfR6mnrs,495.416,0
zIjT54qQbm4,https://www.youtube.com/watch?v=zIjT54qQbm4,249.633,0
zK947-WvADY,https://www.youtube.com/watch?v=zK947-WvADY,483.249,0
zO1djj1OJKg,https://www.youtube.com/watch?v=zO1djj1OJKg,717.944,310.64
zQatMOSF5IE,https://www.youtube.com/watch?v=zQatMOSF5IE,384.058,224.14
zUn4B4cRHiw,https://www.youtube.com/watch?v=zUn4B4cRHiw,1279.35,694.42
zZzSX4clWiU,https://www.youtube.com/watch?v=zZzSX4clWiU,716.73,569.32
zg6zWBjRAME,https://www.youtube.com/watch?v=zg6zWBjRAME,268.585,17.5
zicKJmSzl_c,https://www.youtube.com/watch?v=zicKJmSzl_c,662.767,178.48
zjmJU9punJo,https://www.youtube.com/watch?v=zjmJU9punJo,513.579,206.38
zznzNcui0lk,https://www.youtube.com/watch?v=zznzNcui0lk,559.445,0
zzoSVWCifQg,https://www.youtube.com/watch?v=zzoSVWCifQg,571.722,288.7
