-0jnzCLllf4,https://www.youtube.com/watch?v=-0jnzCLllf4,863.782,690.66
-raFpl51ecE,https://www.youtube.com/watch?v=-raFpl51ecE,1889.942,1817.34
0-Kiavi-mVA,https://www.youtube.com/watch?v=0-Kiavi-mVA,1265.511,1017.3
1-CWLRZPJqQ,https://www.youtube.com/watch?v=1-CWLRZPJqQ,838.264,735.36
11oft9bYDI4,https://www.youtube.com/watch?v=11oft9bYDI4,1056.253,800.88
19-eAJrlBnA,https://www.youtube.com/watch?v=19-eAJrlBnA,1150.154,1018.98
1COzfpgHXzU,https://www.youtube.com/watch?v=1COzfpgHXzU,1065.073,745.22
1cKkem3Eb50,https://www.youtube.com/watch?v=1cKkem3Eb50,1950.035,1812.86
1qi81jTjteo,https://www.youtube.com/watch?v=1qi81jTjteo,1912.976,1745.34
1z3V9DkQxVM,https://www.youtube.com/watch?v=1z3V9DkQxVM,701.614,322.84
2cJBQ_yzA3E,https://www.youtube.com/watch?v=2cJBQ_yzA3E,1042.065,844.64
2hErUPsyu_s,https://www.youtube.com/watch?v=2hErUPsyu_s,1818.494,1650.78
2nmy9-N2pJ4,https://www.youtube.com/watch?v=2nmy9-N2pJ4,3736.3,3309.96
3Vt9xom9un4,https://www.youtube.com/watch?v=3Vt9xom9un4,1300.085,1191.12
4Nj4GLs6eQM,https://www.youtube.com/watch?v=4Nj4GLs6eQM,1807.372,1671.62
4i8vMYdUYdk,https://www.youtube.com/watch?v=4i8vMYdUYdk,2854.961,2381.74
5ZWlJdXKL2I,https://www.youtube.com/watch?v=5ZWlJdXKL2I,935.532,742.34
5qQWvah5-Xw,https://www.youtube.com/watch?v=5qQWvah5-Xw,711.715,614.32
675xdc-VMWg,https://www.youtube.com/watch?v=675xdc-VMWg,1851.838,1439.06
697GbjwJxGg,https://www.youtube.com/watch?v=697GbjwJxGg,1396.796,1053.48
6qg5hwO3Tsg,https://www.youtube.com/watch?v=6qg5hwO3Tsg,1153.521,937.48
7dGkyAhfslY,https://www.youtube.com/watch?v=7dGkyAhfslY,1825.112,1657.44
85zY186uUp4,https://www.youtube.com/watch?v=85zY186uUp4,1000.664,880.52
9cteg1s5c-g,https://www.youtube.com/watch?v=9cteg1s5c-g,1186.145,990.78
9iL1wUtVQFc,https://www.youtube.com/watch?v=9iL1wUtVQFc,2202.436,1860.3
A03I3umsA-w,https://www.youtube.com/watch?v=A03I3umsA-w,1758.401,0
ALLQX9hX0gI,https://www.youtube.com/watch?v=ALLQX9hX0gI,1376.897,1220.3
AVYqB9dALO8,https://www.youtube.com/watch?v=AVYqB9dALO8,685.937,507.06
B7vpoq66dkY,https://www.youtube.com/watch?v=B7vpoq66dkY,2049.463,1889.48
BFpKNDk6KVA,https://www.youtube.com/watch?v=BFpKNDk6KVA,1859.222,1723.58
CJrm3OM0q-A,https://www.youtube.com/watch?v=CJrm3OM0q-A,1929.625,1787.46
DRTz98L4ezw,https://www.youtube.com/watch?v=DRTz98L4ezw,1810.739,1568.46
DRYoZPVB7Gk,https://www.youtube.com/watch?v=DRYoZPVB7Gk,1709.639,1230.16
DULrxeTpW0A,https://www.youtube.com/watch?v=DULrxeTpW0A,879.711,667.46
Den9ebrbMmI,https://www.youtube.com/watch?v=Den9ebrbMmI,1913.231,1766.8
Dprg73fEj20,https://www.youtube.com/watch?v=Dprg73fEj20,1846.544,1732.1
ECeJwICMFgY,https://www.youtube.com/watch?v=ECeJwICMFgY,2084.525,1857.72
ExIGGP2SUns,https://www.youtube.com/watch?v=ExIGGP2SUns,1800.336,1566.86
F18w3sXK4eo,https://www.youtube.com/watch?v=F18w3sXK4eo,1628.23,1289.78
FIm23-p1t0A,https://www.youtube.com/watch?v=FIm23-p1t0A,2183.86,1974.76
G2jDiXyvYY8,https://www.youtube.com/watch?v=G2jDiXyvYY8,2861.279,2564.88
GGxYuKC2YjQ,https://www.youtube.com/watch?v=GGxYuKC2YjQ,3517.591,3070.0
Ghs1Y4P0TVQ,https://www.youtube.com/watch?v=Ghs1Y4P0TVQ,1199.914,1141.12
GjI23M9GG3A,https://www.youtube.com/watch?v=GjI23M9GG3A,738.975,656.88
GtXl8r5Jv6w,https://www.youtube.com/watch?v=GtXl8r5Jv6w,1456.634,1178.76
GzKLHUqm7ro,https://www.youtube.com/watch?v=GzKLHUqm7ro,1785.406,1678.84
Hf9F0c9C120,https://www.youtube.com/watch?v=Hf9F0c9C120,2110.485,1848.3
HkU9A1us8oo,https://www.youtube.com/watch?v=HkU9A1us8oo,2003.603,1863.12
HzpqvDblHRM,https://www.youtube.com/watch?v=HzpqvDblHRM,905.23,783.8
IT2mLEOREks,https://www.youtube.com/watch?v=IT2mLEOREks,1400.117,1033.52
IluENqOVtJs,https://www.youtube.com/watch?v=IluENqOVtJs,1176.044,706.3
IrCEZIo_F8Y,https://www.youtube.com/watch?v=IrCEZIo_F8Y,1442.191,1267.72
JSpjKHtUoOQ,https://www.youtube.com/watch?v=JSpjKHtUoOQ,1721.017,1496.62
JgPMW6mvJy8,https://www.youtube.com/watch?v=JgPMW6mvJy8,1301.78,845.26
KOzyywJOn74,https://www.youtube.com/watch?v=KOzyywJOn74,1861.613,1737.2
KYsgBu-N9Sk,https://www.youtube.com/watch?v=KYsgBu-N9Sk,1147.135,818.36
KhcJ2A7Igyk,https://www.youtube.com/watch?v=KhcJ2A7Igyk,1848.633,1773.84
KpjWTNgj1oU,https://www.youtube.com/watch?v=KpjWTNgj1oU,1745.328,1168.76
LBvi8syx-S4,https://www.youtube.com/watch?v=LBvi8syx-S4,717.427,457.7
LOLx3Hy90aE,https://www.youtube.com/watch?v=LOLx3Hy90aE,3738.598,3256.32
LZraWguJa8E,https://www.youtube.com/watch?v=LZraWguJa8E,1433.6,1268.0
LaY9-MJ3Ejo,https://www.youtube.com/watch?v=LaY9-MJ3Ejo,1283.622,1203.18
M2nJF5wfVYc,https://www.youtube.com/watch?v=M2nJF5wfVYc,1075.618,778.08
MBnl295hQr8,https://www.youtube.com/watch?v=MBnl295hQr8,1037.096,570.4
MM-MHTl9p4s,https://www.youtube.com/watch?v=MM-MHTl9p4s,2051.484,1841.58
Mhgk0rg7cmw,https://www.youtube.com/watch?v=Mhgk0rg7cmw,1096.586,1020.38
Mtx3WyBO-4A,https://www.youtube.com/watch?v=Mtx3WyBO-4A,1949.385,1850.78
Mx21NgUYaWE,https://www.youtube.com/watch?v=Mx21NgUYaWE,1070.417,972.58
Nks7BqWQQME,https://www.youtube.com/watch?v=Nks7BqWQQME,1892.775,1807.8
Nmw_xGtk8M0,https://www.youtube.com/watch?v=Nmw_xGtk8M0,2570.728,1747.2
O4PO2ql4BlY,https://www.youtube.com/watch?v=O4PO2ql4BlY,2098.898,2044.96
OEcUjCS9wLo,https://www.youtube.com/watch?v=OEcUjCS9wLo,1885.53,1814.42
OjUZFuaefrw,https://www.youtube.com/watch?v=OjUZFuaefrw,1703.834,1216.8
OkL_YATZzNA,https://www.youtube.com/watch?v=OkL_YATZzNA,1186.888,989.28
PQYa57rQrkQ,https://www.youtube.com/watch?v=PQYa57rQrkQ,1714.747,1450.54
QSduJp2uQTM,https://www.youtube.com/watch?v=QSduJp2uQTM,1274.636,1063.5
QjlsYXklHC4,https://www.youtube.com/watch?v=QjlsYXklHC4,2124.719,1891.32
QrUjttVLGHg,https://www.youtube.com/watch?v=QrUjttVLGHg,2247.046,1859.86
QujvwzTCzp8,https://www.youtube.com/watch?v=QujvwzTCzp8,914.216,712.48
QvJSqrM92dU,https://www.youtube.com/watch?v=QvJSqrM92dU,2110.415,1821.82
REpm3WXTKvc,https://www.youtube.com/watch?v=REpm3WXTKvc,1872.504,1778.7
RRp_aXlWhCU,https://www.youtube.com/watch?v=RRp_aXlWhCU,1729.144,1532.32
RYL6iinK7Io,https://www.youtube.com/watch?v=RYL6iinK7Io,1864.423,1793.8
RbiHliS8WVU,https://www.youtube.com/watch?v=RbiHliS8WVU,978.907,586.72
Rl5M3A-qfJM,https://www.youtube.com/watch?v=Rl5M3A-qfJM,1900.762,1771.26
S-0MV8GaEi0,https://www.youtube.com/watch?v=S-0MV8GaEi0,2327.127,1932.38
SKQJBRjN_Js,https://www.youtube.com/watch?v=SKQJBRjN_Js,2048.813,1618.38
SLesd5Xd0Rc,https://www.youtube.com/watch?v=SLesd5Xd0Rc,1305.17,1142.42
SYm3cwt9MkM,https://www.youtube.com/watch?v=SYm3cwt9MkM,1027.06,777.78
S_ItAImSsAw,https://www.youtube.com/watch?v=S_ItAImSsAw,1826.807,1535.96
SaBOptMM0kw,https://www.youtube.com/watch?v=SaBOptMM0kw,1144.233,995.88
SwAawjvXhwA,https://www.youtube.com/watch?v=SwAawjvXhwA,1973.278,1582.6
TGLfsUWnWFk,https://www.youtube.com/watch?v=TGLfsUWnWFk,1351.262,1017.46
TRSqK2b6ITM,https://www.youtube.com/watch?v=TRSqK2b6ITM,2421.233,2121.74
USPtGt72dzA,https://www.youtube.com/watch?v=USPtGt72dzA,1905.035,1811.32
VOUH0ov3LYQ,https://www.youtube.com/watch?v=VOUH0ov3LYQ,3007.054,2706.7
WVprB8o4IUY,https://www.youtube.com/watch?v=WVprB8o4IUY,2655.109,1926.58
WfqK_hjtnKM,https://www.youtube.com/watch?v=WfqK_hjtnKM,2470.65,2017.72
WsTaPyLJy9g,https://www.youtube.com/watch?v=WsTaPyLJy9g,1822.929,1509.5
WuKNmM5jrvE,https://www.youtube.com/watch?v=WuKNmM5jrvE,919.835,787.66
XLwAkhdk9II,https://www.youtube.com/watch?v=XLwAkhdk9II,2020.786,1782.6
XMQdbfhyUyU,https://www.youtube.com/watch?v=XMQdbfhyUyU,1551.004,1077.32
XPfwR15BYNs,https://www.youtube.com/watch?v=XPfwR15BYNs,1958.928,1849.88
XTAjztQo9FU,https://www.youtube.com/watch?v=XTAjztQo9FU,2718.987,2315.16
Yg7Jopd-8kk,https://www.youtube.com/watch?v=Yg7Jopd-8kk,1841.799,1544.1
ZWVP5hz5u70,https://www.youtube.com/watch?v=ZWVP5hz5u70,1203.862,1087.36
Zj616MtHHtM,https://www.youtube.com/watch?v=Zj616MtHHtM,1397.098,1327.52
a6DdjcoVgI8,https://www.youtube.com/watch?v=a6DdjcoVgI8,2718.727,2012.72
aUmmpUo1-AU,https://www.youtube.com/watch?v=aUmmpUo1-AU,1238.134,1109.76
axYgFd7klgo,https://www.youtube.com/watch?v=axYgFd7klgo,2047.466,1953.84
b7KPcsX6icY,https://www.youtube.com/watch?v=b7KPcsX6icY,1834.98,1701.98
bSTlZ3o2MDI,https://www.youtube.com/watch?v=bSTlZ3o2MDI,1299.296,992.1
bue2mp9ivgM,https://www.youtube.com/watch?v=bue2mp9ivgM,1172.097,956.72
cEB5wQOe1bk,https://www.youtube.com/watch?v=cEB5wQOe1bk,2387.587,2067.42
cMnLXfrNE_Q,https://www.youtube.com/watch?v=cMnLXfrNE_Q,819.78,725.86
dFuu98HkTsI,https://www.youtube.com/watch?v=dFuu98HkTsI,2120.887,1727.12
dYwnhF6MHlU,https://www.youtube.com/watch?v=dYwnhF6MHlU,1797.689,1671.62
dfijlUsaEm8,https://www.youtube.com/watch?v=dfijlUsaEm8,1214.659,877.7
eDXtEWPbRFo,https://www.youtube.com/watch?v=eDXtEWPbRFo,2239.24,1823.02
eGnyPzhnvYs,https://www.youtube.com/watch?v=eGnyPzhnvYs,1764.74,1651.16
eK4js4Vugnw,https://www.youtube.com/watch?v=eK4js4Vugnw,1197.407,1117.6
eSSgRRUJ2YY,https://www.youtube.com/watch?v=eSSgRRUJ2YY,1262.492,904.3
efof8Ib9fq8,https://www.youtube.com/watch?v=efof8Ib9fq8,1944.137,1695.68
ex8Tg-DrpjA,https://www.youtube.com/watch?v=ex8Tg-DrpjA,858.093,771.96
fTIZ5pnDpxM,https://www.youtube.com/watch?v=fTIZ5pnDpxM,2092.791,1764.06
g4WDVXYZIlI,https://www.youtube.com/watch?v=g4WDVXYZIlI,1819.26,1751.26
gKc_n9V0CWM,https://www.youtube.com/watch?v=gKc_n9V0CWM,1339.629,1131.14
gX5vFpTWmG4,https://www.youtube.com/watch?v=gX5vFpTWmG4,2045.051,1887.6
hPDOL20pj60,https://www.youtube.com/watch?v=hPDOL20pj60,2644.242,2192.32
hQyj_BDLYp4,https://www.youtube.com/watch?v=hQyj_BDLYp4,1169.821,962.06
iWjFU0BPGb4,https://www.youtube.com/watch?v=iWjFU0BPGb4,1461.255,1250.7
ig0KlY_hOgU,https://www.youtube.com/watch?v=ig0KlY_hOgU,2165.029,1828.7
j8aqU6cI1Jg,https://www.youtube.com/watch?v=j8aqU6cI1Jg,2052.737,1842.04
jYbgMxAeBWE,https://www.youtube.com/watch?v=jYbgMxAeBWE,2048.093,1864.28
jfN1LgQiHl0,https://www.youtube.com/watch?v=jfN1LgQiHl0,1934.826,1735.28
k7I57gG3H6U,https://www.youtube.com/watch?v=k7I57gG3H6U,1855.808,1712.86
lCueISnCmOs,https://www.youtube.com/watch?v=lCueISnCmOs,735.492,656.94
lnSf3yhdIgw,https://www.youtube.com/watch?v=lnSf3yhdIgw,1765.46,1425.12
lrvq3ww85k4,https://www.youtube.com/watch?v=lrvq3ww85k4,1414.908,1250.02
mjBA4HXUWMs,https://www.youtube.com/watch?v=mjBA4HXUWMs,1460.744,1192.64
nB0suClBoLM,https://www.youtube.com/watch?v=nB0suClBoLM,1193.088,1071.68
nn2F88_su7c,https://www.youtube.com/watch?v=nn2F88_su7c,1773.47,1627.32
o2tobv-Kg_U,https://www.youtube.com/watch?v=o2tobv-Kg_U,1550.002,1133.16
oImeEObC1rQ,https://www.youtube.com/watch?v=oImeEObC1rQ,1577.239,1400.58
p9bMfTd2Yt0,https://www.youtube.com/watch?v=p9bMfTd2Yt0,1466.596,1175.5
pOnjvXrlU8k,https://www.youtube.com/watch?v=pOnjvXrlU8k,727.087,604.6
pb-6wrZSAgU,https://www.youtube.com/watch?v=pb-6wrZSAgU,1984.122,1906.92
ppC2E8unYwo,https://www.youtube.com/watch?v=ppC2E8unYwo,1628.439,1288.88
pvfBndCfXSY,https://www.youtube.com/watch?v=pvfBndCfXSY,1974.486,1711.08
q2_I4W8Tr6c,https://www.youtube.com/watch?v=q2_I4W8Tr6c,482.418,69.4
qC3d1fZDJtg,https://www.youtube.com/watch?v=qC3d1fZDJtg,1889.477,1569.18
qL6hYYzeZ0M,https://www.youtube.com/watch?v=qL6hYYzeZ0M,1384.56,1300.32
r2SHetHrGoA,https://www.youtube.com/watch?v=r2SHetHrGoA,1873.084,1702.66
riIBqVEvfFo,https://www.youtube.com/watch?v=riIBqVEvfFo,1524.785,1290.3
riNh2bzybKs,https://www.youtube.com/watch?v=riNh2bzybKs,2185.044,1818.54
rqI_MtI2aUY,https://www.youtube.com/watch?v=rqI_MtI2aUY,1822.441,1747.46
rrE-K3fkSaI,https://www.youtube.com/watch?v=rrE-K3fkSaI,1888.247,1651.46
rrHLgFC4eAI,https://www.youtube.com/watch?v=rrHLgFC4eAI,877.227,722.56
sI3j2-vl4Ac,https://www.youtube.com/watch?v=sI3j2-vl4Ac,1819.028,1086.16
suD2SLBitBM,https://www.youtube.com/watch?v=suD2SLBitBM,1239.388,1090.38
swxvolNskKs,https://www.youtube.com/watch?v=swxvolNskKs,965.068,919.86
tnZxfRy5GJ0,https://www.youtube.com/watch?v=tnZxfRy5GJ0,1459.258,1317.52
tzNj_3vY72k,https://www.youtube.com/watch?v=tzNj_3vY72k,1703.16,1555.14
uNgDUxs3AJ8,https://www.youtube.com/watch?v=uNgDUxs3AJ8,1860.174,1445.28
ucgHen18nT0,https://www.youtube.com/watch?v=ucgHen18nT0,1612.092,1248.2
uf0c3vqCknI,https://www.youtube.com/watch?v=uf0c3vqCknI,1909.841,1850.28
vA1bLCcYVrA,https://www.youtube.com/watch?v=vA1bLCcYVrA,1588.872,1271.42
vEjYZRMvC0I,https://www.youtube.com/watch?v=vEjYZRMvC0I,2852.107,0
vXTAu-9Adg0,https://www.youtube.com/watch?v=vXTAu-9Adg0,1690.715,995.24
vlWAmmFgQn0,https://www.youtube.com/watch?v=vlWAmmFgQn0,3135.251,2531.12
vpV8iqMk_10,https://www.youtube.com/watch?v=vpV8iqMk_10,1222.322,966.1
vqSWD9VZFMA,https://www.youtube.com/watch?v=vqSWD9VZFMA,1276.006,1094.3
vre91BSvm3M,https://www.youtube.com/watch?v=vre91BSvm3M,1253.738,1047.22
vru6DGM9LRY,https://www.youtube.com/watch?v=vru6DGM9LRY,1070.138,929.46
w34rGru-WKk,https://www.youtube.com/watch?v=w34rGru-WKk,1626.395,1462.52
wEYZYG2V950,https://www.youtube.com/watch?v=wEYZYG2V950,1957.349,1891.52
wSY1677HxfY,https://www.youtube.com/watch?v=wSY1677HxfY,1153.892,1061.68
x6hK-DTNsqo,https://www.youtube.com/watch?v=x6hK-DTNsqo,1859.918,1749.34
xCZ0C8vuWBI,https://www.youtube.com/watch?v=xCZ0C8vuWBI,1243.15,984.66
xNk3QudqfcQ,https://www.youtube.com/watch?v=xNk3QudqfcQ,933.628,792.96
xi2B-TnKMiY,https://www.youtube.com/watch?v=xi2B-TnKMiY,1448.716,1292.8
zRKIYAOod7M,https://www.youtube.com/watch?v=zRKIYAOod7M,1890.778,1792.08
zm2Q6W_jLiU,https://www.youtube.com/watch?v=zm2Q6W_jLiU,1558.756,1169.46
zmwc23hGBaM,https://www.youtube.com/watch?v=zmwc23hGBaM,876.693,820.84
zwBDaF-vljA,https://www.youtube.com/watch?v=zwBDaF-vljA,1926.629,1654.14
