-BAVFwWaKkc,142,1663.640125
-DwTfNcuMjg,22,3708.25
-GzKWe9Kls8,97,3629.139625
-bGu3BcT3F0,81,2221.2905
-eOEBFpcyXw,67,2955.90025
-i3qsfSnuCk,32,2679.722125
-j6m1rufHeo,35,2839.498625
-vIOA7Rhds8,15,1644.3675625
-vT-NpZtANQ,12,1646.2948125
-zgZP8m9A3E,24,907.2965625
03aniyx2okgfyz153ukz3kyh5hks,51,1375.164125
04VGJRqeOFQ,94,2348.768125
06a3hYjgaKo,29,2975.1031875
0AJQqmGGn5c,16,1740.9625625
0Is8iscse1k,64,3808.026125
0LvX_FgA6Pk,13,1187.4453125
0VREXFzVv7A,241,4808.875875
0bpumdhi5rqexcistvzekx1w5cez,83,4456.4375625
0mt88oi7nmswonaqqouesxtfopv8,34,1508.049
0u2BIS6U2xs,15,2514.349625
12f90iBAbSY,17,2279.1314375
13rs9sa5qtxyxez0ad9fn8vc7p6i,121,3127.19675
19tsvg4Yfoo,2,3053.86525
1GkVO47sXHA,21,2110.740375
1Oy7tzeXeGc,12,1920.986875
1PTysti9q0Y,99,1420.0385
1T9fWJQuEKc,104,4368.6255
1YE21Rm0Gnw,68,3634.06225
1YGQFZli_1A,228,1910.166375
1ZqwdmR0Vz8,36,2232.2735625
1iw5QPQfeU4,18,1662.17725
1kUNKmJ8pLE,6,2237.265875
1qOsx7rJ68M,48,2512.9331875
1sdrdV58VgA,12,2131.7260625
1soqF99ck4k,89,3927.1445
1yRXD45xT0s,97,3653.96175
1zGiW9ehvKk,54,3033.3155625
2-2o35tChCM,18,2186.3676875
23O89ryasdw,54,2224.05375
25r1c04ecjigpip0ttihwl03dsvt,18,997.355125
26kCYXMp7Wo,17,2187.90025
29emw5IkvyE,24,553.3083125
2DU7MCpI11A,12,2732.1991875
2FSG87bn_RI,207,3908.5685625
2RYF_g12m8c,110,2024.547875
2SbxogXOxqE,0,411.2021875
2TMyuC5uvTs,0,678.278125
2bc4MIwFLDk,0,1600.73725
2eDvg_8OZ-8,21,560.785125
2hwd0vn5h2nlxrlc64lczropsvos,227,4470.2825
2iyxp9UQiSE,92,3538.140625
2nmkpnc0ldp9ctz6elehm48b4juw,84,2843.7681875
2v0EMhlpARI,24,1966.8695
39G3BAQbmqQ,52,2196.329125
3AdsEnKt3Pw,31,1694.22075
3Bk1u2WBFi4,21,1059.851625
3GcKFgcjM48,15,1633.2633125
3R-2VHjenIc,177,4067.9503125
3SQ5hNHqjmI,20,1956.2811875
3UlA1RIiP98,6,2261.252125
3e825a7b-7b0d-c9b6-dbd6-ccfa2eae2c4c,89,2220.969375
3e9s8qzoz6nokt31hau5kmoqoitg,58,3223.249
3lphjqwo03rjv0y24lbni58ysj58,39,1326.3935
3ni3xzv3evyw5ungn0eb5whg62vx,49,1569.410625
3skuWWohf0M,6,1668.0055
3vYDSSqQmss,11,1757.4255
3xzHNTOgtwU,35,1783.73375
3yr1y7a6v0kfgjmn9rhwiyxyh1y9,77,1680.9535
44Qbld2v47M,97,2731.897375
475nM-abLkw,41,1603.8719375
4HmjmLgB6-s,45,4122.7261875
4ekdabgvLA0,95,4196.008375
4exyVeyesY4,168,1898.8815
4fzx4gYlbYc,25,2479.828
4mfy4boea43stvflt8pgdi27leey,126,2966.4653125
4pmh6h2h6j5uz01s1txumkm3893h,37,1919.5298125
4s42edse3zpytozv4h5atsmibg3a,25,1746.4425
4tnXFF75_VA,70,2103.774375
4uvl3KzRLVg,33,2585.054375
4xlev93o3yx0z76l0nhl7quavmpg,48,1436.52575
50RPsJEfyU8,35,976.399125
55rignewh6nfc5j2awz22fubypcu,127,3199.6865625
5BTVIIoaAzE,17,1768.2228125
5BcpYb3rwdA,36,2779.49825
5CMso6QidHA,164,3766.02125
5CeQTtvPCmo,75,3672.49125
5CoYDbJuO1g,34,2365.347125
5IxJJT80lLo,124,3762.74725
5KOHoPOHJ4E,109,3465.6246875
5McQ1VW5KeI,237,2344.7278125
5_3xIKbW4Jw,62,1708.5939375
5mhghrp0rpy70rqarjx4c6p94hwz,51,1708.016375
5owBCUS6iwA,47,2888.0979375
622c9c5a-48f4-54d9-e726-d67c7076722c,62,1992.7226875
62p19-tOtoM,18,1237.4610625
65WJLvbwUhU,41,1498.5926875
66jfp6373ttw2s479b929oke3d8v,45,1342.3804375
6G6U8VC4a2I,235,2351.2990625
6HgmVVvKkAI,45,2297.0108125
6Sl4OB90Yzs,121,2355.01425
6cZzBiDJhBk,26,3006.9376875
6h70zbvbpdxsgi055adp4fc55kp5,20,1046.2825
6iG7yW2G3Ro,35,1265.1625
6n2kheyar8eugdl4r3jlauf299jp,28,1380.049
7-NphbsAuJE,88,2690.171125
797EyqVof6w,2,1736.76625
7K_z0AZPGoM,52,3782.06625
7L2kjei-gac,30,2216.484
7LuhEMk1kFQ,167,2410.44025
7RJHNdicxFg,14,2577.97225
7RpCIXjot3A,4,1618.6579375
7W8-RdReKZg,8,1538.2988125
7aI0zhDmf4U,35,2587.05125
7eXOlhruLOQ,72,1438.1046875
7hx8a0Zoq0k,224,3832.0355625
7lVG5Eu6Pa4,27,1826.690625
7n329z_zo1c,9,1388.7623125
7ptjb_5CCI4,74,2589.0315
7q53st72TRU,9,1725.6555
7wFL_SS3afM,38,1248.1985
7wWxtkL-vc4,14,1771.9909375
8-bAzcmmz8A,128,4400.344
81f23noje2mygqpgylyyoewzvngj,33,1366.6481875
85bAOFBClg8,56,3567.003
8957gh7m9ek9u1zvq53ezeb1rl5t,54,1157.0416875
8Fm6euPt7T4,7,2612.6164375
8POVvEIzPMM,44,2296.5231875
8VEpn2o88tE,69,3749.8601875
8dFSX1HQMWs,19,2314.147125
8ejWNITA-qc,0,508.215125
8qpp2rpg97ay7gp3r8j89a5l7prr,28,3653.7730625
8qsFB3y2aCI,50,1666.4910625
8x53iipbzlg,85,4025.6668125
96j7nvfFcgU,45,3229.6170625
9DA58BHVpkg,31,1785.335875
9J6HsEtGHLw,24,2460.15425
9K7G64UcFzY,20,2340.2928125
9VcOvTUFi9I,38,2585.89675
9WsMjhOWeD4,279,7116.2891875
9Yu_uD8Xj5c,16,2311.4949375
9_wfIF7CXzo,28,2369.410625
9be-A2cfQFg,23,1841.6675
9fgxUZrZ1g0,95,3885.4879375
9h2xS7tBw9Q,48,3605.66425
9u494kmuj67qrxebmf3m5sft5xbg,172,3379.644125
A37XDqoSPF4,35,2002.2799375
A3tVkdQzpQE,30,1782.085125
ADc1z30t9oM,50,2523.7304375
AGw0lIZZA8c,28,3641.0514375
AHlbXhj5GFo,76,3663.737375
AO8uOSj8RBI,16,2551.13
ATWG1hyG7sE,8,1742.014
AWjn6D4UeQM,143,2462.569125
A_68QSdEW4k,21,2604.930625
AjA0I79EfJs,173,1739.0585625
AkKB-46QTfg,9,1566.2156875
AngCqq7eBlw,81,2079.0915625
B-Arnr-pMiY,93,4476.2964375
B3ltUJFCYQw,185,4551.4826875
BP8OGIsfAzY,136,1669.0039375
BRlNL3WrNV4,293,4482.44975
BYLp8Qc_xgE,0,1538.13625
BYcojc4JkaE,43,6103.4579375
Bak9lyLQLiI,8,1645.876875
Bfdmbu4Emt8,5,1744.51525
BnmEr1HOVOs,67,2615.7975625
C0-VicxLBXs,6,2303.535625
C9UN49SPbQY,34,2190.4776875
CV0wweYHK9k,37,3479.4638125
CXYk2kY_pNo,17,1808.0681875
CfxUJ3WO6TI,16,2114.5484375
CpzlLIeNcVs,17,2159.386125
Cvfkflsl7Fs,121,2194.401875
CzKzpNlRNf0,16,2662.6554375
D3tW8MeodAw,42,3485.1526875
D5pUc9PHLZE,41,3537.8155625
DAJtLG_jtwE,34,2487.4376875
DO08taKyjpM,56,2366.7635625
DTbnXzWlPSQ,2,1453.615625
DU4Q9k4Z9L8,28,2345.6334375
DWT1lpffK-Q,20,2086.4290625
Dh4S-Wq4YPc,42,964.53375
DwQaqtHbPOU,146,2242.267875
E-l3tXLaHGI,24,2579.5976875
E1uI6QoClUQ,9,3666.059375
E6RiICO8y5s,242,2605.41825
E8Ik5CT7j4o,54,1783.222875
EALv-DEa1U8,11,2321.317
EEzSIDiiB-E,24,2420.030125
EFmUlaamlYg,68,2609.69075
ENcRijTniP8,2,641.4976875
EfRWyXQvIr8,100,1693.8260625
EkCsBN1ut_Q,17,2459.5273125
Em52jVkKh_A,62,2567.7090625
F7IgrktK7AU,47,2401.8489375
FJ_ehPesBcw,55,2516.2136875
FLl-CyZ8fKU,69,2679.2345
FVH-WiVEibo,5,3539.4641875
FX6dhO7z1kU,318,3683.4046875
Fk22HhtyZbE,31,1771.54325
Fo05A3AQ7Qo,16,3611.864
Fx69dQtBQhs,57,1702.18525
G-dPmsTRetc,169,3093.7106875
G7pn8c2g4_o,140,1862.263625
GAz5yVL8u0k,117,2052.45825
GBJcN5urGg8,11,2323.8995625
GGpdrzz7ogc,12,1789.70775
GJx4SCpHv7s,45,2817.4396875
GNSOTd11cNk,60,2444.596875
GSztF3k0nio,54,2522.430125
GUIHVB2oHtc,30,1058.999
GasCn0OIHYU,34,1601.5731875
GbkFvbIsriQ,16,1736.4528125
Go1C5habCRk,5,1586.27125
GvFsysP4Be0,50,2186.3909375
H-m31_qfHzY,3,2347.51425
H2mhxGAlWLw,5,1529.6841875
H6oj3uQ7FNI,63,2679.2809375
HOtgAFx20TQ,107,3919.99275
HXyGibH99IU,17,1650.8291875
HtXL2a84I7s,13,1805.4211875
Hwhrhj3Jr-g,26,3705.4868125
I--555lkaY8,40,2529.6979375
I1MpiQiLNlo,62,2410.2545625
IAsmP-0_Mf4,87,2968.0675
IL7FWjKo964,54,3174.3768125
IMJdLp2-KSQ,24,2403.195625
IS95CUXpHEk,41,2194.65725
IZ-xgqC3vpc,30,1321.8191875
IocupJ7YhXM,6,611.3814375
IpLHgualsHA,42,1724.5228125
IvUS6TOKnVw,128,4194.5919375
IxzTQu97LKE,14,2522.848125
J-VQMik8LZE,19,3464.2083125
J55fwR_Xwic,40,2333.2636875
J7LqcOBmaYs,110,2001.46725
JEWbpuOcnQ4,26,2689.938875
JFjNzaIpqjk,82,2770.0709375
JP5jV6SdY2g,122,3700.7499375
JPpHU6itEiw,9,1499.3125
JVFG4-IkmaE,56,3663.528375
JZh1R_iHqF4,12,2528.9085
JiqEKwUCTQM,90,1416.2083125
JwHLGW8jZyk,12,2580.29425
K8UqiCxzLCg,195,2546.0680625
KLJtmsu2nfw,60,3666.0129375
KMLzj-cicAk,173,1506.9291875
KUO5TDzc4Eg,61,2823.73225
KYBr2coawjY,5,1414.9376875
KYUqOOXbfd4,9,1498.2973125
Kq85mau3ooM,54,4052.4625625
Kzjq-KxoFao,59,3735.579875
L9z1D9k-kGQ,237,3593.6363125
LG7md0RU-xo,20,3567.6531875
LI2Ke74xO3c,16,1855.320875
LK0yrG-SGTg,9,1710.1496875
LN7yx6k6c_U,223,1662.479125
LPxuSEV_wlk,176,2780.2876875
LQrqDdefSfg,53,1422.315125
LXpPLqvaaKs,185,4319.56175
LZz5FLgs5EI,99,2037.778125
L_xJ6z_Nun0,134,1314.319125
LmAoNYId7q8,87,2385.9896875
LovzvRZOBDg,30,2280.733625
LsXldwI6N0Y,84,4033.5615625
LyMqy98jFSQ,61,3723.412625
M1Z0z3-aonI,2,1918.2005
M6IQYbSnv94,11,2610.4105
ME9j_EZkMuM,138,3857.415
MIvP-nz2QXQ,27,3617.9011875
MMP07RR-XsU,412,4103.1053125
MQNhii9E5EE,88,1686.5814375
MSDd2pJSymY,34,2689.938875
M_eui3Z2mX0,6,1715.9728125
Mbh4NOfAS6s,6,1798.6176875
Me9aO38zRqI,23,1789.1040625
MfOzSm87mAI,23,3755.5490625
MjcGxdggGes,18,1531.4489375
MkKyrlM3pgg,44,2959.7779375
MpFWjczF5NI,143,3588.9923125
N9V5p_DNWMU,0,1127.6539375
NEDisX4TA9Q,41,1419.343
NGGiTjeKcOk,17,2177.358375
NVO8J0LgSfs,22,1956.65275
NgZvwwPFs54,185,3773.1498125
NiNmICd8WdI,1,885.284
NnhZYRKDU6Y,18,2629.6366875
NwtZ61zmMjU,14,983.04
OCrUEi_8uT0,17,1754.5759375
OEvTon7rbiw,9,2352.52975
OF0tnwdTu0k,7,1832.0776875
OPH38sHHrH8,8,1823.021875
OR5SccoFwGA,22,2338.1333125
OcmuHH0o1KU,68,1356.635875
OiogXYS3Sq8,24,3525.4160625
Oub2SnKeMkg,14,1759.7010625
PG6Ea0ozYoE,57,3832.2678125
PU1FXStBTNQ,24,1773.6795
PeveTgkG2lo,59,2663.4216875
Pll6xsWIR7w,108,4049.6994375
PnaSIHXZZx4,5,1695.892625
Pq04DLEAOuc,6,1670.0720625
PsMnb20z_9o,46,2796.611375
PwwtJv8byqo,7,2300.4009375
Q8rEbGGdf48,19,1494.2505
QD3JB4jhtYM,16,2620.0468125
QI5ECmk8xgo,9,1581.62725
QTy2RObv310,13,2077.5358125
QW8LpINn46E,46,2639.24975
Qk1zwGX-Hxk,63,3653.985
QkbKSwhGLXA,28,2351.5776875
Qmtron1lBFY,11,2198.4885625
Qtd0PTTbSgM,6,1518.910125
QwPIWw551y8,12,2620.023625
QyYBq7ch738,144,2373.3580625
QyjcdD6bHPg,118,1827.9676875
QyvECK01HEk,103,4418.385875
RM2o2V_CM-U,55,1341.5329375
ROeswfAZmBI,19,2146.174
RRxT-s2BQ5Y,22,2730.063
RW0wV6OeY1M,10,2471.7641875
R_LDJr8rkH8,14,1635.6600625
Rr16NStam6U,61,2655.852
S-ThBouJCSQ,9,1717.7658125
SH2pFNNLZ84,11,2418.237125
SIj0I6c6l44,73,1361.1073125
SMiPLUvuarw,22,1796.162875
SbMFvxjFE7s,10,2129.92
SdBHPcrG6M0,2,2255.35425
SdnzP9m8dmU,45,3742.7780625
Shemy3fTHdw,102,2681.8119375
Shn5BIdyVxM,14,908.387875
Sk8Lisf4Ru4,11,1532.8718125
Slt6I5YInQ8,13,2227.885
SnblI8NVVw8,41,2781.4255
Sxpn7sfddSY,6,1468.19775
T1BGi3UKJ1s,11,1782.5030625
TEE3t1fxKBQ,45,2701.734625
TFruXrimqeY,2,1085.8091875
TKmZ4H3ea-4,45,3644.30225
TL0ErCOAQX8,36,2606.300625
TOZw9hq-wCk,67,2327.98625
TTfbiiLC-Sk,43,1033.961375
TY2J-cVIrzQ,35,1789.5386875
Tc_NWyg9AfM,1,1760.0958125
TjjUd_Xng7Y,372,3237.0939375
TyvFZ_a2KVE,210,4852.2739375
U4Vn_pWQ1KA,144,4205.482125
U6Z68NxcGv4,131,1548.701375
UDKCpdkYCMg,36,3954.7298125
UQMaY7IWrGc,26,2370.966375
UWgT1FJP8_4,46,4047.8883125
UnVl78Qu5dA,397,4045.310875
UsohIUsbnr4,14,3629.0235
V3b_iuVl370,36,2145.129125
VGoroNkJRNU,31,1305.240125
VNupsXQLpoc,380,5647.1626875
VVadv1MzMD4,76,2781.146875
VsjmQPK75YE,10,1564.63025
VuYBjowxqMU,80,1134.225125
VxA127-u-HU,5,3648.249625
W9yHidY6xjQ,22,2242.1420625
WD-I2uxRI9k,16,2417.8939375
WDaIsjYD85A,152,2130.6630625
WEmUt1J-Z-I,81,2514.2748125
WVC2Q64Y3X0,175,3260.964
WVdSo6Ekx1Q,68,1737.3170625
WWI2vaaRcQ0,73,1280.111
WXZPgTjqq0k,41,2233.2720625
We-_pvy6YIU,64,3704.0471875
WhYyDr71bJw,11,1718.538625
Wk50micSuxk,27,1793.5093125
WqwaRbNf9o0,11,915.353875
X4p6CPC6AlY,64,2211.753625
XDg6iJT078s,14,758.642375
XFc_pWUp41k,97,1422.9420625
XG3SGRxbFG8,44,696.3665
XIcjS9MlGnQ,5,1786.404
XKcWvMTcCCQ,17,3580.818875
XL02t9HtYf4,64,743.294
XMfo8ZfxIPc,1,1662.688125
XVIZv_VBnzU,115,3485.1526875
XhTON07OgMM,2,1253.831125
XkNhA72sjHI,30,2410.092
XpKRpTgIG3s,21,2391.95725
XvM55xT4YmE,74,3685.05325
Y-x8yLritD0,3,1667.7268125
Y0LjNFxO4ek,240,3671.0465
Y19Tz7peHIM,185,1617.9665
YJ4tKBU8Cuk,85,1781.0401875
YKwh2pwSfjU,84,3571.739875
YMKbk0dU6qw,2,1586.9743125
Yb7oNOT1FCc,6,1390.736
Ylp6sUptALM,36,1196.059875
YvgYr4GwvXU,244,4027.1528125
Z5WqNaD58Lo,91,4212.0533125
Z8_oYuezbEM,27,2531.137625
ZA8ram3hrUM,171,2118.7744375
ZARHUFKXzT8,7,2633.65375
ZBEnwRqw_LQ,38,2367.3673125
ZGreRR_t9cw,11,1785.4585
ZSuI_SPMEwQ,7,1372.067125
Z_awsPGjzvs,27,3809.1175
_3yU47k32ZE,21,2502.530625
_CA6SHkwUYc,4,2454.651125
_Eo7rddOMWg,287,2917.2158125
_HDjwZNaIQw,21,1659.69275
_HSYmZu-eFk,12,1536.621875
_SO4y_wDomU,3,1805.3283125
_TlHJ2q7FHo,30,845.2760625
_Uc1vJ0N1Iw,4,278.61625
_W9674WsvYY,312,3360.795875
_XDK0rfCcUc,29,5687.4493125
_ZKy4J9SF_o,93,1339.345125
_aHoZdQMdtE,3,1737.7814375
_bmdbu9NXrQ,13,1754.75525
_hbqjdSn72U,11,2088.96
_pLx3wYchDA,91,2154.8350625
_zSCgMmoCGU,8,2255.7489375
a-yQb-LDoa4,21,2646.982
a1us4y0oc10,117,8310.375375
a5snCLJlynA,5,2423.3738125
aZGsdF_SzJA,49,2298.9380625
aao11ghn3l9ae219zd0bnsygdyjx,25,1032.25475
acWxcqREkxc,106,3598.791125
adwYr3fZzIE,2,2581.0605
agied63xvvl6z1o5kah1si9q936d,37,1417.32575
ahnoWBEOjRo,8,1553.9955
akUv_8nmLDw,10,990.875875
alom7ju8zcvw4fwpnxmqd10p2ofc,26,3226.958375
amxT3UT4T5U,56,1110.773
anL1fBilB5M,109,2434.6819375
asVY0HeDm58,20,754.1376875
atppa0zPpYo,15,2226.3060625
awT6LXSHvg4,19,5332.4161875
bA0UldpzdKA,36,4072.9658125
bA7pat2AiFM,65,3503.6125625
bF4OQ8prtV0,19,2463.2889375
bNDFHRBJahQ,82,2715.464125
bYM9BeUIzZ8,126,3820.0540625
bdJxO-BZ64Y,17,2312.9396875
beEof4a3ANE,45,2499.9996875
bgYu0ZF3opQ,89,1127.2359375
bkpm235bq6t2p3kf57odn2doh3w5,238,3699.0955625
bmsumsUSz9M,11,1776.373
bosQlZGJ-rM,24,839.981875
brNWKMYUVkw,115,1160.2411875
bx6oUWuTLm0,15,2582.24475
bzMSSZn6FJE,8,1439.9390625
c0iFIQ4Q60s,24,3020.82325
c91izn76d785trkjvinsjbwc0asi,82,1310.8245
cAJn6sL5Ynw,11,938.3648125
cH9VIGAhkyE,40,2490.967125
cITU5gypkDc,9,2053.6889375
cMnZNmbnyXI,6,2216.8555625
cMrNx8HCYb8,115,4117.87325
cSLt7i1UHRE,101,3864.079125
cY4dYteEJ4s,190,4541.4980625
c_-kYZDU9pY,9,3663.8766875
ca_gafrww5I,91,3757.987125
caaibikmbzk,12,3547.776875
ce5i5p75hkhc6ur0u549pv1kzwe3,226,3095.7191875
chnfzs9kgimv0fl1fegkrv9dmdiy,216,3272.25475
cjr1zkfhx4175690yaoiaag1u87y,47,1502.72
cnzWgBRXuWo,9,2257.9265
cxe7fc5W0K0,43,2439.9993125
d1hjh2jLQQI,372,3502.10325
d73i4FwLfgQ,57,3890.06225
d8HoEGq8HvM,74,2664.048625
d9Hi4dKlYnA,54,3669.704875
dHxcIDjCY14,50,3861.0373125
dIfjiBuMr0E,18,1987.0244375
dIv1toLWpC8,22,3755.0614375
dbjSf1yvX0E,7,2384.225
dqwfa75bviu69rfpku5wsxqk0gwo,35,1317.250625
ds6q7f14xrn5c08737nak68nkf1u,119,2128.3265625
e0-Auz5RBo0,185,3010.8154375
e37nxx4m1z9lstba9hw7dpe60let,24,1539.89225
eOQGB57sjzg,4,1557.942875
eOZExQMrfic,11,1779.6238125
eSs96t5vFRE,31,2426.5781875
eUj0nQ59jGI,70,3248.541375
eVW1Ldxw9Ic,379,3409.36275
eXAcEVh9WXo,247,2617.1585
eZDKBtrP9oM,64,1281.3468125
ea2Zefl29yQ,110,1461.911625
edSfmL0mLvg,33,1875.499
edwDi1Dsl2o,20,1611.29725
egeh691vwbpwz9fxd6ej4y32ykyf,40,1222.478375
ehsmpCwDKhY,293,2367.088625
ehy6013on8yzm5b73vpltdubpd3m,53,1249.9330625
em6ylApo9tA,57,3780.69625
eotJKF2oWZo,36,1858.183375
ev0YVYfR8yg,54,2980.3740625
exwzxa84q7jep9g4cpblvpmwezsb,29,1197.6620625
f0rtydm5pe07zlag0pkwe6u78rv8,121,3341.7926875
f337f15mg51eytsrgtj6mlhpktzk,17,829.1004375
f3e1Y4un6J8,9,1668.3073125
f3kv19_7FmA,25,1945.52525
f5jrS7Nr4ZI,48,2268.677375
f6FJIwH087s,40,2355.1535625
f73UsCPQOYM,7,2559.1176875
fGebmrv2IoA,7,1969.37725
fNQ2CXPp7Yw,59,3686.144625
fT2ofOJ7EDY,53,2720.8446875
fU0FckXpiJs,35,2787.509125
fZ5mSMHMY5E,118,3197.341375
fdl76q20dpa0ybyr32rt2hpaqaio,177,4266.9453125
fe68RYkHWNk,30,1965.5691875
fl0hR7afQVQ,0,1954.9344375
fnxg8lkarc5x1iqh2dr2mushek2m,105,1840.927375
fsZPbrvth1s,8,1594.3815
g3Zocql28zc,365,3599.5341875
g96ri4wmxb6f36aez8z1mt962x6w,145,3609.5478125
g9prwi3caoaqoks7tm8gy5llljcm,17,1094.739625
gHiDpINLKb8,12,1779.3219375
gcdha770pw2pe4w3jgxgjxwd4esl,182,2834.9388125
gfUTlfM_YMw,195,7749.497375
gipmzvqjrjylx5bmvtjsf1apn7xf,41,1511.4971875
gp5dNYQtCw4,3,1294.024875
gpNalvqRxas,23,2613.1273125
gqm9jbpzztdvkzd0uk9jja105hij,103,3857.136375
gr7cp9y7shc1loe8e568e03taomi,32,1110.7004375
gs76fw762v4k6g12nfqnf8mnjm5i,82,3626.1094375
gx40w6bc19g5ad9kw9ozwbwo6j54,42,1490.311875
gysFuCDQnZ8,8,2325.362375
gzsh1Z40YhQ,115,3949.2266875
h0wpFIgMtjY,45,1523.9024375
h4GcFgjjIyI,11,700.0881875
h6GNxVh-luE,60,1089.544875
h6T0TisWP7k,14,2611.1535625
hd2HbQwWXx4,52,1348.6846875
heLBu--QXS0,14,2369.991125
hi5ojvbtqcynd84k6h4wvnaty17u,51,1330.364125
hjaA5sHIp1s,15,2516.091125
hnJsJ1SZazA,81,4191.2483125
hodzcul9xEI,164,3465.16025
hq5phGmCpqY,62,2459.73625
hwu0icwnSAc,63,1714.0106875
hzfh11CZaqU,12,1609.2125625
i3nMtIpu6X4,9,2669.38925
iHxQqQfyM4Q,10,3496.809125
iQVwarpFdCw,87,3850.6115625
iUc2OJaIgT0,15,2356.1984375
iZU_-NermU4,22,2438.025625
ib072I0DCjE,26,1559.876625
iee_MF-2q6s,1,1414.8383125
if4fJ-emFkA,31,2523.8233125
ifp8FwuiBAc,6,1625.774875
in66_-bm-co,18,2982.8121875
isqvMUIvjlo,18,2108.7434375
itOtx0m_K40,13,2290.0745625
ivg45ilylz42cmfu4eklw3rjez3i,24,691.409
j3h00x50tcg4hl2i9wuwvlu99o99,41,1524.0620625
j4uJ3Yi9FMw,18,1887.66625
j5FQauI-yQI,9,1750.5291875
j885k6GIL_4,6,1755.08025
jASqNgM-0aY,2,1753.083375
jB_onxh8_ic,45,2310.106875
jREJk9GvJsE,49,2239.495
jTQYO0rprfw,24,1954.0985625
jVUyJs1-hRQ,28,887.907875
jaEqe37i7OY,21,2511.052375
jc07m42kq3toekemvjihcv73dzej,306,3635.226125
jfxLQho6WUE,45,1284.2493125
jrW1Mivt9ZA,8,2323.4815625
jsE5j49ugGE,11,1489.09575
jt1Wdqv5lpg,108,4034.676125
ju63KdU46gs,35,2476.8675
juIbWVV2RVI,47,1390.5038125
jxGjXNzkgrY,179,4605.7709375
k398gdkckdupwkczj1rozftj15gv,25,843.8335
kBdtRhxd_w0,37,1107.8240625
kG5A74BJ_ZU,22,3708.25
kJuselpoahc,52,3630.0684375
kOt1r9aTTlI,32,2237.6090625
kSPEsxjvyq8,19,2462.6220625
kT8ye6nC1lg,11,1246.0225
kWvDOOaIvzE,235,3681.129125
kZDHzghPTTI,10,2443.8538125
kZQIJ1K374Y,5,1755.5215
kcUkavomTBo,38,2899.499
kd4oy9WCYu0,5,2490.9903125
kdit_xCon8k,13,3631.2294375
kgyH_6pqYzU,14,1707.967
kibca-hr19g,25,3155.8473125
klUOvFwQgUA,163,3629.0699375
kqoLGqwLa30,56,2764.149875
kxkNcxsS07s,49,3814.829625
kzhzfj5jbqfmoo0y5cdefsshgflo,13,841.560875
l0kHXUeuDR4,94,3886.8346875
l0vZTztA-mU,18,1677.85075
l4o0ceoS4ag,26,1639.3520625
l7PKRpVK8V4,12,2498.6065
l8ceQP4fCa0,11,1755.60925
l9jHmAmDvNg,11,972.3189375
lRm7_ojYpPk,17,2840.93825
lfMM3qcJUDg,5,1528.1516875
libMDdal-2A,22,1673.5318125
lpnyunK9BbU,29,1783.1996875
lw47mvetjpu4tygz2amkzd2uz2t4,32,1472.339625
m-ldv_LpuZg,18,1313.5064375
m0Q0F2OSWgo,228,3920.0391875
m7AnD825iO8,5,1919.6865625
mCvSoqVUT3U,77,3514.0615
mDxuHgkY_Zg,43,926.471125
mF_ZKaN_Mpw,2,426.6899375
mJRmO_R5C10,73,2596.1999375
mM3uMD9mkq0,6,1772.014125
mMPTrvKdYkQ,117,3266.6529375
mOf5dlFeAqQ,8,2042.334375
mdFtTdG3f6o,163,4770.2610625
mfpNyhrmDOs,24,1633.709625
mpY3v82uIDs,8,3372.164375
mpsb6lmas9249znujz7sifhzm7bc,16,1028.9371875
n1hy14ixaiuhtcvovy8ak6i09zov,7,693.969
n7p5td82xh9z5wyhv6yzuhrrlpzw,28,1186.2204375
nCn1PqFJk0U,55,2645.9370625
nKFPFFViFL4,51,2451.2145625
nL45qPU87K0,19,1703.0211875
nT11BjwTM8E,32,2544.7445
nTW6NQoncBs,56,3690.0688125
nYDNGcVydpo,55,2637.2528125
nYMbkkRb5YA,31,3566.9333125
nYQOXVLpzjo,27,2657.6631875
n_BGjHQienY,168,4086.1315625
nf5ApcuJ7q4,13,1757.263
njfe87u4y5kp03yfbf1hrsyqmnk2,57,1243.010625
nosx5vm0k8dlqr000hz2r6uja0sp,91,3686.9225
nu_osNKYwsI,110,2209.4948125
nw5uzBSzifs,10,2278.4580625
nyQ4asuc0q0,110,1683.8415
o06J4ALzGNc,6,938.62675
o9tciwacjq1kc8kiwrv0jkc3rnup,220,3170.6645
oF8v_n20Yvo,21,1709.1744375
okX1IagLn38,0,1440.496375
omgB7S_PImE,56,2150.0118125
onQKC6xKXEY,22,1808.5159375
orVi_nlFwMc,20,2411.369125
ovlive_chat_voi_nguoi_noi_tieng_ca-si-trong-tan-va-con-duong-am-nhac-cua-anh,79,1545.336
ox98zeqf7yajrmptfshzek3k7cps,109,3671.1445
p4I6AW44T1g,9,2588.79275
p5Jt4HMiBFc,11,2472.1821875
p7bLEXMKCgY,42,2618.3053125
pAytouiWhQY,57,1257.59275
pGrPmTC-bY4,201,1780.763875
pIsHHGko9TE,62,2640.382375
pKY9xqOjilA,11,1409.2651875
pM5aVRiNldg,9,946.7305
pOeBkewAVdk,82,4121.7276875
pVyIYGoesyM,187,1294.4705
pYsT3GeXltY,251,3257.388125
phMBX0nhVnI,137,1664.1045
pml6exl4qfawhp3rh665kveicb2b,36,1587.435125
pmuc526v2lngnrn2tgphyj07dm95,97,1573.9036875
pnGXtepda4I,29,3582.2585625
py5PCq6aMv8,28,2171.7391875
pyzz8qo4ssp70w8jn4tsd5upjf45,25,961.306125
pz2PV5uLgeU,170,3592.5914375
q-wuBcbOVqA,50,2814.305
q00yYyeV3Vo,26,2412.2514375
q3hmnfe3x97gjbv4zfmu6zs5akq9,16,541.80575
q6ln071mjlev13px4o7xn8wtotp2,31,1398.8571875
q8qNoIQbn5Y,41,2903.934
qINloDHvvfE,60,3590.1765625
qN5wwV7onR4,90,1192.576875
qQFpiBwi3BI,78,1483.8248125
qT1Qqd8a4z8,25,2396.2478125
qU9pX7Z2K34,58,2500.2550625
qVByD-12hJk,60,3883.026625
qVm2xngWZp4,280,4056.3868125
qd6KjlKFbkE,10,1885.042375
qgn99iFTS_U,17,1651.3335625
ql9tV18A6TE,74,2725.0939375
qmnrt2n3nhhsv817g5ydch65kcec,241,4274.311875
qn4986yuq7bsdzokdiwgshgze558,35,1207.588625
qoTBd96QuyU,32,3618.690625
qxaije4cug0yhnxp00hs3emzbslz,118,3973.146125
qzMB8BfJ5HQ,46,2421.1446875
r4XmXMRXTW0,124,2827.911875
r8yOzzOdJuQ,1,1780.8609375
r94DEUC3quo,85,2633.932375
rAYnhicrJQI,282,4304.422375
rNTASUNU6Uc,10,2109.184625
rRc4N5jWXjg,79,3558.133
ri6wvIA9xLs,6,1411.517875
rj96mrtvtvnutx0ew3kfqwg6oy9f,12,1025.0710625
rpej21hihlutuh313m7bh12oqm0v,216,3211.3633125
rrEJGLRAkVM,72,2588.0098125
s31dODc3r6A,18,1716.094
s79Ams1Rf30,75,2584.8054375
sMxX-8QqGFU,303,3691.2994375
scz5onzu60rhswkb3ijligx1h8rg,56,5599.8955625
sm8ApDJlnIE,59,2656.2699375
ss6IHfXgKX0,48,3610.703
swnMx5fofJg,11,2536.0138125
szPlRq6nHPs,160,4067.6484375
tA-qjLarfgg,80,2278.731625
tJZquz1VfDw,27,2681.37075
tNVMl4HBIPU,25,854.1228125
tSPGy4eWoyI,111,1062.6148125
tTU0n1tsQCo,63,944.3788125
tcoa0wg9oa052dhkmzjov3owptua,76,1599.8171875
tnexm89wzm4ggj9bonwnfawbfmsx,29,1264.770625
tp54gv1ybsc8l9x4wp6373njmkhi,64,3588.20575
trU6iBl1Z6E,66,3984.056625
tv65uokdPts,96,2860.1411875
u4v7H1Y0cEQ,6,2408.6988125
u6ELAyjSx3c,23,2530.9983125
uTD70Q0-SOM,9,1903.7576875
uUAuG_Iwg7c,25,2410.7421875
ua2Lr43LYZQ,16,2660.008375
uiEQE2ud2f4,10,1776.6284375
ukZMiIr3eXg,18,1751.0233125
urV41l0RmEQ,13,1356.068625
urtmbrfldy5t396ah9bf95a5xxat,61,3557.9298125
uwdGRu9hdrU,10,2501.48575
uyW1z54Ranc,23,2232.1575
v1_02_05_16h00_chat_voi_nguoi_noi_tieng_noi_tiep_nhung_ban_tinh_ca_khong_ten,7,1931.928
v1_21_03_16h00_chat_voi_nguoi_noi_tieng_2020_213202018,45,2082.432
v3ken67usgb2btfsaeaze4sq9nzm,106,2040.1110625
vEouY9ZSjIw,90,3820.0540625
vRMGn68gmVI,9,2143.2483125
vWJBNFK5DAA,5,762.0093125
vXOmDufTflA,202,4060.8218125
v_FC5Y0Sb_M,6,2067.55125
vle_ZDsdsEE,17,783.69675
vovlive_ca_si_trieu_trang_nguoi_danh_tron_tinh_yeu_cho_am_nhac,39,2074.08
vovlive_cauchuyenthu7_75nghinsangkienvuotkhophattrienkhoinguonsangtaotrongdoanviencongdoan,7,1861.752
vovlive_cauchuyenthu7_baodongtinhtrajngmatantoanbancongchungcuvoitrenho,19,1586.856
vovlive_cauchuyenthu7_baoverungvatrongmoi1tycayxanh,41,2488.728
vovlive_cauchuyenthu7_boiduongtandungtrituevietnguontainguyenvotandevietnamcatcanh,49,2128.152
vovlive_cauchuyenthu7_cachoinhomnupbongtuthiendetrucloinganchanbangcachnao,39,1301.568
vovlive_cauchuyenthu7_caunghiepvanhoamovangbilangquen,12,2163.096
vovlive_cauchuyenthu7_conencongkhaidanhtinhnguoimuadam,64,2216.4
vovlive_cauchuyenthu7_danbototlaigaytroxuongvathuctrangcacdetainghiencuukhoahocsudungtienngansach,32,2230.056
vovlive_cauchuyenthu7_dauanhuyenthoaimaradonavacauchuyentruyencamhungbongda,118,2153.4
vovlive_cauchuyenthu7_daulagiaiphapdehanoithoatcanhtrongchatchattrongcaydothi(1),40,1460.328
vovlive_cauchuyenthu7_doinguantoanvesinhvientrongdanhnghiepanhlaai,36,1698.648
vovlive_cauchuyenthu7_hanhdongvimoitruongnhintukhunghoangdaidichcovid19,42,2029.56
vovlive_cauchuyenthu7_hiepdinhthuongmaitudovn_euchinhthuccohieuluc,29,2187.144
vovlive_cauchuyenthu7_kichhoathethongphongchongcovid19okhucongnghiep,29,1935.096
vovlive_cauchuyenthu7_kiemsoatnguoicachlylongleobaihocdatgia,19,1664.8098125
vovlive_cauchuyenthu7_kythixamphamdoitunguoimaccv19_hanhvidanglenan,61,2390.04
vovlive_cauchuyenthu7_lamgigiupcongnhanlaodongdapungduoctinhhinhmoi,19,2243.952
vovlive_cauchuyenthu7_laplohongquanlytronghoatdongquyengoptienunghotuthien,38,2271.672
vovlive_cauchuyenthu7_moi_ngay_den_truong_la_mot_ngay_vui,33,2036.424
vovlive_cauchuyenthu7_ngaplutdothisaumuacophaidoongtroi,44,2296.272
vovlive_cauchuyenthu7_ngaycuaphohoatdongdulichvanhoathuongniengopphanquangbavanhoaamthuc,18,1510.056
vovlive_cauchuyenthu7_nguyentbtlekhaphieuvoicongtacxaydungvachinhdondang,18,2021.88
vovlive_cauchuyenthu7_nhomnhansyhadongvatinhyeuhanoi,38,1890.048
vovlive_cauchuyenthu7_phattriengiaoducmamnonchamlochocongnhanlaodongtaicackhucongnghiep,33,1988.352
vovlive_cauchuyenthu7_sanxuatantoantrongdieukiendichbenh,30,1875.072
vovlive_cauchuyenthu7_sualuatcongdoanphailamchotochuccongdoanmanhlen,21,2239.488
vovlive_cauchuyenthu7_thaygituvieccdvquakhichtancongtrangfacebookcanhantrongtaibatchinhtranvietnamuae,96,1997.304
vovlive_cauchuyenthu7_thuchienhoagiacmoxuatngoaicuatuyenthunuhanhtrinhmoicuacaccogaivietnam,46,2247.864
vovlive_cauchuyenthu7_tphcmthugiadichvuthoatnuoclieuduongphocohetngap,61,2390.04
vovlive_cauchuyenthu7_tuoitrevasudanthan,20,2572.056
vovlive_cauchuyenthu7_tuonglainaochosongtolich,30,2130.048
vovlive_cauchuyenthu7_vanhoadocsachgapnhieuthuthachtrongkynguyensovainternet,49,1986.312
vovlive_cauchuyenthu7_vinhandanquenminh,53,2360.04
vovlive_cauchuyenthu7_visaogioitrevietquantamdenbaucumyvanhungvandenongcuatoancau,39,845.928
vovlive_cauchuyenthu7_vundaphanhphucthaplenngonluayeuthuongganketcacthanhvientrongmoigiadinh,4,1703.736
vovlive_cauchuyethu7_luatlaodongsuadoicodieuchinhcacmoiquanhelaodongtrongnhungnganhnghelinhvucmoinhugrabuber,37,2145.6
vovlive_chat-voi-nguoi-noi-tieng_chat-voi-wowy-va-de-choat-cung-hanh-trinh-chinh-phuc-dinh-cao-rap-viet,120,2142.6
vovlive_chat-voi-nguoi-noi-tieng_dien-vien-chi-bao-vua-tuyen-bo-giai-nghe-sau-25-nam-gan-bo-voi-nghiep-dien,18,1823.7126875
vovlive_chat-voi-nguoi-noi-tieng_diva-thanh-lam-hen-yeu,62,2042.904
vovlive_chat-voi-nguoi-noi-tieng_tro-chuyen-voi-thanh-lam-ve-chuong-trinh-mo-man-san-khau-am-nhac-thu-do-nam-moi,46,1599.456
vovlive_chat-voi-noi-tiengca-sy-le-ngoc-thuy-giong-ca-hoa-chung-ban-giao-huong-cua-thong-tin-tuyen-truyen_va_phong_chong_dich_covid19,7,1864.008
vovlive_chat_moi_nguoi_noi_tieng_nhac_si_nghe_si_nguyen_quang_hung_voi_khat_khao_thoi_lan_gio_moi_vao_am_nhac_dan_toc,39,1711.584
vovlive_chat_voi_nguoi_noi_tieng_am_nhac_chung_tay_phong_chong_covid_19(1),14,1714.536
vovlive_chat_voi_nguoi_noi_tieng_ban-nhac-buc-tuong-hanh-trinh-26-nam-truyen-cam-hung,36,1841.376
vovlive_chat_voi_nguoi_noi_tieng_ban_chuan_nghe_si_anh_tu_dam_me_tren_con_duong_khong_trai_hoa_hong,30,2097.312
vovlive_chat_voi_nguoi_noi_tieng_ban_nhac_buc_tuong_tro_lai_danh_dau_chang_duong_25_nam_hoat_dong,42,1580.0425
vovlive_chat_voi_nguoi_noi_tieng_ban_nhac_ngu_cung_giu_lua_rock_viet,15,1407.24
vovlive_chat_voi_nguoi_noi_tieng_bboy_cong_rua_le_manh_cong_mot_chang_trai_tre_voi_niem_dam_me_hip_hop,25,2092.968
vovlive_chat_voi_nguoi_noi_tieng_bo-con-sau-hat-de-lan-toa-nhung-dieu-tich-cuc,26,1602.0636875
vovlive_chat_voi_nguoi_noi_tieng_ca-si-ha-van-duyen-dep-voi-bolero,15,1511.04
vovlive_chat_voi_nguoi_noi_tieng_ca-si-khanh-linh-khong-ngai-nhac-ken-nguoi-nghe,19,1784.816375
vovlive_chat_voi_nguoi_noi_tieng_ca-si-quang-ha-va-hanh-trinh-chinh-phuc-nhung-thi-truong-am-nhac-kho-tinh,40,1518.6025
vovlive_chat_voi_nguoi_noi_tieng_ca-si-tung-duong-ky-luc-13-giai-cong-hien,23,1662.144
vovlive_chat_voi_nguoi_noi_tieng_ca-si_trieu_trang_giu_tron_dam_me_am_nhac_trong_trai_tim,29,1679.76
vovlive_chat_voi_nguoi_noi_tieng_ca-sy-dien-vien-dao-dien-nha-san-xuat-ly-hai-trai-long-ve-mot-so-kho-khan,26,1316.7804375
vovlive_chat_voi_nguoi_noi_tieng_ca_si_dinh_manh_ninh_theo_duoi_nghe_thuat_theo_cach_rieng,40,2167.68
vovlive_chat_voi_nguoi_noi_tieng_ca_si_ha_le_voi_hanh_trinh_duong_dai_nhac_trinh,30,1461.384
vovlive_chat_voi_nguoi_noi_tieng_ca_si_huy_cuong_voi_niem_dam_me_vo_tan_cung_bolero,36,1707.576
vovlive_chat_voi_nguoi_noi_tieng_ca_si_khoi_minh_va_ca_si_minh_quan_viet_chung_niem_dam_me_am_nhac,102,1945.056
vovlive_chat_voi_nguoi_noi_tieng_ca_si_la_hoang_quy_khang_dinh_loi_di_rieng_trong_am_nhac,46,2093.112
vovlive_chat_voi_nguoi_noi_tieng_ca_si_mai_tien_dung_nguoi_thoi_lan_gio_moi_cho_vpop,45,2106.96
vovlive_chat_voi_nguoi_noi_tieng_ca_si_minh_thu_nguoi_tinh_trong_am_nhac_cua_pho_duc_phuong,19,1720.704
vovlive_chat_voi_nguoi_noi_tieng_ca_si_nghe_si_uu_tu_dang_duong_mot_ngon_lua_sang_trong_dong_nhac_thinh_phong_va_nhac_cach_mang,76,2125.968
vovlive_chat_voi_nguoi_noi_tieng_ca_si_nguyen_doan_thao_ly_co_gai_duoc_menh_danh_la_cong_chua_opera,7,2200.056
vovlive_chat_voi_nguoi_noi_tieng_ca_si_nhat_phong_hat_tinh_ca_voi_nhung_cam_xuc_chan_that_nhat,43,2108.376
vovlive_chat_voi_nguoi_noi_tieng_ca_si_nhat_phong_tu_nguoi_hat_tinh_ca_den_chuoi_hit_chuc_trieu_view,28,1690.056
vovlive_chat_voi_nguoi_noi_tieng_ca_si_nhat_tinh_anh_am_nhac_luon_mang_toi_su_yen_binh,12,1800.528
vovlive_chat_voi_nguoi_noi_tieng_ca_si_thanh_tai_buoc_di_cham_nhung_chac_chan_va_thuyet_phuc,52,1882.944
vovlive_chat_voi_nguoi_noi_tieng_ca_si_tuan_hiep_lang_tu_hat_nhac_tinh,48,2025.456
vovlive_chat_voi_nguoi_noi_tieng_ca_si_vu_duy_khanh_chu_tac_ke_hoa_trong_am_nhac,31,2037.984
vovlive_chat_voi_nguoi_noi_tieng_ca_si_vu_thang_loi_kien_dinh_voi_con_duong_thinh_phong_tru_tinh,57,2001.696
vovlive_chat_voi_nguoi_noi_tieng_ca_si_vu_thang_loi_thap_lua_tu_hao_voi_nhung_ca_khuc_di_cung_nam_thang,39,1770.048
vovlive_chat_voi_nguoi_noi_tieng_ca_si_xuan_duc_va_ca_si_dinh_binh_cu_theo_duoi_dam_me_thanh_cong_se_theo_duoi_ban,40,1858.488
vovlive_chat_voi_nguoi_noi_tieng_ca_si_yen_ha_am_nhac_luon_la_niem_dam_me_vo_tan,16,1950.048
vovlive_chat_voi_nguoi_noi_tieng_ca_sy_hong_nhung_va_quang_dung_huong_ve_mien_trung_than_yeu,15,1873.584
vovlive_chat_voi_nguoi_noi_tieng_ca_sy_long_nhat_khong_con_la_ba_tam_showbiz,90,2652.552
vovlive_chat_voi_nguoi_noi_tieng_ca_sy_quang_ha_dung_len_voi_am_nhac,40,2076.48
vovlive_chat_voi_nguoi_noi_tieng_ca_sy_xuan_hao_va_nhung_ban_tinh_tram,56,2046.264
vovlive_chat_voi_nguoi_noi_tieng_cap_doi_ca_sy_tran_nguyen_thang_va_phan_quynh_anh_cung_no_luc_mang_am_nhac_tru_tinh,21,1690.872
vovlive_chat_voi_nguoi_noi_tieng_chang_tho_huynh_samuel_an_chang_viet_kieu_voi_tinh_yeu_am_nhac_da_diet,47,1670.04
vovlive_chat_voi_nguoi_noi_tieng_chat-voi_hoa_hau_ca_si_tuyet_nga_mot_hoa_hau_ao_dai_muon_dinh_vi_hinh_anh_la_mot_ca_si_chuyen_nghiep,12,1345.944
vovlive_chat_voi_nguoi_noi_tieng_chat_cung_ca_si_hien_anh_va_nha_tho_ngoc_le_ninh,51,2146.824
vovlive_chat_voi_nguoi_noi_tieng_chat_voi_ca_si_minh_vuong_m4u_tro_lai_an_tuong_voi_duong_dua_vpop,57,2101.056
vovlive_chat_voi_nguoi_noi_tieng_chat_voi_ca_si_thanh_cuong_hat_len_nhung_thanh_am_tuyet_voi_cua_cuoc_song,9,1676.448
vovlive_chat_voi_nguoi_noi_tieng_chat_voi_dao_dien_nguyen_quang_dung_va_dien_vien_hong_anh_ve_thanh_cong_cua_bo_phim_tiec_trang_mau,23,1280.04
vovlive_chat_voi_nguoi_noi_tieng_chat_voi_hoang_tu_nhac_buon_ca_si_vu_duy_khanh_tim_thay_yeu_thuong_trong_mua_dich_covid19,4,1860.048
vovlive_chat_voi_nguoi_noi_tieng_chat_voi_nhac_si_han_vu_linh_va_mua_dong_tran_noi_nho_trong_am_nhac,6,1710.048
vovlive_chat_voi_nguoi_noi_tieng_dang_thuat_va_le_thanh_phong_hai_nghe_si_o_hai_the_he_nhung_deu_chung_mot_cam_xuc_dong_day_bai_ca_ve_bac,33,1620.48
vovlive_chat_voi_nguoi_noi_tieng_dien-vien-ca-si-duy-khoa-tro-lai-man-anh-hay-de-moi-thu-la-duyen,34,1816.248
vovlive_chat_voi_nguoi_noi_tieng_dien-vien-lan-phuong-thim-anh-trong-phim-bo-gia-nghe-si-da-tai-tren-man-anh-va_san_khau,12,1567.176
vovlive_chat_voi_nguoi_noi_tieng_dien-vien-nguoi-mau-minh-tiep-nhiet-huyet-trong-tung-vai-tro,49,1624.346125
vovlive_chat_voi_nguoi_noi_tieng_dien_vien_thanh_huong_bien_hoa_da_dang_trong_cac_vai_dien,18,1447.08
vovlive_chat_voi_nguoi_noi_tieng_gap-go-ca-sy-trinh-vinh-trinh-em-gai-nhac-sy-trinh-cong-son,4,1657.944
vovlive_chat_voi_nguoi_noi_tieng_gap-go-quan-quan-cuoc-thi-giong-hat-hay-ha-noi-2020-bui-duong-thai-ha,18,1672.056
vovlive_chat_voi_nguoi_noi_tieng_gap_go_ca_si_nhac_si-bang_cuong_va_nhom_gemini,78,1742.904
vovlive_chat_voi_nguoi_noi_tieng_gap_go_hoa_hau_ngoc_han_va_vo_chong_dien_vien_ca_si_ly_hai_nhung_nguoi_co_nhieu_hoat_dong_thien_nguyen,23,1464.384
vovlive_chat_voi_nguoi_noi_tieng_gap_go_hoa_mi_cua_nui_rung_tay_bac_sen_hoang_my_lam,10,1845.288
vovlive_chat_voi_nguoi_noi_tieng_hanh-trinh-toa-sang-cua-nhan-sac-viet-tai-hoa-hau-hoan-vu-the-gioi,25,1413.336
vovlive_chat_voi_nguoi_noi_tieng_khanh-phuong-tro-lai-duong-dua-am-nhac,44,1759.416
vovlive_chat_voi_nguoi_noi_tieng_le_ngoc_thuy_ca_si_trieu_view_mien_son_cuoc,16,1720.056
vovlive_chat_voi_nguoi_noi_tieng_my-linh-thay-gi-o-tuoi-19-cua-minh-va-con-gai,51,1924.536
vovlive_chat_voi_nguoi_noi_tieng_nghe-si-hai-tra-my-nuoc-mat-an-sau-tieng-cuoi,27,1645.488
vovlive_chat_voi_nguoi_noi_tieng_nghe-si-nhan-dan-le-khanh-ba-gia-tang-dong-hay-gai-gia-lam-chieu-u60,55,1926.672
vovlive_chat_voi_nguoi_noi_tieng_nghe_si_nguyen_quang_long_va_hanh_trinh_dua_hat_xam_vao_doi_song,57,2648.976
vovlive_chat_voi_nguoi_noi_tieng_nghe_si_nguyen_quang_long_voi_hanh_trinh_dua_hat_xam_vao_doi_song,38,1812.12
vovlive_chat_voi_nguoi_noi_tieng_nhac_si_duong_truong_giang_va_cau_chuyen_cua_mua_dong,29,2083.56
vovlive_chat_voi_nguoi_noi_tieng_nhac_si_nguyen_vinh_tien_quy_hoach_cuoc_doi_bat_dau_bang_tien_duyen,40,1687.44
vovlive_chat_voi_nguoi_noi_tieng_nhom_1977_vlog_con_gio_la_cua_cong_dong_youtube_viet,29,1405.512
vovlive_chat_voi_nguoi_noi_tieng_nsut-mai-hoa-nguoi-thoi-hon-vao-nhac-cach-mang-tru-tinh,21,1715.52
vovlive_chat_voi_nguoi_noi_tieng_thai_dinh_chang_ca_si_luon_kien_dinh_voi_niem_dam_me_am_nhac,25,2149.896
vovlive_chat_voi_nguoi_noi_tieng_thanh_nu_cover_huong_ly_dan_khang_dinh_chat_rieng_trong_am_nhac,18,1421.304
vovlive_chat_voi_nguoi_noi_tieng_tro-chuyen-cung-ca-sy-bang-kieu-ve-chuyen-la-bang-am-nhac,41,1767.192
vovlive_chat_voi_nguoi_noi_tieng_tro_chuyen_cung_nghe_si_uu_tu_duc_long_va_ca_si_hien_anh,26,1396.128
vovlive_chat_voi_nguoi_noi_tieng_tro_chuyen_voi_ca_si_thai_thuy_linh_va_con_gai_thai_an_de_cung_nghe_nhung_ban_song_ca_giua_hai_me_con,56,2203.728
vovlive_chat_voi_nguoi_noi_tieng_viet_tu_chang_ca_sy_dang_ham_nong_thi_truong_nhac_online_voi_nhung_ca_khuc_gop_phan_day_lui_benh_dich,2,1649.136
vovlive_doi_thoai_-hai_hoa_loi_ich_giua_nguoi_dan_va_doanh_nghiep_khi_thu_hoi_dat,54,2670.096
vovlive_doi_thoai_bao_luc_gia_dinh_va_nhung_he_luy_voi_tre_em,136,2786.256
vovlive_doi_thoai_dai_hoi_dang_bo_cac_cap_nhung_van_de_dat_ra,95,2733.576
vovlive_doi_thoai_giai_phap_nao_han_che_rac_thai_nhua_tai_viet_nam,46,2641.776
vovlive_doi_thoai_lua_chon_sach_giao_khoa_moi_can_dan_chu_va_hieu_qua,40,2661.0
vovlive_doi_thoai_sua_doi_luat_dat_dai_2013_nhung_yeu_cau_dat_ra,59,2585.688
vovlive_doi_thoai_tang_cuong_vai_tro_giam_sat_cua_nguoi_dan_trong_quan_ly_su_dung_dat_dai,41,2563.392
vovlive_doi_thoai_tuyen_sinh_dai_hoc_2020_lua_suc_khi_cho_nganh_de_phu_hop_nhu_cau_xa_hoi_va_so_thich,51,2715.048
vovlive_doi_thoai_xay_dung_chien_luoc_quan_ly_dat_dai_dai_han,42,2660.856
vovlive_doithoai_an_sinh_xa_hoi_hieu_qua_tu_nhung_chinh_sach_sat_thuc_tien,20,2649.864
vovlive_doithoai_bac_si_tre_ve_vung_kho_khan_va_cau_chuyen_dao_tao_y_khoa_hien_nay,30,2690.088
vovlive_doithoai_bai_toan_an_ninh_nguon_nuoc_o_dong_bang_song_cuu_long(1),17,2640.984
vovlive_doithoai_ban_ve_cau_chuyen_tiem_phong_vacxin_covid19_o_viet_nam,28,2542.272
vovlive_doithoai_bao_luc_doi_voi_phu_nu_va_tre_em_trong_gia_dinh_trong_dai_dich_covid_19_im_lang_hay_len_tieng,264,2676.696
vovlive_doithoai_bao_ve_va_phat_trien_nguon_loi_thuy_san_theo_luat_thuy_san_2017,83,2656.776
vovlive_doithoai_cai_cach_hanh_chinh_va_nhung_tin_hieu_vui_trong_nam_2021,74,2742.384
vovlive_doithoai_cai_cach_thu_tuc_hanh_chinh_2016_2021,55,2599.08
vovlive_doithoai_can_bo_dai_hoi13_cua_dang_cai_goc_cua_moi_cong_viec_theo_tu_tuong_ho_chi_minh,53,2613.936
vovlive_doithoai_can_hoan_thien_cac_quy_dinh_cua_phap_luat_ve_quyen_su_dung_dat,111,2677.128
vovlive_doithoai_can_lam_gi_de_tranh_tinh_trang_tham_nhung_truc_loi_chinh_sach_ve_dat_dai,30,2607.768
vovlive_doithoai_chat_thai_nhua_dung_mot_lan_can_cuoc_cach_mang_de_loai_bo,97,2633.616
vovlive_doithoai_chat_van_va_tra_loi_chat_van,109,2772.12
vovlive_doithoai_chung_tay_de_nan_nhan_da_cam_duoc_tiep_can_dich_vu_y_te_tot_hon,25,2764.968
vovlive_doithoai_co_che_phap_ly_nao_cho_loai_hinh_bat_dong_san_condotel,81,2745.552
vovlive_doithoai_co_hoi_de_rac_thai_la_tai_nguyen(1),49,2496.552
vovlive_doithoai_cong_nhan_vien_chuc_lao_dong_xung_kich_tren_mat_tran_phat_trien_kinh_te_xa_hoi,64,2684.952
vovlive_doithoai_covid19_va_giai_phap_cua_nganh_thuy_san,58,2748.12
vovlive_doithoai_cung_chung_tay_phong_chong_mua_ban_nguoi,22,2682.504
vovlive_doithoai_dai_duong_cuoc_song_va_sinh_ke,30,2632.44
vovlive_doithoai_dam_bao_an_toan_cho_cong_nhanh_lao_dong_quay_tro_lai_lam_viec,56,2577.408
vovlive_doithoai_dang_ky_bao_ho_chi_dan_dia_ly,77,2715.432
vovlive_doithoai_dau_an_thang_chu_tich_hoi_dong_bao_an_lien_hop_quoc,36,2601.984
vovlive_doithoai_day_manh_chuoi_lien_ket_san_xuat_tao_buoc_dot_pha_cho_nong_san_chat_luong_cao,49,2677.032
vovlive_doithoai_day_manh_thuc_hien_cap_ma_so_co_so_vung_nuoi_trong_thuy_san_chu_luc,58,2565.6
vovlive_doithoai_de_niem_tin_chien_thang_lan_toa,37,2614.032
vovlive_doithoai_doi_moi_sang_tao_de_phat_trien_kinh_te_bien_ben_vung,63,2608.2
vovlive_doithoai_doi_ngoai_viet_nam_2020_vuon_tam_va_toa_sang,78,2787.6
vovlive_doithoai_dua_bac_sy_tre_tinh_nguyen_ve_co_so,28,2600.04
vovlive_doithoai_gia_dat_va_dinh_gia_dat_nut_that_boi_thuong_trong_giai_phong_mat_bang,20,2649.12
vovlive_doithoai_gia_dat_va_nhung_van_de_dat_ra_tu_thuc_tien,19,2604.984
vovlive_doithoai_giai_phap_chuoi_cung_ung_thuy_san_viet_nam_duoi_tac_dong-cua_covid19,48,2580.984
vovlive_doithoai_giai_phap_de_dat_duoc_muc_tieu_tiet_kiem_dien,36,2684.832
vovlive_doithoai_giai_phap_nang_cao_chi_so_tiep_can_dat_dai(3),24,2701.152
vovlive_doithoai_giai_phap_nao_giup_dbscl_ung_pho_voi_han_man_xam_nhap,11,2665.92
vovlive_doithoai_giai_phap_thu_hut_doanh_nghiep_dau_tu_de_tai_co_cau_nganh_nong_nghiep,7,2670.288
vovlive_doithoai_goi_an_sinh_xa_hoi_de_khong_bi_lac_duong(1),65,2736.192
vovlive_doithoai_hoan_thien_the_che_kinh_te_theo_huong_kien_tao_phat_trien,29,2567.928
vovlive_doithoai_hop_tac-xa_nong_nghiep_vuot_kho_va_phat_trien_trong_boi_canh_dai_dich_covid19,51,2643.168
vovlive_doithoai_ket_noi_lien_thong_12000_tram_y_te_co_so,100,2632.488
vovlive_doithoai_khoi_nghiep,62,2672.4
vovlive_doithoai_kich_ban_nao_trong_nam_hoc_moi_trong_dieu_kien_dich_benh,47,2755.488
vovlive_doithoai_kich_cau_du_lich_noi_dia,37,2533.704
vovlive_doithoai_lam_gi_de_bau_cho_duoc_nhung_nguoi_du_tam_tai_tham_gia_cap_uy_cac_cap,14,2632.536
vovlive_doithoai_loai_bo_benh_ly_di_truyen_vi_mot_giong_noi_khoe_manh,66,2782.8
vovlive_doithoai_nang_cao_vai_tro_kiem_toan_nha_nuoc_trong_phong_chong_tham_nhung,87,2683.68
vovlive_doithoai_nganh_giao_duc_vao_dao_tao_mot_nam_nhin_lai,16,2639.256
vovlive_doithoai_nguoi_chuyen_gioi,15,1396.368
vovlive_doithoai_nguon_nhan_luc_ky_nang_nghe_cao,77,2600.04
vovlive_doithoai_nhan_dan_la_chu_the_trung_tam,31,2581.08
vovlive_doithoai_nhin_lai_nhung_ngay_ung_pho_voi_dich_benh_lan_thu_4,59,2631.672
vovlive_doithoai_nhung_van_de_dat_ra_trong_cong_tac_dan_so,66,2687.088
vovlive_doithoai_no_luc_bao_phu_bao_hiem_xa_hoi_trong_boi_canh_tac_dong_covid19,46,2538.024
vovlive_doithoai_o_nhiem_lang_nghe_thuc_trang_va_giai_phap,27,2674.632
vovlive_doithoai_phat_huy_vai_tro_cua_doi_ngu_tri_thuc_khi_viet_nam_buoc_vao_cach_mang_cong_nghiep_4,46,2612.664
vovlive_doithoai_phat_trien_ben_vung_dien_mat_troi,71,2548.584
vovlive_doithoai_phuc_hoi_du_lich_sapa_sau_anh_huong_dich_covid_19,13,2602.896
vovlive_doithoai_phuc_hoi_he_sinh_thai,78,2713.176
vovlive_doithoai_quan_ly_dat_dai_sau_co_phan_hoa_tranh_lam_that_thu_ngan_sach,20,2670.576
vovlive_doithoai_quan_ly_tau_ca_ra_vao_cang,78,2625.36
vovlive_doithoai_quoc_hoi_khoa_15_ke_thua_va_phat_huy,46,2692.152
vovlive_doithoai_rac_thai_nhua_hiem_hoa_cua_moi_truong_va_suc_khoe_cong_dong,24,2638.152
vovlive_doithoai_sua_doi_luat_bao_ve_moi_truong_nam_2014_dap_ung_yeu_cau_tu_thuc_tien,57,2527.44
vovlive_doithoai_sua_doi_luat_dat_dai_2013_nhung_yeu_cau_dat_ra_tu_thuc_tien,32,2665.68
vovlive_doithoai_sua_doi_luat_phong_chong_bao_luc_gia_dinh_2007,68,2741.112
vovlive_doithoai_tang_cuong_quyen_tiep_can_dat_dai_cho_dong_bao_dan_toc_thieu_so,36,2553.48
vovlive_doithoai_thanh_hoa_thu_hut_dau_tu(1),23,2577.432
vovlive_doithoai_the_gioi_day_bien_dong_trong_nam_2020,7,2833.584
vovlive_doithoai_thi_dua_khong_phai_la_ganh_dua,121,3457.8
vovlive_doithoai_thi_hanh_an_hanh_chinh_nhung_bat_cap_tu_quy_dinh_va_trach_nhiem_cua_cac_co_quan_lien_quan,15,2727.672
vovlive_doithoai_thu_hoi_tai_san_tham_nhung,36,2590.152
vovlive_doithoai_thuong_mai_hoa_cac_ket_qua_nghien_cuu,58,2578.56
vovlive_doithoai_tich_tu_dat_nong_nghiep_de_san_xuat_lon_doi_hoi_tu_thuc_tien,89,2599.104
vovlive_doithoai_trach_nhiem_cua_cu_tri_voi_la_phieu,66,2694.072
vovlive_doithoai_trach_nhiem_voi_la_phieu_bau(1),72,2669.76
vovlive_doithoai_xam_hai_bao_hanh_tinh_than_doi_voi_tre_em_goc_khuat_va_giai_phap_phong_ngua,70,2587.368
vovlive_doithoai_xay_dung_va_hoan_thien_nha_nuoc_phap_quyen_xa_hoi_chu_nghia_vn_cua_nhan_dan_do_nhan_dan_va_vi_nhan_dan_do_dang_lanh_dao,46,2715.528
vovlive_nang_cao_hieu_qua_quan_ly_quy_ngoai_ngan_sach,34,2565.144
vovlive_tro_chuyen_voi_nguoi_noi_tieng_ca-sy-hong-nhung-ke-chuyen-tiem-vaccine-ngua-covid-19-nanocovax-cua-viet-nam-san_xuat,25,1566.096
vovlive_tro_chuyen_voi_nguoi_noi_tieng_nsnd-tu-long-tu-anh-tho-moc-den-danh-hai-duoc-cong-chung-yeu-men,23,1702.55675
w13iivylxymq95g9k14qiczjijyg,178,3356.342875
w4Is4j8YSZ8,41,2189.456
wAR_wr-CHyQ,10,1807.975375
wB3gWJcqnFY,8,1754.0121875
wVnGks5rhdk,133,4969.9294375
wZprowKfWEk,1,1328.135
wc6RNDynw6Q,79,1958.97475
whXYjkEGaHg,19,2036.900875
wlIoFdjH-ek,66,3641.77125
wlNQSLhvSUI,22,1163.11075
wqrEbxl3U2E,178,3914.7683125
wwnxWUCiIDs,9,2900.66
wzxnfm9536wyfflqxr3xhdhnpdnz,49,1863.862875
x37bp17kgo96jxqg7hne35n8q3gd,31,1429.107
xCTeh9tO71M,110,834.293
xJE7BpaLnqg,14,2499.9764375
xJxhyT6dBcg,332,2685.318125
xQJhXI1sQqI,12,2202.691375
xRrt4f9pz0g,37,2697.6195625
xgRtGWDfvhM,11,3631.0436875
xlqJZ-VnsgE,132,2638.46025
xmxnGEk46FI,29,2965.861625
xtzscvx5w2kdafnq8rr7xr3usifu,170,2445.2179375
y0MB-FsEsX4,15,1780.157875
yC0-Bgk9ej8,62,3055.4441875
yL2q8i0XL7w,35,1632.9846875
yNod7rM_JOk,11,2131.011375
yRB94LUVm8U,127,1570.9693125
yRsg6SU44Xs,21,1080.6891875
ycUUD3lQSkc,30,2594.22625
yi569lca5fehexuc7dwow55yklbo,32,1317.250625
yubYNyBHBJ8,21,2649.07175
z2wi5DKTB-8,31,2339.9909375
z4oe9L4lW5g,3,1780.454625
z5R_r2GawUI,12,3993.8155
z964lssck2nzeve5iv7exo75hi72,12,952.6335
zC3LRqNeWic,66,2647.8875625
zEZHyW9MUVs,10,1774.0974375
zM9bQz6Iw4Y,51,2563.8545625
zMMvL9mrDBE,96,3528.9919375
zMe-KFpLZSI,107,2657.686375
zQAexxLJG6Y,17,1923.5875
za7sfo07o4jwxtshtl9v120lh51c,38,1404.9436875
zbkrqnhac1a5dhuy26vnb2j9b8d5,54,1157.0416875
zbwykudpwodx9tg20yadmp7wbdj7,298,2466.5078125
ze8spwmci6gu3vts6porjijp1bok,25,1495.8985625
zpXDluGqSZQ,36,1497.0601875
ztCvhvLQZi4,5,1759.3295625
zvf4pocbp18rp0f6rx4dl6rb0fto,29,1224.4636875
-BZnvbSBGJk,116,4511.335375
-CuK-Kc1OvQ,47,6075.524375
02G2Zil1110,88,6713.887375
0KJvhKfj1XA,176,5878.665625
18kuv-DS0uE,130,5568.957875
1L8gvjmIVHY,140,5238.3056875
1_rHysRFDaU,27,6313.0876875
1yY-vQm5pb8,112,4680.4230625
3H85a-p7g0M,92,6311.34625
3Iz95THTiF0,88,7268.1709375
3djK2MXV4c4,87,5423.53125
4059cNXSN1s,27,4824.131375
4RDf0jRTOOk,49,5492.68025
4ccl0buc1hA,192,5386.5186875
4q5Li4SDZIs,54,7114.12975
50-raJKV-8w,155,5070.8898125
5Bssoo7ZNwY,121,6357.11275
65Y9QXX7VAw,52,5152.11325
7ewSkHVKxh8,110,5597.2861875
9Fv2gkED1sA,63,5312.3309375
9c9aBQ-TNW8,162,6417.22925
9nwSPavGNd4,68,5309.3355625
9sXkmUMI5Nc,7,5670.7076875
A6dhvXQ5wzc,37,4649.19225
ATWJE2t2ZxA,20,6594.3278125
B9J5dntiQW8,9,1015.965875
CINZdCSZ60A,153,5788.2935625
CVQ75v5KeMc,50,4720.106
CvZUZsdYHr8,32,4360.057375
DlTxrVxBGHE,113,6170.935125
Dqyf2yWxYuU,184,7715.2479375
Ek0zUzDx2TI,185,5318.948625
GRn81Ju885E,33,4240.5675
I1FrtySwJEo,10,827.536
IKPHfPvk1vY,54,6150.2694375
IV0LpHBlQOk,45,5403.655
KGOZRy7W_mU,15,1246.2614375
LRyUAqA8ges,36,7353.388125
MNrvcAv8iXE,61,5321.8975625
MVVaacBeoLE,97,5582.100375
Ms2_qucXLDA,118,6380.6578125
NR5eJw9DEMQ,83,7612.871125
PD0HRCwoe9M,18,1016.8483125
PxNDh97OWBw,72,5254.420375
QiVjw725IHU,65,6162.4830625
RgxHei92DUs,128,5418.2139375
SPMTm9pClfg,74,6344.666875
UciFBPnFaWk,140,7250.0129375
UiF2KTypTWU,82,5132.3530625
Ul7F--sQhiU,66,7114.2225625
VUlfZ1yITiY,77,8217.6580625
VpkdoQeqHUU,5,868.9371875
WM2TZRBBl_8,39,5555.815375
XHnVRPJYJzE,129,6372.9255625
XZGE26kIUSQ,71,6937.240125
YlcHgA0jSXg,109,4444.0439375
Z3d9Lfipdac,30,3597.932
ZA8FdO5xDu4,66,6254.852125
as6oO1cela0,50,5328.09725
boy_qBjlJnc,76,5935.36875
buo4djikAzg,48,5390.0016875
crq8rprRyHI,24,4900.2231875
doDU9vg-zfM,63,7618.095625
dvTXXJcVg2w,58,6378.2196875
fnu9gAtMCms,63,4636.885625
gXFC8yPf-PA,95,5134.0945625
giOB26gpHp4,41,7862.8571875
gvVlTOOBEj8,43,7022.1090625
hK3Wsa0c5XM,95,6395.4256875
hPgr9jFJT1Q,15,795.956875
ino3aEgbNkY,128,3984.1263125
jutzmrzWVgc,10,3934.226625
koNoeblivbI,312,5690.073125
lTRGpazRzQM,25,4276.11725
lURu_GLXRX4,6,706.769
m7sE-FBagTY,12,5430.0560625
mub2UE5wPSY,165,5137.22925
n6X70dj5Xps,13,4435.0578125
nTS8BLmbVYU,212,7485.25425
ozdUUAdlDnQ,93,6213.567
pFKpXYQ7vB0,40,7268.7514375
qZYmbb2PRs0,180,6457.330125
rP_gPvPlopg,223,5870.07425
rfGKVfx5f_A,82,6977.619625
s2UtQ5C6ICI,6,1452.176
sbt2fVVSMek,61,6070.3695625
sncGoKjwMTo,58,4332.2630625
tP6dmTo_Q7g,62,5512.5798125
tXdc5G0zaHQ,97,6676.6658125
ugcnLACgnZU,205,6043.062875
vRz6knr2src,13,1250.580375
wEExJ49feps,36,5185.039125
xUtLgSEiFh0,50,4626.576
xcwJEbv0a2I,56,6038.9529375
yESjrnCl7vQ,22,6255.6648125
yOB-jqBenao,60,4890.0528125
yf1iVgpkNpQ,72,7692.6549375
zqj60QHrXh0,52,5661.21075
